Year,Day,Hour,Solar_Wm2,Rain_mm,Wind_ms.1,Tair_C,D_kPa
2023,201,00,0.0,6.57,1.01,36.498,4.600884120111354
2023,201,01,0.0,0.25,0.5,34.624,4.072462328801913
2023,201,02,0.0,0.25,0.0,30.874,3.12844105406573
2023,201,03,0.0,0.25,0.0,30.925,3.0838424812854175
2023,201,04,0.0,0.25,0.0,30.293,2.8535734042863923
2023,201,05,0.0,0.25,0.0,29.065,2.6347460474147892
2023,201,06,10.393873085339168,6.57,0.0,30.976,2.9267328782483455
2023,201,07,82.60393873085339,0.25,1.01,33.6,3.633345794804994
2023,201,08,167.94310722100656,0.25,1.01,36.173,4.327633816736644
2023,201,09,254.92341356673958,0.25,0.5,38.032,5.001315713027809
2023,201,10,320.02188183807436,0.25,0.2312,39.03725,5.730135953327975
2023,201,11,372.53829321663017,0.25,1.828333,40.40611,6.347437011536126
2023,201,12,400.43763676148797,6.57,2.153666,41.97869,7.042230580409834
2023,201,13,399.890590809628,0.25,2.295,43.5169,7.875806224410804
2023,201,14,370.35010940919034,0.0,2.767,44.13353,8.235020451318546
2023,201,15,321.66301969365423,0.25,2.249667,45.17933,8.878439493936966
2023,201,16,252.73522975929976,0.25,2.873667,45.48877,8.876133870760226
2023,201,17,172.3194748358862,0.25,3.063,44.75468,8.512673300877175
2023,201,18,91.90371991247264,6.32,2.479,44.60335,8.50389409772137
2023,201,19,22.97592997811816,0.25,2.535,43.74277,8.119629425081962
2023,201,20,0.0,0.25,1.860333,42.24297,7.45280383620758
2023,201,21,0.0,0.0,1.593667,41.45467,7.100052692158769
2023,201,22,0.0,0.25,1.404333,40.26011,6.722899528656654
2023,201,23,0.0,0.25,1.556333,38.85417,6.1817319855066355
2023,202,00,0.0,6.57,1.815,38.00733,5.84715521479458
2023,202,01,0.0,0.0,1.836333,37.31024,5.646171983630371
2023,202,02,0.0,0.0,1.1005,35.25548,4.837937362011413
2023,202,03,0.0,0.25,1.897667,34.86488,4.79735309519235
2023,202,04,0.0,0.25,0.0,31.45895,3.613701019265492
2023,202,05,0.0,0.25,0.5802,30.22763,3.223428186256028
2023,202,06,8.752735229759299,6.57,3.105667,32.11431,3.144065817120415
2023,202,07,73.30415754923413,0.0,2.193667,31.85673,2.8868242708799334
2023,202,08,161.37855579868707,0.25,2.345666,32.59948,3.0603623301627234
2023,202,09,245.0765864332604,0.25,2.689667,33.88557,3.471903106338204
2023,202,10,309.6280087527352,0.0,1.783,35.24817,3.913443735760561
2023,202,11,365.4266958424507,0.25,1.145667,37.60645,4.841154996768
2023,202,12,391.1378555798687,6.57,1.647,39.29305,5.673815764209655
2023,202,13,418.4901531728665,0.25,2.417667,40.9713,6.366065996253616
2023,202,14,347.92122538293216,0.25,3.116333,41.92674,6.765088432632667
2023,202,15,319.4748358862144,0.25,3.135,42.55241,7.2257762649881645
2023,202,16,250.54704595185993,0.25,2.639,43.14915,7.51067128998632
2023,202,17,155.9080962800875,0.0,2.495,43.8737,7.905456962927443
2023,202,18,86.98030634573304,6.57,2.455,43.61243,7.981256708933091
2023,202,19,18.052516411378555,0.25,2.089667,42.73539,7.41833845254216
2023,202,20,0.0,0.0,0.7502334,41.55358,6.981675825399046
2023,202,21,0.0,0.25,0.9906999,38.32179,5.353866899650035
2023,202,22,0.0,0.25,1.2114,38.29118,5.4648389892056235
2023,202,23,0.0,0.25,5.551,37.17715,5.032559962490779
2023,203,00,0.0,6.57,2.058767,36.9203,4.994349210339587
2023,203,01,0.0,0.25,1.034933,35.95197,4.604589568403205
2023,203,02,0.0,0.0,2.375,35.12428,4.314796889511661
2023,203,03,0.0,0.25,0.0,33.56359,3.7650920724691876
2023,203,04,0.0,0.25,0.0,33.18528,3.6889948159715478
2023,203,05,0.0,0.25,0.0,32.22051,3.381217609489015
2023,203,06,7.11159737417943,6.57,0.3654667,32.41935,3.4338950933947197
2023,203,07,72.75711159737418,0.0,0.3701667,33.31637,3.5916298605016856
2023,203,08,181.61925601750545,0.25,0.4090666,36.02747,4.489866497758217
2023,203,09,203.5010940919037,0.25,0.6399667,37.72099,5.174724276245415
2023,203,10,288.2932166301969,0.0,0.4401333,39.31585,5.758274385888105
2023,203,11,387.308533916849,0.25,1.713667,40.91942,6.5593513358540125
2023,203,12,380.7439824945295,6.32,0.5877333,41.16417,6.6163037790487245
2023,203,13,413.0196936542669,0.25,1.391633,42.55567,7.2356999562282995
2023,203,14,375.27352297592995,0.25,2.060333,43.50109,7.760843359792039
2023,203,15,304.70459518599563,0.25,1.413133,43.75407,7.8972588532769645
2023,203,16,247.26477024070022,0.25,2.665666,44.7725,8.37553605149467
2023,203,17,171.2253829321663,0.25,2.519,44.61694,8.341730862693806
2023,203,18,94.63894967177242,6.57,2.311,43.88507,8.00694689031174
2023,203,19,32.27571115973742,0.25,1.335,43.09686,7.624946904049854
2023,203,20,0.0,0.25,1.708333,41.27249,6.832812862142319
2023,203,21,0.0,0.0,1.625667,40.86066,6.6559224694668355
2023,203,22,0.0,0.25,0.6409,39.85554,6.202974698246658
2023,203,23,0.0,0.25,3.193667,36.77354,4.730015840800024
2023,204,00,0.0,6.32,3.940333,33.17683,3.4674732192672915
2023,204,01,0.0,0.25,2.316333,31.65544,2.9397978962222164
2023,204,02,0.0,0.25,1.703,31.81832,3.05844878374133
2023,204,03,0.0,0.25,1.251867,31.84092,3.103594198667559
2023,204,04,0.0,0.0,0.1278333,31.48617,3.0082755824598157
2023,204,05,0.0,0.0,0.2434333,30.97327,2.860930456286026
2023,204,06,9.299781181619256,6.32,0.0,30.18922,2.629466606962863
2023,204,07,71.1159737417943,0.25,0.0,32.56622,3.2339091573369756
2023,204,08,100.10940919037199,0.25,0.9878666,33.66879,3.56087320766479
2023,204,09,225.9299781181619,0.25,1.247,35.75719,4.3056949077906275
2023,204,10,333.15098468271333,0.0,1.215,36.57027,4.523607815439653
2023,204,11,369.2560175054704,0.25,1.615,38.10953,5.227287112936627
2023,204,12,160.83150984682712,6.83,1.174533,38.17046,5.282164203339609
2023,204,13,390.0437636761488,0.25,2.185667,40.20126,6.13138193300629
2023,204,14,353.9387308533917,0.25,2.193667,40.78608,6.432105200115925
2023,204,15,308.53391684901527,0.51,1.791,41.45925,6.736099811143347
2023,204,16,234.13566739606125,0.25,1.3441,41.51565,6.7299093638783685
2023,204,17,163.5667396061269,0.25,1.347867,41.70552,6.831057099801995
2023,204,18,80.96280087527352,6.57,2.073667,41.44337,6.6967261695938785
2023,204,19,19.14660831509847,0.0,1.170767,40.56924,6.336459825019485
2023,204,20,0.0,0.25,2.228333,39.48326,5.913027868964753
2023,204,21,0.0,0.0,1.919,38.62019,5.574411319513964
2023,204,22,0.0,0.25,1.897667,38.02283,5.4103768025839685
2023,204,23,0.0,0.0,1.831,37.31332,5.081235361189876
2023,205,00,0.0,6.57,1.569667,36.40103,4.725087038264627
2023,205,01,0.0,0.25,0.1832,35.65631,4.445924251560214
2023,205,02,0.0,0.0,0.1587333,33.94537,3.8343308141212202
2023,205,03,0.0,0.0,0.0,32.33801,3.2699310459186615
2023,205,04,0.0,0.0,0.1709667,32.42161,3.3254564940539195
2023,205,05,0.0,0.25,0.0,32.13239,3.3176422426723406
2023,205,06,7.11159737417943,6.57,0.0,31.70535,3.1512083281137606
2023,205,07,74.39824945295405,0.25,0.8249,33.65981,3.72124353916384
2023,205,08,168.4901531728665,0.25,1.180333,35.41286,4.306220800034065
2023,205,09,248.35886214442013,0.0,0.5764333,37.20166,4.865469250473407
2023,205,10,315.6455142231947,0.0,1.207633,37.68935,5.045024154383671
2023,205,11,367.0678336980306,0.25,1.732333,39.13122,5.5984087381261265
2023,205,12,393.3260393873085,6.32,1.346767,40.43063,6.166160616334717
2023,205,13,387.308533916849,0.25,1.403867,42.0329,6.896565106773449
2023,205,14,361.0503282275711,0.25,0.9207333,42.72633,7.291686871705135
2023,205,15,322.2100656455142,0.25,1.913667,43.62305,7.703627492013597
2023,205,16,258.20568927789935,0.25,0.8382333,42.96806,7.393898822871835
2023,205,17,166.84901531728664,0.0,2.121667,43.82639,7.8306802289995305
2023,205,18,22.428884026258203,6.57,1.455,42.19779,7.10995994017193
2023,205,19,11.48796498905908,0.25,3.647,39.67791,5.848239779125923
2023,205,20,0.0,0.0,3.265667,38.94353,5.712006096591425
2023,205,21,0.0,0.25,1.849667,38.85775,5.717713693889068
2023,205,22,0.0,0.25,1.201667,38.53541,5.651176042900902
2023,205,23,0.0,0.25,0.0,37.62996,5.29776241879461
2023,206,00,0.0,6.57,0.0,35.69482,4.5835852484922555
2023,206,01,0.0,0.0,1.191,34.77562,4.259104291604946
2023,206,02,0.0,0.25,0.9783,34.06855,3.98015285953671
2023,206,03,0.0,0.0,1.348333,33.36382,3.6956684490992076
2023,206,04,0.0,0.25,0.5573,32.14143,3.2687334839421287
2023,206,05,0.0,0.25,1.183,31.91322,3.2223307487690898
2023,206,06,8.752735229759299,6.57,0.8614333,31.26022,3.0132961498196855
2023,206,07,79.32166301969364,0.25,1.447,33.07912,3.527729555850548
2023,206,08,166.3019693654267,0.25,0.9867666,34.84526,4.041223231782918
2023,206,09,248.90590809628006,0.25,0.7229334,36.52399,4.620729148166899
2023,206,10,321.1159737417943,0.25,1.372333,38.33313,5.3531345449389836
2023,206,11,369.8030634573304,0.25,0.8040333,40.47663,6.2285971032494
2023,206,12,398.24945295404814,6.57,2.273667,41.66925,6.7744725515131226
2023,206,13,391.1378555798687,0.0,2.457667,42.85283,7.311346361599344
2023,206,14,365.9737417943107,0.0,1.273667,43.44913,7.633427671250129
2023,206,15,315.09846827133475,0.0,3.204333,44.42491,8.165780818435053
2023,206,16,246.1706783369803,0.25,2.039,44.4362,8.183638523222436
2023,206,17,169.58424507658643,0.25,1.873667,44.84504,8.465246572610893
2023,206,18,88.62144420131291,6.57,2.129667,44.31581,8.170713459192287
2023,206,19,25.71115973741794,0.25,2.004333,43.58532,7.888207833708243
2023,206,20,0.0,0.25,1.980333,42.36499,7.273721861319101
2023,206,21,0.0,0.0,1.817667,41.53223,6.920745376614222
2023,206,22,0.0,0.0,2.263,40.69918,6.581465576605623
2023,206,23,0.0,0.0,2.423,39.80951,6.181195378975802
2023,207,00,0.0,6.57,2.444333,38.78339,5.777079187108261
2023,207,01,0.0,0.0,2.513667,37.69836,5.3652682694534
2023,207,02,0.0,0.0,1.481667,36.6044,4.964987532621406
2023,207,03,0.0,0.25,1.777667,36.71379,5.024966284799888
2023,207,04,0.0,0.25,0.0,33.87327,3.982852533604326
2023,207,05,0.0,0.0,0.389,33.11979,3.735009205250875
2023,207,06,7.658643326039387,6.57,0.4021667,32.78991,3.659260622832697
2023,207,07,77.13347921225382,0.0,1.345667,34.28344,4.109487452829757
2023,207,08,160.28446389496716,0.0,1.633667,35.60695,4.4545543057185
2023,207,09,242.88840262582056,0.0,1.828333,36.98588,4.940305356568529
2023,207,10,315.6455142231947,0.25,0.9480333,38.61115,5.549983062185475
2023,207,11,364.87964989059077,0.25,1.836333,40.85836,6.49899437410622
2023,207,12,390.0437636761488,6.32,2.012333,42.7177,7.3161257456790265
2023,207,13,392.77899343544857,0.0,2.927,43.1221,7.4632106288233615
2023,207,14,363.78555798687086,0.0,3.337667,44.23066,7.939874709784972
2023,207,15,315.6455142231947,0.25,3.225667,44.23517,8.002652804054748
2023,207,16,246.71772428884026,0.25,3.076333,44.92183,8.315951363519893
2023,207,17,167.3960612691466,0.0,2.961667,44.80225,8.341548950134618
2023,207,18,86.43326039387308,6.32,3.444333,44.08777,7.992777039327773
2023,207,19,20.787746170678336,0.25,2.596333,43.13803,7.585865378965218
2023,207,20,0.0,0.25,2.300333,41.8431,6.868311924634345
2023,207,21,0.0,0.0,1.879,41.23882,6.539500739661587
2023,207,22,0.0,0.25,3.913666,37.55269,4.843212951008914
2023,207,23,0.0,0.0,1.4343,25.53395,0.9687934756249876
2023,208,00,0.0,6.32,2.092333,29.28571,2.0287460385883778
2023,208,01,0.0,0.0,1.0947,29.23123,2.0216490964082627
2023,208,02,0.0,0.0,0.0,30.47169,2.5185141945031604
2023,208,03,0.0,0.0,1.876333,31.71215,2.9313856896990282
2023,208,04,0.0,0.25,1.601667,29.88873,2.224816643297528
2023,208,05,0.0,0.0,0.4457667,29.55659,2.1883207761062673
2023,208,06,4.9234135667396055,6.57,0.0,28.95782,1.8895991410530255
2023,208,07,53.61050328227571,0.0,1.182533,30.53947,2.2998671040654095
2023,208,08,160.83150984682712,0.25,1.601667,32.57528,2.98826284009486
2023,208,09,166.84901531728664,0.0,2.044333,33.682,3.5225873913329004
2023,208,10,321.1159737417943,0.25,1.1041,36.06108,4.2412616878389064
2023,208,11,365.9737417943107,0.0,1.225667,38.1027,5.025999566596345
2023,208,12,391.68490153172866,6.32,1.919,39.18689,5.65507824255951
2023,208,13,395.51422319474835,0.0,1.6812,40.85384,6.34904948687207
2023,208,14,190.37199124726476,0.0,1.098767,40.83811,6.424262690416292
2023,208,15,234.13566739606125,0.25,2.556333,41.96547,6.929253375593947
2023,208,16,236.32385120350108,0.0,2.191,42.8513,7.3855306930642355
2023,208,17,167.3960612691466,0.25,2.812333,43.14439,7.561991853638035
2023,208,18,88.62144420131291,6.32,2.172333,42.92901,7.397524716756408
2023,208,19,14.22319474835886,0.0,2.684333,41.53147,6.798243614614897
2023,208,20,0.0,0.0,1.508333,40.38776,6.280720503311058
2023,208,21,0.0,0.0,2.388333,39.59313,5.757083478148678
2023,208,22,0.0,0.25,2.001667,38.65283,5.311069632134975
2023,208,23,0.0,0.0,0.2534667,36.78743,4.547488146008329
2023,209,00,0.0,6.32,0.8670999,35.94606,4.192018881058244
2023,209,01,0.0,0.0,0.0,34.61813,3.6789885681688217
2023,209,02,0.0,0.0,1.625666,34.05504,3.456156832282083
2023,209,03,0.0,0.0,0.0,33.16272,3.264497589352463
2023,209,04,0.0,0.25,0.0,32.33575,2.834470503724166
2023,209,05,0.0,0.0,0.0,31.66467,2.8341692737492648
2023,209,06,7.658643326039387,6.32,0.0,31.7189,2.793381393286202
2023,209,07,65.0984682713348,0.25,0.2423333,33.78861,3.4763868070972213
2023,209,08,98.46827133479212,0.0,1.1041,34.97498,3.8721003999222585
2023,209,09,79.8687089715536,0.0,1.513667,35.54458,4.180289676008115
2023,209,10,71.66301969365426,0.0,0.4059333,35.94653,4.216580015924307
2023,209,11,351.75054704595186,0.0,1.801667,36.95711,4.568554618642921
2023,209,12,385.66739606126913,6.32,1.150533,38.61769,5.220432813757267
2023,209,13,385.66739606126913,0.25,1.721667,40.91935,6.151158972366513
2023,209,14,350.109409190372,0.0,0.4545667,42.14376,6.711698234203705
2023,209,15,304.70459518599563,0.0,2.380333,42.98681,7.227894334172601
2023,209,16,240.70021881838073,0.0,2.007,43.3362,7.459285850756892
2023,209,17,158.6433260393873,0.0,1.953667,43.15066,7.39254720183304
2023,209,18,87.527352297593,6.32,2.540333,43.15098,7.4792115944212245
2023,209,19,20.787746170678336,0.0,2.513667,42.14644,6.979760496172386
2023,209,20,0.0,0.0,2.617667,40.93785,6.503901001502401
2023,209,21,0.0,0.0,0.9748666,39.42342,5.834192926117832
2023,209,22,0.0,0.0,1.199633,38.40236,5.566732604479827
2023,209,23,0.0,0.0,1.628333,35.34266,4.232804088179754
2023,210,00,0.0,6.32,1.418767,34.73117,4.123379697623454
2023,210,01,0.0,0.0,0.1618667,33.87493,3.8101857200667184
2023,210,02,0.0,0.0,1.588333,34.36406,3.999666784145828
2023,210,03,0.0,0.0,0.0,33.26576,3.6400512723698215
2023,210,04,0.0,0.0,1.444333,33.67334,3.7397645861790414
2023,210,05,0.0,0.25,1.1212,33.66659,3.8078880683732277
2023,210,06,2.735229759299781,6.32,0.04046667,32.84637,3.4343418822619207
2023,210,07,39.387308533916844,0.0,0.2312,33.62892,3.6232069127489908
2023,210,08,71.1159737417943,0.0,1.436333,33.87532,3.659344810901008
2023,210,09,224.835886214442,0.0,1.240733,36.52166,4.612634741891806
2023,210,10,195.84245076586433,0.0,1.588333,36.86354,4.799488554879313
2023,210,11,396.0612691466083,0.0,1.500333,38.65627,5.3628237060975685
2023,210,12,405.3610503282275,6.32,1.004033,40.08135,5.968265792006372
2023,210,13,390.0437636761488,0.0,1.689667,40.86965,6.320534362369039
2023,210,14,363.2385120350109,0.0,2.143,41.82962,6.7283596998314925
2023,210,15,311.816192560175,0.0,3.260333,42.6248,7.1126324730721
2023,210,16,243.43544857768052,0.0,2.380333,43.23455,7.423708893584371
2023,210,17,164.66083150984682,0.0,1.881667,42.83281,7.26459468045953
2023,210,18,101.75054704595185,6.32,2.236333,43.18567,7.4540741417631375
2023,210,19,28.44638949671772,0.0,2.497667,42.25652,7.025766094696939
2023,210,20,0.0,0.0,1.916333,41.13875,6.551936361638848
2023,210,21,0.0,0.0,2.241667,40.74883,6.412496333059783
2023,210,22,0.0,0.0,0.4619333,39.48053,5.842391566825977
2023,210,23,0.0,0.0,1.204333,38.80293,5.569271177487271
2023,211,00,0.0,6.32,0.6449667,37.88002,5.186744886457674
2023,211,01,0.0,0.0,0.9494333,38.29976,5.432862508981211
2023,211,02,0.0,0.0,0.04046667,37.23193,5.042992985862648
2023,211,03,0.0,0.0,0.1171667,35.48863,4.281432580035487
2023,211,04,0.0,0.0,1.983,35.45539,4.298724113469195
2023,211,05,0.0,0.0,0.1011667,34.56608,3.887986451230277
2023,211,06,6.017505470459518,6.32,0.08093333,34.08577,3.7258329248479836
2023,211,07,36.65207877461707,0.0,1.900333,33.86566,3.6129148303270116
2023,211,08,86.43326039387308,0.0,1.777667,33.80403,3.5132701710665235
2023,211,09,177.78993435448575,0.0,2.761667,34.66816,3.807270346660706
2023,211,10,331.50984682713346,0.0,2.639,36.23647,4.283229641047334
2023,211,11,173.96061269146608,0.0,2.121667,35.93777,4.162749791685886
2023,211,12,274.617067833698,6.32,3.279,36.80402,4.614197988754529
2023,211,13,351.75054704595186,0.0,2.401666,37.93555,5.041689100729749
2023,211,14,392.2319474835886,0.0,1.823,39.40825,5.620393848133264
2023,211,15,263.1291028446389,0.0,0.7069333,40.14016,6.020824066725897
2023,211,16,251.09409190371989,0.0,2.060333,41.06672,6.473201943330394
2023,211,17,173.41356673960613,0.0,2.148333,41.86804,6.857347005955116
2023,211,18,96.82713347921225,6.32,1.479,41.47598,6.690441219680148
2023,211,19,9.299781181619256,0.0,1.052333,40.19232,6.237131240154038
2023,211,20,0.0,0.0,0.0,38.79472,5.651803397062154
2023,211,21,0.0,0.0,1.151167,37.41275,5.067308558863286
2023,211,22,0.0,0.0,1.767,36.73289,4.825156851980004
2023,211,23,0.0,0.0,3.031,33.06057,3.399621165552608
2023,212,00,0.0,6.32,1.545667,32.026,3.040998325625811
2023,212,01,0.0,0.51,0.0,26.92423,1.0763018668486306
2023,212,02,0.0,0.0,2.759,27.52752,1.4377009004890633
2023,212,03,0.0,0.0,1.884333,27.10725,1.3992526627498638
2023,212,04,0.0,0.0,0.8840333,26.87453,1.33522445983989
2023,212,05,0.0,0.0,0.6776,26.6531,1.3160509879308688
2023,212,06,7.11159737417943,6.32,1.287,26.79685,1.3919312370166377
2023,212,07,77.13347921225382,0.0,1.281667,27.73093,1.5390008590555733
2023,212,08,166.3019693654267,0.0,1.001367,29.45491,2.0070047504397435
2023,212,09,251.09409190371989,0.0,1.497667,30.93671,2.521294265961947
2023,212,10,322.75711159737415,0.0,1.196333,31.9119,2.80738053629956
2023,212,11,373.0853391684901,0.0,1.336733,33.83244,3.4194911040213336
2023,212,12,397.7024070021882,6.32,0.9703,34.569,3.6987998737746524
2023,212,13,394.9671772428884,0.0,1.777667,36.18874,4.320214856658798
2023,212,14,365.9737417943107,0.0,1.532333,36.72261,4.56585752660327
2023,212,15,312.36323851203497,0.0,1.398533,37.85198,4.978548393224743
2023,212,16,227.0240700218818,0.0,1.274767,38.30824,5.0708852616862945
2023,212,17,164.11378555798686,0.0,1.2434,38.68349,5.329830705503241
2023,212,18,65.64551422319474,6.32,1.967,38.3274,5.250402015763052
2023,212,19,18.052516411378555,0.0,2.015,38.07811,5.280618831573557
2023,212,20,0.0,0.0,2.593667,36.96852,4.986812486975788
2023,212,21,0.0,0.0,1.868333,36.29625,4.671672246392616
2023,212,22,0.0,0.0,3.588333,35.59769,4.354498002653095
2023,212,23,0.0,0.0,4.839,30.44246,2.486421567526991
2023,213,00,0.0,6.32,1.1921,31.38223,3.015791719976411
2023,213,01,0.0,0.0,2.135,28.32287,1.9373347769661113
2023,213,02,0.0,0.0,1.372333,28.78381,2.0615747103005786
2023,213,03,0.0,0.0,1.516333,27.83255,1.7130642944905232
2023,213,04,0.0,0.0,1.1521,27.47104,1.6992953408132037
2023,213,05,0.0,0.0,0.7427,27.08014,1.5940998241473594
2023,213,06,7.11159737417943,6.32,0.2327667,26.93101,1.5163154321761074
2023,213,07,79.32166301969364,0.0,0.8556333,28.82222,1.9209805555034927
2023,213,08,169.03719912472647,0.0,2.097667,30.61852,2.47833101986375
2023,213,09,253.82932166301967,0.0,1.588333,32.08973,3.1357908215010966
2023,213,10,325.49234135667393,0.0,0.6329,33.2535,3.615721952431769
2023,213,11,375.27352297592995,0.0,1.4492,35.09339,4.109033755683899
2023,213,12,399.890590809628,6.32,1.761667,36.66388,4.674766086348286
2023,213,13,397.1553610503282,0.0,1.0583,37.60126,4.966072272205151
2023,213,14,335.33916849015316,0.0,1.051867,38.33983,5.280410184435952
2023,213,15,291.57549234135666,0.0,1.595867,39.04459,5.66024331846614
2023,213,16,264.7702407002188,0.0,2.775,39.51457,5.773672209543634
2023,213,17,176.1487964989059,0.0,2.556333,39.35632,5.883860322851428
2023,213,18,86.43326039387308,6.32,1.631,39.17884,5.708154548056292
2023,213,19,15.86433260393873,0.0,1.831,38.06131,5.306003054813093
2023,213,20,0.0,0.0,1.447,37.07278,4.987111484253894
2023,213,21,0.0,0.0,0.6680333,36.55151,4.760313435098364
2023,213,22,0.0,0.0,0.0,35.41277,4.32822380281821
2023,213,23,0.0,0.0,0.6898333,34.35789,3.9817205890391696
2023,214,00,0.0,6.32,1.476333,34.92086,4.166901919118636
2023,214,01,0.0,0.0,1.671,34.35544,3.9863780058132305
2023,214,02,0.0,0.0,2.505666,33.84043,3.7746216558322305
2023,214,03,0.0,0.0,1.679,33.34215,3.57516793621995
2023,214,04,0.0,0.0,2.063,32.99234,3.5048587093027774
2023,214,05,0.0,0.0,1.857667,32.56834,3.393473403899952
2023,214,06,6.017505470459518,6.32,0.0,31.86803,3.188278073259485
2023,214,07,68.38074398249452,0.0,0.6899999,32.60463,3.3756088330203893
2023,214,08,160.28446389496716,0.0,1.051867,34.37981,3.9479960258793088
2023,214,09,232.49452954048138,0.0,1.193667,35.05898,4.084531296509702
2023,214,10,310.17505470459514,0.0,1.683867,35.78335,4.315099518514103
2023,214,11,302.5164113785558,0.0,0.7974333,37.01638,4.713824271932098
2023,214,12,398.7964989059081,6.32,0.9191666,38.07801,5.131879505860506
2023,214,13,283.91684901531727,0.0,1.385367,39.67261,5.818171192963584
2023,214,14,384.5733041575492,0.0,3.020333,39.98744,5.96527124772314
2023,214,15,305.2516411378556,0.0,2.951,40.68895,6.406346771331884
2023,214,16,235.77680525164112,0.0,3.041667,40.98085,6.591747077405982
2023,214,17,168.4901531728665,0.0,2.521667,40.83821,6.535877111564166
2023,214,18,85.88621444201313,6.32,3.236333,39.92672,6.148316413937669
2023,214,19,14.22319474835886,0.0,2.663,38.88052,5.746259400829359
2023,214,20,0.0,0.0,1.921667,38.07415,5.454395776282341
2023,214,21,0.0,0.0,0.1443,37.24584,5.124186761775762
2023,214,22,0.0,0.0,0.237,35.65984,4.535046329576547
2023,214,23,0.0,0.0,0.4395,35.3301,4.3722606594794255
2023,215,00,0.0,6.32,1.604333,34.74137,4.14601633807022
2023,215,01,0.0,0.0,1.452333,33.84055,3.798558774259612
2023,215,02,0.0,0.0,2.047,33.1921,3.5929184670242775
2023,215,03,0.0,0.0,1.543,32.85995,3.5087276639160594
2023,215,04,0.0,0.0,0.8252,32.3311,3.383662394078902
2023,215,05,0.0,0.0,1.639,30.98005,2.98864473745905
2023,215,06,6.564551422319474,6.32,1.247,30.57107,2.8673595974746733
2023,215,07,68.38074398249452,0.0,0.04046667,32.3606,3.2057524670317328
2023,215,08,130.1969365426696,0.0,0.4906333,32.94712,3.4767430349316126
2023,215,09,212.253829321663,0.0,0.53,34.94655,4.19367873617351
2023,215,10,326.0393873085339,0.0,0.6860666,36.36091,4.707019668153797
2023,215,11,375.27352297592995,0.0,1.215,38.29921,5.396326270272337
2023,215,12,400.9846827133479,6.32,1.335,39.022,5.749024717480844
2023,215,13,396.0612691466083,0.0,2.156333,40.33106,6.262687189913998
2023,215,14,285.0109409190372,0.0,2.268333,40.37727,6.272505695512949
2023,215,15,315.6455142231947,0.0,2.972333,41.11134,6.671764409766577
2023,215,16,247.81181619256017,0.0,2.303,41.62411,7.098976965096845
2023,215,17,166.84901531728664,0.0,3.052333,41.2696,6.974763304728484
2023,215,18,85.88621444201313,6.32,2.193667,41.03686,6.971029428092327
2023,215,19,14.22319474835886,0.0,2.801666,39.88258,6.584452414678675
2023,215,20,0.0,0.0,2.020333,38.53931,6.081873415817177
2023,215,21,0.0,0.0,0.7315666,37.42692,5.705177947368211
2023,215,22,0.0,0.0,1.815,36.65768,5.420572716852598
2023,215,23,0.0,0.0,0.6170666,35.37902,4.890492568484892
2023,216,00,0.0,6.32,1.209667,34.15916,4.534546128621637
2023,216,01,0.0,0.0,0.0,32.634,3.978313139948881
2023,216,02,0.0,0.0,0.7009667,30.38805,3.4538665231470125
2023,216,03,0.0,0.0,0.0,28.51944,2.8952197109229414
2023,216,04,0.0,0.0,0.0,26.68282,2.434030786573129
2023,216,05,0.0,0.0,0.0,25.75682,2.2120841612791335
2023,216,06,6.564551422319474,6.32,0.0,26.80524,2.439512380003035
2023,216,07,82.60393873085339,0.0,0.7615333,29.2985,3.0384786600186096
2023,216,08,172.3194748358862,0.0,1.236967,32.46232,3.9125995653001944
2023,216,09,258.20568927789935,0.0,1.681667,34.57076,4.585338388372315
2023,216,10,329.8687089715536,0.0,1.2903,36.82166,5.290811955377067
2023,216,11,379.6498905908096,0.0,1.740333,38.13946,5.8156152594982204
2023,216,12,402.07877461706784,6.32,1.4961,39.42632,6.413602011911289
2023,216,13,399.34354485776805,0.0,1.457667,41.03454,7.060300753452823
2023,216,14,371.44420131291025,0.0,1.498767,41.19265,7.125101482023489
2023,216,15,318.3807439824945,0.0,2.561667,41.87479,7.4625847831568235
2023,216,16,245.62363238512035,0.0,0.8780667,42.10067,7.544730373189928
2023,216,17,165.20787746170677,0.0,1.505667,42.52757,7.761094454134623
2023,216,18,83.6980306345733,6.32,0.8569,41.96288,7.527550849143668
2023,216,19,13.676148796498905,0.0,0.1465,40.98174,7.07558411903558
2023,216,20,0.0,0.0,0.0,37.96871,5.885079443496274
2023,216,21,0.0,0.0,0.0,37.10261,5.512487789703542
2023,216,22,0.0,0.0,0.0,35.33635,4.940318711844672
2023,216,23,0.0,0.0,1.868333,37.54842,5.608791180877808
2023,217,00,0.0,6.32,3.167,36.29045,5.151284946244116
2023,217,01,0.0,0.0,2.351,34.9695,4.748249204781307
2023,217,02,0.0,0.0,1.0481,32.76416,3.998489380400878
2023,217,03,0.0,0.0,1.085433,32.34478,3.9489173075627684
2023,217,04,0.0,0.0,0.1534,30.73828,3.5454099405589172
2023,217,05,0.0,0.0,0.0,27.47189,2.677165951224644
2023,217,06,6.564551422319474,6.32,0.0,26.18748,2.3220604023373084
2023,217,07,81.50984682713347,0.0,0.4346333,30.43699,3.3868281850926842
2023,217,08,171.77242888402625,0.0,1.537667,32.22508,3.806806032624238
2023,217,09,257.11159737417944,0.0,1.001367,34.95406,4.691018604886699
2023,217,10,329.32166301969363,0.0,1.292333,36.76699,5.415868375536591
2023,217,11,379.6498905908096,0.0,1.086233,38.14336,5.916320543093629
2023,217,12,403.1728665207877,6.32,1.3521,39.76739,6.514796512418378
2023,217,13,399.890590809628,0.0,2.225667,41.53598,7.3425475888330105
2023,217,14,370.35010940919034,0.0,1.100967,42.32436,7.73892744761389
2023,217,15,318.3807439824945,0.0,2.601666,42.92059,8.042497912213324
2023,217,16,247.81181619256017,0.0,3.135,43.32264,8.283090815348238
2023,217,17,166.84901531728664,0.0,3.383,43.2481,8.271511850422357
2023,217,18,84.79212253829321,6.32,2.631,42.38976,7.8725912988421305
2023,217,19,13.129102844638949,0.0,1.697667,41.35817,7.441735890011613
2023,217,20,0.0,0.0,1.817667,39.94354,6.90742558792481
2023,217,21,0.0,0.0,0.4199,38.80135,6.4579997325999505
2023,217,22,0.0,0.0,0.0,34.53737,4.951304531276345
2023,217,23,0.0,0.0,0.5320333,36.24469,5.463476736351972
2023,218,00,0.0,6.32,1.407,36.11815,5.446969568664429
2023,218,01,0.0,0.0,1.793667,34.66981,4.9523391955487845
2023,218,02,0.0,0.0,2.300333,34.64737,4.916796333868082
2023,218,03,0.0,0.0,2.935,34.59467,4.903406021111322
2023,218,04,0.0,0.0,1.500333,32.35368,4.1817216904192716
2023,218,05,0.0,0.0,0.0,29.24023,3.321892100266972
2023,218,06,6.017505470459518,6.32,0.0,27.17418,2.767821166978022
2023,218,07,80.96280087527352,0.0,0.4804333,30.31328,3.4052382891985364
2023,218,08,171.2253829321663,0.0,0.7293666,33.0543,4.149525263100661
2023,218,09,256.5645514223195,0.0,0.5369,35.11327,4.788874233023461
2023,218,10,329.32166301969363,0.0,0.7028666,36.29423,5.26699886196786
2023,218,11,379.6498905908096,0.0,0.9064667,37.17246,5.406665632943835
2023,218,12,402.07877461706784,6.32,2.239,38.72171,5.8910152324945235
2023,218,13,333.15098468271333,0.0,2.263,39.72682,6.2765015353685
2023,218,14,369.8030634573304,0.0,2.228333,40.67766,6.397524646961054
2023,218,15,348.4682713347921,0.0,1.5943,41.73093,6.764499508238707
2023,218,16,262.58205689277895,0.0,2.964333,41.99281,6.8523555659011866
2023,218,17,194.7483588621444,0.0,2.884333,42.34235,6.670272745891727
2023,218,18,101.75054704595185,6.32,2.193667,41.50001,6.262302597438004
2023,218,19,13.129102844638949,0.0,2.945667,39.88811,5.503911640302875
2023,218,20,0.0,0.0,2.236333,39.36082,5.307957362531302
2023,218,21,0.0,0.0,2.756333,38.87384,5.115532470225187
2023,218,22,0.0,0.0,2.468333,38.27172,4.873929119462755
2023,218,23,0.0,0.0,2.489666,37.52648,4.601891221421484
2023,219,00,0.0,6.32,3.028333,36.54558,4.204159129726134
2023,219,01,0.0,0.0,2.001667,35.66665,4.030445140595192
2023,219,02,0.0,0.0,2.420333,34.74963,3.6381139114875283
2023,219,03,0.0,0.0,3.017667,33.69264,3.3146657895381053
2023,219,04,0.0,0.0,1.708333,32.43497,2.837380834939202
2023,219,05,0.0,0.0,2.903,31.7528,2.521236267792928
2023,219,06,4.9234135667396055,6.32,1.452333,31.1608,2.3101732717431886
2023,219,07,74.945295404814,0.0,1.475867,32.05556,2.533107458568367
2023,219,08,164.11378555798686,0.0,0.6804333,32.96759,2.7829549711122383
2023,219,09,246.1706783369803,0.0,0.2696333,34.24927,3.2735778343099433
2023,219,10,317.83369803063454,0.0,0.4268,35.03081,3.646741167138211
2023,219,11,371.44420131291025,0.0,1.572967,36.91008,4.444676810444795
2023,219,12,396.60831509846827,6.32,2.103,38.24644,5.079136468595488
2023,219,13,394.9671772428884,0.0,2.345666,39.23213,5.590968153938234
2023,219,14,365.9737417943107,0.0,2.844333,40.56253,6.251574395291008
2023,219,15,314.00437636761484,0.0,2.919,40.89676,6.437223509013954
2023,219,16,242.3413566739606,0.0,2.137666,41.11134,6.486716520919669
2023,219,17,161.37855579868707,0.0,2.625667,40.61637,6.223604414938119
2023,219,18,79.8687089715536,6.32,3.020333,40.88105,6.332609772834491
2023,219,19,13.129102844638949,0.0,2.444333,39.6005,5.778949368651081
2023,219,20,0.0,0.0,1.951,38.84158,5.427972377481123
2023,219,21,0.0,0.0,2.620333,38.45084,5.269772013717248
2023,219,22,0.0,0.0,2.639,37.77523,4.977890518012564
2023,219,23,0.0,0.0,3.495,37.13074,4.773775240324038
2023,220,00,0.0,6.32,2.321666,35.95976,4.4505432083167085
2023,220,01,0.0,0.0,2.799,34.91708,4.103426790940014
2023,220,02,0.0,0.0,3.263,33.96308,3.739591784881071
2023,220,03,0.0,0.0,1.383,33.08382,3.4384368795760603
2023,220,04,0.0,0.0,1.500333,32.94805,3.4710266897190776
2023,220,05,0.0,0.0,0.9963333,32.32445,3.2796930412219396
2023,220,06,1.6411378555798684,6.32,0.3708,30.90774,2.656180668673572
2023,220,07,10.393873085339168,0.76,1.345667,25.83967,0.9778387189835905
2023,220,08,142.77899343544857,0.0,1.476333,27.55915,1.2277745312029522
2023,220,09,228.66520787746168,0.0,1.612333,30.83544,2.0679146506203194
2023,220,10,323.85120350109406,0.0,1.812333,33.85997,3.391275594568643
2023,220,11,379.10284463894965,0.0,1.327,35.46358,4.002716955224467
2023,220,12,382.3851203501094,6.32,1.463,37.16555,4.570099896802963
2023,220,13,396.0612691466083,0.0,2.556333,38.24528,5.040130997448985
2023,220,14,373.0853391684901,0.0,2.148333,38.68621,5.208628216644384
2023,220,15,312.9102844638949,0.0,2.439,40.26011,5.802310814591593
2023,220,16,240.70021881838073,0.0,2.953667,39.99552,5.69844238932775
2023,220,17,161.92560175054703,0.0,3.804333,39.90081,5.735117571377633
2023,220,18,79.32166301969364,6.32,2.569667,39.44862,5.6491925100364035
2023,220,19,13.129102844638949,0.0,2.676333,38.18058,5.178356793099986
2023,220,20,0.0,0.0,3.332333,37.62791,4.973269271500155
2023,220,21,0.0,0.0,2.679,33.16759,3.1685557228047383
2023,220,22,0.0,0.0,2.583,32.07756,3.0428671380448997
2023,220,23,0.0,0.0,2.076333,30.91452,2.6611494420147412
2023,221,00,0.0,6.32,1.868333,31.06817,2.8137351906166637
2023,221,01,0.0,0.0,1.591,30.91678,2.783501182469884
2023,221,02,0.0,0.0,1.647,31.13143,2.8460932603393116
2023,221,03,0.0,0.0,1.564333,30.57785,2.675134602302768
2023,221,04,0.0,0.0,1.273667,30.40161,2.581461009479846
2023,221,05,0.0,0.0,0.9623,30.11239,2.4772495324476367
2023,221,06,2.735229759299781,6.32,1.129667,29.89096,2.42060416841707
2023,221,07,54.157549234135665,0.0,0.8903,30.83995,2.7118515769114406
2023,221,08,166.3019693654267,0.0,1.577667,32.92019,3.2083254045505454
2023,221,09,247.81181619256017,0.0,1.767,33.86305,3.446662505820679
2023,221,10,320.5689277899343,0.0,0.8476333,35.32807,3.844138989171032
2023,221,11,371.9912472647702,0.0,1.865667,35.90134,4.197041976070427
2023,221,12,396.60831509846827,6.32,1.439,37.15403,4.6227402148374965
2023,221,13,393.3260393873085,0.0,2.865667,38.19914,5.0093727006889255
2023,221,14,333.15098468271333,0.0,1.137367,38.31797,5.074824476930622
2023,221,15,311.26914660831505,0.0,3.255,39.92324,5.752710568551837
2023,221,16,231.94748358862142,0.0,2.396333,39.52396,5.65604101500889
2023,221,17,162.472647702407,0.0,3.047,39.91562,5.889308806290698
2023,221,18,79.8687089715536,6.32,2.409667,39.59805,5.790727129428862
2023,221,19,11.48796498905908,0.0,2.460333,38.22241,5.266478771370872
2023,221,20,0.0,0.0,2.068333,37.51249,5.039126310709604
2023,221,21,0.0,0.0,1.436333,37.08025,4.876757253290993
2023,221,22,0.0,0.0,1.935,37.02377,4.866242131962212
2023,221,23,0.0,0.0,1.740333,36.52771,4.717989831105926
2023,222,00,0.0,6.32,1.687,35.95569,4.520378841923326
2023,222,01,0.0,0.0,1.591,35.64809,4.470573335424363
2023,222,02,0.0,0.0,2.225667,35.21985,4.309260056655738
2023,222,03,0.0,0.0,1.276333,33.86655,3.5749801596386446
2023,222,04,0.0,0.0,1.332333,33.02892,3.2419209289479527
2023,222,05,0.0,0.0,1.935,31.80928,2.978721439331153
2023,222,06,2.1881838074398248,6.32,1.548333,30.46262,2.5758134065237965
2023,222,07,64.55142231947484,0.0,2.212333,31.21277,2.963436489373799
2023,222,08,155.36105032822755,0.0,2.364333,31.91491,3.160281456558281
2023,222,09,260.9409190371991,0.0,1.513667,32.94185,3.4353319628776395
2023,222,10,271.33479212253826,0.0,1.383633,33.92282,3.7301940736421013
2023,222,11,323.3041575492341,0.0,0.1736333,34.49435,3.9022505531563443
2023,222,12,413.5667396061269,6.32,0.5712666,35.84628,4.333125404279631
2023,222,13,399.890590809628,0.0,0.7483666,36.75212,4.643306300625868
2023,222,14,390.59080962800874,0.0,0.7322,38.09398,5.162830594125878
2023,222,15,316.19256017505467,0.0,1.858767,38.67694,5.423332094248274
2023,222,16,245.0765864332604,0.0,0.8380666,38.64302,5.466050485365895
2023,222,17,155.9080962800875,0.0,1.212033,39.10179,5.657439222319608
2023,222,18,85.33916849015317,6.32,0.6559666,38.91976,5.577451202221862
2023,222,19,14.22319474835886,0.0,2.252333,38.05074,5.2840931112535126
2023,222,20,0.0,0.0,1.335,37.00354,4.892212958062815
2023,222,21,0.0,0.0,3.689667,36.70008,4.911540385544742
2023,222,22,0.0,0.0,2.759,34.94967,4.264826138630864
2023,222,23,0.0,0.0,2.705667,33.75139,3.864143761281707
2023,223,00,0.0,3.16,2.607,33.04178,3.661879189601815
2023,223,01,0.0,0.0,2.569667,32.15496,3.400605861012779
2023,223,02,0.0,0.0,1.812333,31.49747,3.18499994994673
2023,223,03,0.0,0.0,0.1193667,30.38128,2.8338492583827004
2023,223,04,0.0,0.0,1.143,29.88192,2.724307969824698
2023,223,05,0.0,0.0,0.0,29.00524,2.4732047152087775
2023,223,06,2.1881838074398248,3.16,0.8656666,28.92389,2.4761958518097673
2023,223,07,28.44638949671772,0.0,0.0,28.31157,2.1973366107592076
2023,223,08,87.527352297593,0.0,0.3323666,31.23763,2.991720315943104
2023,223,09,152.6258205689278,0.0,0.9894333,32.36659,3.3437055550785133
2023,223,10,258.20568927789935,0.0,1.692333,32.80352,3.5144912174171847
2023,223,11,279.5404814004376,0.0,1.473667,34.27147,3.9406259468349973
2023,223,12,402.6258205689278,3.16,1.444333,36.26048,4.603027967265372
2023,223,13,396.60831509846827,0.0,2.231,36.51117,4.574579780956636
2023,223,14,344.09190371991247,0.0,1.828333,37.50959,4.934656138139659
2023,223,15,285.0109409190372,0.0,2.665666,37.80083,5.084954470797094
2023,223,16,159.19037199124725,0.0,1.684967,37.34837,4.938163679405602
2023,223,17,35.010940919037196,0.0,1.703,37.0053,4.830482160481254
2023,223,18,94.63894967177242,3.16,2.188333,37.76853,5.030643769492711
2023,223,19,12.582056892778994,0.0,2.497667,36.6199,4.681770687037218
2023,223,20,0.0,0.0,1.631,35.98724,4.482779708855014
2023,223,21,0.0,0.0,1.777667,35.28667,4.203457059916346
2023,223,22,0.0,0.0,2.108333,34.95618,4.262208993256024
2023,223,23,0.0,0.0,1.684333,34.02826,4.1158991122008874
2023,224,00,0.0,3.16,1.185667,33.2882,3.890051973112638
2023,224,01,0.0,0.0,0.2992667,32.39223,3.5370145873029855
2023,224,02,0.0,0.0,0.0,31.85447,3.3406370370935243
2023,224,03,0.0,0.0,1.207,31.82736,3.509172629643812
2023,224,04,0.0,0.0,1.591,31.27152,3.2767096108905047
2023,224,05,0.0,0.0,1.903,30.51685,3.3997888181703715
2023,224,06,2.1881838074398248,3.16,0.9136667,29.15888,3.0576536905805733
2023,224,07,43.7636761487965,0.0,1.457667,29.90452,3.134226977413422
2023,224,08,123.63238512035011,0.0,1.873667,30.65919,3.158548144040569
2023,224,09,155.9080962800875,0.0,1.671,31.4414,3.187694349701305
2023,224,10,329.8687089715536,0.0,2.313667,33.76725,4.111847325852502
2023,224,11,378.5557986870897,0.0,1.687,34.55236,4.397941585480053
2023,224,12,405.3610503282275,3.16,1.521667,35.70152,4.741701154184364
2023,224,13,398.24945295404814,0.0,2.108333,36.54694,5.031926117450285
2023,224,14,369.2560175054704,0.0,1.892333,37.29082,5.325457455894852
2023,224,15,314.5514223194748,0.0,1.378767,38.41238,5.748586941268428
2023,224,16,242.3413566739606,0.0,2.412333,39.11832,5.965177532599904
2023,224,17,160.83150984682712,0.0,1.4641,38.53286,5.721136317198893
2023,224,18,78.22757111597373,3.16,1.788333,38.30523,5.694761017088583
2023,224,19,9.299781181619256,0.0,1.324333,36.89429,5.210881370512866
2023,224,20,0.0,0.0,0.0,35.26097,4.548538293648543
2023,224,21,0.0,0.0,0.0,33.19658,3.9390036804008597
2023,224,22,0.0,0.0,1.439,33.86543,4.035954912215046
2023,224,23,0.0,0.0,2.252333,33.55814,3.8719890872323055
2023,225,00,0.0,3.16,1.484333,31.86111,3.5109354540989424
2023,225,01,0.0,0.0,1.401667,30.94841,3.1945016627129004
2023,225,02,0.0,0.0,0.7736,30.39709,2.991848203461501
2023,225,03,0.0,0.0,0.213,29.26282,2.6865260025393907
2023,225,04,0.0,0.0,0.0,28.50589,2.5090497366250406
2023,225,05,0.0,0.0,0.0,26.82141,2.0902878530167444
2023,225,06,2.735229759299781,3.16,0.0,27.83575,2.280502476949416
2023,225,07,74.945295404814,0.0,1.177667,30.11541,2.763130042937809
2023,225,08,165.75492341356673,0.0,1.527,31.81383,3.1957391842142653
2023,225,09,247.26477024070022,0.0,1.660333,32.53611,3.4483007320179335
2023,225,10,327.68052516411376,0.0,1.273667,34.68299,4.086128445307809
2023,225,11,378.5557986870897,0.0,1.737667,35.63944,4.384890692101658
2023,225,12,397.1553610503282,3.16,1.423,37.40498,5.011961679139394
2023,225,13,396.60831509846827,0.0,1.647,38.32418,5.4823928219334706
2023,225,14,371.9912472647702,0.0,1.969667,39.82837,6.072928786909295
2023,225,15,279.5404814004376,0.0,2.913666,39.99121,6.302425396555185
2023,225,16,206.23632385120348,0.0,4.487,39.28911,6.147115594869601
2023,225,17,84.79212253829321,0.0,2.503,38.03292,5.571438785998615
2023,225,18,80.96280087527352,3.16,1.991,39.16882,6.09304199956275
2023,225,19,16.411378555798684,0.0,0.4966,36.63678,5.0751217808683275
2023,225,20,0.0,0.0,1.649667,35.28853,4.53770496109753
2023,225,21,0.0,0.0,1.500333,34.47619,4.353453192364776
2023,225,22,0.0,0.0,0.7521,33.28247,4.028711145512729
2023,225,23,0.0,0.0,0.0,32.01715,3.592551514572779
2023,226,00,0.0,3.16,0.0,30.91,3.289468468279743
2023,226,01,0.0,0.0,0.0,29.75088,2.935807255269335
2023,226,02,0.0,0.0,0.0,29.2696,2.7925146020186435
2023,226,03,0.0,0.0,0.5731333,29.66049,2.8120279700408535
2023,226,04,0.0,0.0,1.465667,30.26604,3.0067807505603943
2023,226,05,0.0,0.0,1.092333,29.3645,2.838271980279878
2023,226,06,1.0940919037199124,3.16,0.7569667,29.26508,2.835919837681059
2023,226,07,41.57549234135667,0.0,0.0,28.92164,2.640646484127411
2023,226,08,62.91028446389496,0.0,0.2519,30.4355,2.977386359810221
2023,226,09,114.8796498905908,0.0,0.8983,32.15047,3.548921569959573
2023,226,10,169.58424507658643,0.0,1.074767,33.59219,3.864131912035659
2023,226,11,340.26258205689277,0.0,2.012333,35.79115,4.564514212415941
2023,226,12,283.91684901531727,3.16,2.137666,35.73768,4.5801174185193085
2023,226,13,207.87746170678335,0.0,1.727,36.2089,4.7387101072164315
2023,226,14,178.88402625820567,0.0,2.055,36.93184,5.066039378687526
2023,226,15,290.48140043763675,0.0,1.855,37.64296,5.3414762455952705
2023,226,16,153.17286652078775,0.0,1.601667,37.69699,5.304006344527085
2023,226,17,117.06783369803063,0.0,2.033667,38.4945,5.587581840470796
2023,226,18,60.17505470459518,3.16,1.732333,37.74137,5.317405997240505
2023,226,19,8.205689277899342,0.0,1.689667,36.62786,4.923263032793381
2023,226,20,0.0,0.0,1.423,35.49529,4.535069849981391
2023,226,21,0.0,0.0,1.233667,34.76839,4.2970054942969895
2023,226,22,0.0,0.0,0.0,33.28571,3.820830723671847
2023,226,23,0.0,0.0,0.05536667,32.44646,3.562287175629645
2023,227,00,0.0,3.16,2.017667,33.63044,3.7468342996851725
2023,227,01,0.0,0.0,1.764333,33.6288,3.703572402312007
2023,227,02,0.0,0.0,1.551,33.54017,3.6564454951550753
2023,227,03,0.0,0.0,2.052333,31.7991,3.1167334565032245
2023,227,04,0.0,0.0,1.783,30.85351,2.7728708420724066
2023,227,05,0.0,0.0,1.030533,30.56656,2.670040032862097
2023,227,06,2.735229759299781,3.16,0.3414666,30.12143,2.565465143227405
2023,227,07,38.29321663019694,0.0,1.233667,31.37997,2.922724878572757
2023,227,08,177.78993435448575,0.0,2.921666,33.88802,3.738350765633281
2023,227,09,223.7417943107221,0.0,2.023,34.78931,3.994723468371431
2023,227,10,341.3566739606127,0.0,2.793667,36.39594,4.527967717183513
2023,227,11,415.20787746170674,0.0,2.929667,37.43637,4.922706138311653
2023,227,12,389.4967177242888,3.16,2.031,38.76173,5.42214822112173
2023,227,13,394.9671772428884,0.0,2.377666,39.11913,5.6455774156576
2023,227,14,225.9299781181619,0.0,1.895,39.29531,5.744250625664774
2023,227,15,291.57549234135666,0.0,2.236333,40.6894,6.327055311004874
2023,227,16,190.37199124726476,0.0,1.823,40.12732,6.143400577508385
2023,227,17,65.0984682713348,0.0,2.185667,39.61641,5.912933400734236
2023,227,18,42.669584245076585,3.16,1.151,39.1954,5.736547628138666
2023,227,19,9.846827133479211,0.0,2.100333,38.06327,5.184815208146821
2023,227,20,0.0,0.0,1.0114,37.51635,5.081360724151454
2023,227,21,0.0,0.51,0.7017667,33.67949,3.3960377180766694
2023,227,22,0.0,0.0,0.0,32.7289,2.912733018910602
2023,227,23,0.0,0.0,1.679,32.99328,3.2505453870421026
2023,228,00,0.0,3.16,2.303,32.40127,3.1095303569028507
2023,228,01,0.0,0.0,1.5121,31.981,3.0764314095493925
2023,228,02,0.0,0.0,1.737667,31.37546,2.777960228512843
2023,228,03,0.0,0.0,1.356333,30.64338,2.5452476773720925
2023,228,04,0.0,0.0,0.1960666,28.87644,1.9626225095370504
2023,228,05,0.0,0.0,0.8363333,28.70924,1.889036663320553
2023,228,06,1.6411378555798684,3.16,0.0,27.7015,1.5721292279756887
2023,228,07,62.91028446389496,0.0,0.0,29.63338,1.9944043298092322
2023,228,08,124.72647702407001,0.0,0.0,32.57074,2.919557848518473
2023,228,09,249.45295404814001,0.0,2.0801,36.11828,4.328112788908309
2023,228,10,324.945295404814,0.0,1.676333,37.5069,4.8187933765615885
2023,228,11,300.328227571116,0.0,2.297667,38.37385,5.257640162936597
2023,228,12,399.34354485776805,3.16,1.993667,39.59611,5.773835786627932
2023,228,13,392.2319474835886,0.0,1.751,40.49612,6.144459845654602
2023,228,14,365.9737417943107,0.0,1.252333,41.19983,6.472140394265693
2023,228,15,320.02188183807436,0.0,2.297667,41.55179,6.643310699529853
2023,228,16,252.73522975929976,0.0,1.604333,42.26104,6.9561266954482175
2023,228,17,95.73304157549234,0.0,2.401666,41.67952,6.67246333544381
2023,228,18,20.787746170678336,3.16,2.537667,38.98586,5.520135757834457
2023,228,19,6.017505470459518,0.0,0.4257,38.7374,5.502008385076783
2023,228,20,0.0,0.0,1.057667,35.37523,4.170756491469253
2023,228,21,0.0,0.0,0.07026667,34.89733,4.069675966751651
2023,228,22,0.0,0.0,1.177667,35.02189,4.068537987958428
2023,228,23,0.0,0.0,0.2332333,34.36467,3.904670191088002
2023,229,00,0.0,3.16,0.09583333,33.2199,3.4831858461847833
2023,229,01,0.0,0.0,0.2472,32.7176,3.313297930790628
2023,229,02,0.0,0.0,1.217667,32.50295,3.206809763555591
2023,229,03,0.0,0.0,0.3675,32.54814,3.2502423827206646
2023,229,04,0.0,0.0,1.697667,32.13465,3.11551047741318
2023,229,05,0.0,0.0,1.361667,31.59011,3.003071816075451
2023,229,06,2.735229759299781,3.16,0.7469333,30.92808,2.80360257675171
2023,229,07,72.21006564551422,0.0,0.8736666,32.22503,3.132217580403137
2023,229,08,160.28446389496716,0.0,1.103,34.17143,3.69719530090721
2023,229,09,154.8140043763676,0.0,1.122767,34.65411,3.840727708549992
2023,229,10,321.66301969365423,0.0,1.529667,36.81814,4.651057398469514
2023,229,11,369.2560175054704,0.0,1.553667,38.7156,5.338861657360956
2023,229,12,394.9671772428884,3.16,1.996333,39.69071,5.859622762703116
2023,229,13,391.68490153172866,0.0,1.633667,40.45317,6.230932862341333
2023,229,14,358.86214442013124,0.0,2.281667,42.12154,6.931452005249698
2023,229,15,306.89277899343546,0.0,2.223,42.40334,7.0847850907114625
2023,229,16,245.62363238512035,0.0,0.8049667,42.77151,7.268702225057257
2023,229,17,168.4901531728665,0.0,2.804333,42.8709,7.3814080230415335
2023,229,18,48.14004376367615,3.16,2.015,41.55751,6.814868557238833
2023,229,19,6.017505470459518,0.0,1.884333,40.83335,6.528136011532897
2023,229,20,0.0,0.0,2.892333,37.41716,4.813418559743872
2023,229,21,0.0,0.0,0.887,37.10418,4.716031117481508
2023,229,22,0.0,0.0,2.145667,36.69818,4.67335698450468
2023,229,23,0.0,0.0,2.433666,35.83673,4.50899610860572
2023,230,00,0.0,1.58,2.479,34.7546,3.944018762995063
2023,230,01,0.0,0.0,4.055,33.06602,3.363480175108027
2023,230,02,0.0,0.0,1.111167,32.07994,3.0522363846633547
2023,230,03,0.0,0.0,0.6148666,31.50651,2.964606719520731
2023,230,04,0.0,0.0,0.1965333,31.05913,2.7981213644570793
2023,230,05,0.0,0.0,0.3063333,30.28185,2.482421936792032
2023,230,06,0.5470459518599562,1.58,0.2387333,29.96327,2.335153356900628
2023,230,07,37.74617067833698,0.0,2.569667,29.73054,2.3340656741334684
2023,230,08,44.310722100656456,0.0,2.004333,30.04461,2.41830243029928
2023,230,09,72.21006564551422,0.0,2.100333,31.03201,2.692662982943952
2023,230,10,61.816192560175054,0.0,1.124333,31.32574,2.753774313526754
2023,230,11,98.46827133479212,0.0,0.4890667,31.79347,2.8201892876268646
2023,230,12,225.9299781181619,1.58,0.7544667,33.61286,3.428027094196595
2023,230,13,337.527352297593,0.0,0.3334666,36.10834,4.234715506390513
2023,230,14,376.9146608315098,0.0,2.028333,38.28872,5.116833518081167
2023,230,15,205.68927789934352,0.0,1.612333,37.64869,4.921121371006288
2023,230,16,204.5951859956236,0.0,0.4385667,38.71399,5.352809119619002
2023,230,17,112.69146608315097,0.0,1.131867,38.51574,5.364792178603899
2023,230,18,31.72866520787746,1.58,1.2434,37.67734,5.109372313855984
2023,230,19,3.282275711159737,0.0,0.4937667,37.24547,4.9695719568397765
2023,230,20,0.0,0.0,2.065667,34.61155,3.94447792693161
2023,230,21,0.0,0.0,0.6224,34.22337,3.8650502671442446
2023,230,22,0.0,0.0,1.711,32.57009,3.1837289419976793
2023,230,23,0.0,0.0,1.561667,32.47584,3.181044583652066
2023,231,00,0.0,1.58,1.885433,31.9313,3.0986323937438707
2023,231,01,0.0,0.0,0.0,31.00038,2.8025855395353183
2023,231,02,0.0,0.0,0.0,29.87289,2.526644053320727
2023,231,03,0.0,0.0,0.0,29.14758,2.3293472424493196
2023,231,04,0.0,0.0,0.3116666,29.73958,2.428167688363351
2023,231,05,0.0,0.0,0.9858333,29.46392,2.3627734316775557
2023,231,06,1.6411378555798684,1.58,1.2652,29.24927,2.330942093861611
2023,231,07,25.71115973741794,0.0,0.5402,29.14307,2.3810553492966617
2023,231,08,102.84463894967176,0.0,1.340333,29.27412,2.3798247849505594
2023,231,09,192.01312910284463,0.0,0.0538,31.01394,2.710322674653121
2023,231,10,254.92341356673958,0.0,1.651867,32.57711,3.1642635165851987
2023,231,11,305.79868708971554,0.0,4.527,31.09021,2.641394815445359
2023,231,12,413.5667396061269,1.58,4.148333,32.1568,2.911664428417853
2023,231,13,263.1291028446389,0.0,5.036333,31.37354,2.6490370070225806
2023,231,14,172.3194748358862,0.0,4.428333,30.9315,2.5042143481396106
2023,231,15,61.2691466083151,0.0,3.439,29.9901,2.300799006374918
2023,231,16,53.61050328227571,0.0,3.873667,29.99942,2.279290870982969
2023,231,17,35.55798687089715,0.0,3.569667,28.79058,2.017386645270402
2023,231,18,24.61706783369803,1.58,2.756333,28.42229,1.9260559298404578
2023,231,19,2.1881838074398248,0.0,1.977667,27.88904,1.725934639147081
2023,231,20,0.0,0.0,2.727,27.67665,1.7174139469756409
2023,231,21,0.0,0.0,2.172333,27.46652,1.7293234892435343
2023,231,22,0.0,0.0,2.393667,27.03947,1.582141270830902
2023,231,23,0.0,0.0,0.7522666,26.82934,1.5085590281231673
2023,232,00,0.0,1.58,1.673667,27.01461,1.7600982577364082
2023,232,01,0.0,0.0,1.441667,26.95361,1.700923371689158
2023,232,02,0.0,0.0,1.173433,26.89938,1.692628600778977
2023,232,03,0.0,0.0,0.3350333,26.80222,1.6462680754882177
2023,232,04,0.0,0.0,0.0,26.65761,1.5977272471501056
2023,232,05,0.0,0.0,0.0,26.44974,1.5446538368224276
2023,232,06,0.0,1.58,0.3643667,26.62146,1.556973482422738
2023,232,07,11.48796498905908,0.0,0.0,26.61468,1.5142041437191827
2023,232,08,104.48577680525163,0.0,1.132333,27.37613,1.781821423627322
2023,232,09,116.52078774617067,0.0,1.271,28.84481,2.0757811847422594
2023,232,10,102.84463894967176,0.0,1.476333,31.92136,2.841563893080678
2023,232,11,251.09409190371989,0.0,1.692333,34.52535,3.630030021382892
2023,232,12,171.77242888402625,1.58,2.431,34.15759,3.54897096803
2023,232,13,199.67177242888403,0.0,2.356333,35.49987,4.034506851646817
2023,232,14,158.09628008752733,0.0,3.743,36.54024,4.45399820953233
2023,232,15,91.35667396061268,0.0,3.991,35.7288,4.192097347310769
2023,232,16,92.99781181619255,0.0,3.916333,35.4384,4.082279176712935
2023,232,17,64.00437636761488,0.0,4.753667,34.67391,3.7495176111827586
2023,232,18,20.24070021881838,1.58,4.292333,32.60076,2.951030360393281
2023,232,19,2.1881838074398248,0.0,4.631,30.74029,2.4043701728907174
2023,232,20,0.0,0.0,3.711,30.06946,2.2465800202076696
2023,232,21,0.0,0.0,3.028333,30.03557,2.3882137196651074
2023,232,22,0.0,0.0,3.044333,29.68535,2.2987092689461597
2023,232,23,0.0,0.0,2.236333,29.3419,2.2158028326020762
2023,233,00,0.0,1.58,2.095,28.9849,2.1152972296669357
2023,233,01,0.0,0.0,0.8907667,27.0101,1.4585454688026467
2023,233,02,0.0,0.0,1.271,26.73658,1.3539644995295648
2023,233,03,0.0,0.0,1.903,26.01143,1.1480147514288321
2023,233,04,0.0,0.0,1.580333,26.4814,1.3132798392614184
2023,233,05,0.0,0.0,0.0,25.66805,0.9390346628632482
2023,233,06,0.0,1.58,0.0,24.90664,0.7692994369328027
2023,233,07,8.205689277899342,0.0,0.8951666,25.38938,0.7566424183344683
2023,233,08,36.10503282275711,0.0,0.6765,25.37991,0.86696303228485
2023,233,09,45.95185995623632,0.0,0.8258333,26.00259,1.021424188540763
2023,233,10,112.14442013129103,0.0,0.7373667,26.10632,1.1624263491183837
2023,233,11,93.54485776805251,0.0,0.6159667,26.17411,1.2217458290026046
2023,233,12,251.09409190371989,1.58,1.414533,28.3952,1.6779650119997034
2023,233,13,194.20131291028446,0.0,1.1623,29.25954,1.9932034563719347
2023,233,14,142.77899343544857,0.0,2.540333,30.24933,2.3501619441733115
2023,233,15,117.06783369803063,0.0,2.775,30.20465,2.31454284748444
2023,233,16,109.40919037199124,0.0,3.455,30.59098,2.4703772644308355
2023,233,17,62.91028446389496,0.0,2.825667,30.75398,2.6694386846608498
2023,233,18,39.9343544857768,1.58,2.009667,30.614,2.959647491387919
2023,233,19,4.3763676148796495,0.0,2.367,30.20729,2.8868933056175283
2023,233,20,0.0,0.0,0.8962667,29.9339,2.800490371941368
2023,233,21,0.0,0.0,1.0401,26.19216,1.3006601440337267
2023,233,22,0.0,0.0,1.185667,25.54906,1.3224637269440926
2023,233,23,0.0,0.0,0.4704,24.59384,0.9284435936731895
2023,234,00,0.0,1.58,1.095,24.09707,0.8693093195822292
2023,234,01,0.0,0.0,0.0,22.88361,0.67731981485209
2023,234,02,0.0,0.0,0.02556667,24.47976,1.0650039722275402
2023,234,03,0.0,0.0,0.1767667,23.93675,0.9217148678337391
2023,234,04,0.0,0.0,0.8487333,24.26895,1.0062846437465274
2023,234,05,0.0,0.0,1.148333,24.26258,1.0802289697422338
2023,234,06,0.5470459518599562,1.58,0.8918667,24.18945,0.9893007659231026
2023,234,07,51.42231947483588,0.0,0.2503333,24.8494,1.1083392390323905
2023,234,08,156.45514223194746,0.0,1.2514,26.67121,1.578296470383945
2023,234,09,205.68927789934352,0.0,1.167,28.79061,1.9731079259391249
2023,234,10,318.92778993435445,0.0,0.9318666,31.64443,2.7704533519848806
2023,234,11,365.9737417943107,0.0,1.047967,33.60165,3.3677188559555185
2023,234,12,399.34354485776805,1.58,2.348333,35.09013,3.9088004645469314
2023,234,13,386.76148796498904,0.0,1.799,36.00891,4.37456608387011
2023,234,14,356.12691466083146,0.0,1.943,37.45495,4.985927636229303
2023,234,15,299.23413566739606,0.0,1.844333,37.85894,5.11619975680629
2023,234,16,224.28884026258206,0.0,2.863,36.9686,4.627489383235147
2023,234,17,143.32603938730853,0.0,3.641667,36.94063,4.642465616170617
2023,234,18,64.00437636761488,1.58,2.943,36.30793,4.5786772328404695
2023,234,19,6.564551422319474,0.0,2.716333,34.03949,3.8145325841779063
2023,234,20,0.0,0.0,2.233666,33.51782,3.7179727879680398
2023,234,21,0.0,0.0,1.780333,33.08862,3.547134699249798
2023,234,22,0.0,0.0,0.0,31.8292,3.130715231910272
2023,234,23,0.0,0.0,1.268333,31.52459,3.0609899535304828
2023,235,00,0.0,1.58,0.6473333,31.34382,3.0639021258284798
2023,235,01,0.0,0.0,0.0,30.43776,2.6235923376926453
2023,235,02,0.0,0.0,1.012333,29.44132,2.3400059278726686
2023,235,03,0.0,0.0,0.5544666,29.72828,2.529143720473612
2023,235,04,0.0,0.0,0.0,27.40325,1.941428863687726
2023,235,05,0.0,0.0,0.2434333,26.93056,1.7874997903403118
2023,235,06,1.0940919037199124,1.58,0.0,26.14061,1.6296310292998073
2023,235,07,53.61050328227571,0.0,0.5977666,28.06786,1.929448663668189
2023,235,08,146.60831509846827,0.0,0.5395667,30.55531,2.6284168641008043
2023,235,09,197.4835886214442,0.0,0.7353333,33.15159,3.4092376111370477
2023,235,10,310.7221006564551,0.0,1.572333,35.02718,4.088004597916591
2023,235,11,361.0503282275711,0.0,1.6903,36.27614,4.484989912396572
2023,235,12,384.5733041575492,1.58,1.852333,38.05761,5.15377668427896
2023,235,13,370.8971553610503,0.0,3.967,38.61182,5.543868305853424
2023,235,14,333.6980306345733,0.0,2.932333,38.95424,5.6795788924955914
2023,235,15,175.054704595186,0.0,2.740333,37.91699,5.337033379377602
2023,235,16,183.80743982494528,0.0,2.975,38.44973,5.631094100848248
2023,235,17,84.24507658643326,0.0,3.348333,36.59854,4.950276651403043
2023,235,18,57.986870897155356,1.58,2.860333,36.02242,4.688196904347117
2023,235,19,4.9234135667396055,0.0,2.217667,35.12329,4.374947738901167
2023,235,20,0.0,0.0,1.523867,34.56601,4.163441825375376
2023,235,21,0.0,0.0,1.767633,34.03268,3.91726656562393
2023,235,22,0.0,0.0,2.639,33.31788,3.7358543478287087
2023,235,23,0.0,0.0,1.735,32.88459,3.5473785934355786
2023,236,00,0.0,1.58,2.231,32.09605,3.2562589142569713
2023,236,01,0.0,0.0,1.836333,30.13499,2.636769428892558
2023,236,02,0.0,0.0,1.895,29.90226,2.5874725384582917
2023,236,03,0.0,0.0,1.487,29.7938,2.5536683537286677
2023,236,04,0.0,0.0,1.532333,29.54074,2.4713451469818812
2023,236,05,0.0,0.0,1.468333,29.12047,2.3691031460481824
2023,236,06,0.5470459518599562,1.58,1.484333,28.92164,2.3282272305554903
2023,236,07,29.540481400437635,0.0,1.857667,29.09562,2.3682527592736333
2023,236,08,165.20787746170677,0.0,2.684333,31.10884,2.83272647684802
2023,236,09,216.0831509846827,0.0,2.260333,31.94211,3.0763744793286896
2023,236,10,326.58643326039385,0.0,2.284333,33.41348,3.5275742190017896
2023,236,11,322.75711159737415,0.0,1.068333,34.03938,3.7101325996379435
2023,236,12,389.4967177242888,1.58,1.636333,35.16449,4.070469707798286
2023,236,13,384.5733041575492,0.0,1.1005,36.18956,4.398995482134627
2023,236,14,353.9387308533917,0.0,2.284333,37.0844,4.753871746586377
2023,236,15,298.6870897155361,0.0,1.361667,37.54956,4.964884182463462
2023,236,16,222.64770240700219,0.0,2.340333,38.36154,5.312789007105573
2023,236,17,137.85557986870896,0.0,0.6913999,38.55896,5.391003010624301
2023,236,18,58.53391684901531,1.58,1.0972,38.31969,5.371204818648251
2023,236,19,5.470459518599562,0.0,0.7645,36.76815,4.789116856620575
2023,236,20,0.0,0.0,0.823,36.10922,4.5642864567542585
2023,236,21,0.0,0.0,0.8203333,35.23765,4.198774397784818
2023,236,22,0.0,0.0,0.8256666,34.5708,3.985165297619874
2023,236,23,0.0,0.0,1.023,34.08204,3.813674832402391
2023,237,00,0.0,0.0,0.0,32.06009,3.1547233131194985
2023,237,01,0.0,0.0,0.01756667,31.75054,3.1323677521722586
2023,237,02,0.0,0.0,0.0,30.81284,2.8619067173283423
2023,237,03,0.0,0.0,0.0,29.72602,2.577346810235178
2023,237,04,0.0,0.0,0.0,28.63694,2.288898727765627
2023,237,05,0.0,0.0,0.0,28.52397,2.2163372310674077
2023,237,06,1.0940919037199124,0.95,0.1187333,28.02009,2.1193132279194216
2023,237,07,60.72210065645514,0.0,0.05113333,30.39257,2.575318898502357
2023,237,08,154.26695842450764,0.0,2.223,33.1444,3.4037800271148084
2023,237,09,242.88840262582056,0.0,1.732333,35.10964,3.9912406415348247
2023,237,10,316.19256017505467,0.0,1.156333,36.4764,4.556950777582791
2023,237,11,365.4266958424507,0.0,1.545667,37.97058,5.0831911142647614
2023,237,12,389.4967177242888,0.0,1.633667,39.09732,5.542932433804436
2023,237,13,382.3851203501094,0.0,1.2892,40.49244,6.239247681614654
2023,237,14,353.9387308533917,0.0,2.959,40.79285,6.504726911476602
2023,237,15,297.5929978118162,0.0,1.863,41.03228,6.608563372557247
2023,237,16,225.38293216630194,0.0,2.121667,42.12358,7.072232523447516
2023,237,17,140.04376367614879,0.0,1.748333,41.527,6.819165009752624
2023,237,18,60.17505470459518,0.95,1.663,41.25364,6.750442942828206
2023,237,19,4.9234135667396055,0.0,1.647,39.59926,6.106189307460361
2023,237,20,0.0,0.0,1.409667,39.00771,5.780124828072087
2023,237,21,0.0,0.0,1.833667,38.88765,6.022145990367994
2023,237,22,0.0,0.0,1.513667,37.22189,5.269459664241948
2023,237,23,0.0,0.0,0.05536667,35.66656,4.60317659406706
2023,238,00,0.0,0.0,0.8347666,35.34594,4.569320983750387
2023,238,01,0.0,0.0,0.0,33.15322,3.8199301686232925
2023,238,02,0.0,0.0,2.087,33.97615,3.956749018599215
2023,238,03,0.0,0.0,1.135,33.44516,3.730138524020128
2023,238,04,0.0,0.0,1.335,32.07131,3.2629312254355587
2023,238,05,0.0,0.0,0.8551666,31.54718,3.062087758723322
2023,238,06,1.0940919037199124,0.95,0.7513333,30.98908,2.886854349278037
2023,238,07,62.363238512035004,0.0,1.516333,32.57525,3.311730596730463
2023,238,08,94.63894967177242,0.0,1.785667,33.60404,3.5862744118227976
2023,238,09,184.35448577680523,0.0,2.161667,35.84425,4.33299027725843
2023,238,10,316.19256017505467,0.0,2.439,37.74569,4.969720285668612
2023,238,11,198.5776805251641,0.0,2.332333,37.18391,4.812745845940105
2023,238,12,428.3369803063457,0.0,1.473667,39.60957,5.704396198152187
2023,238,13,333.15098468271333,0.0,2.065667,40.06995,5.946116533142763
2023,238,14,352.2975929978118,0.0,1.599,40.75898,6.230833933715315
2023,238,15,297.5929978118162,0.0,1.500333,41.6715,6.651435946554306
2023,238,16,223.19474835886214,0.0,1.652333,42.09163,6.907744971104987
2023,238,17,141.1378555798687,0.0,1.175,41.95742,6.923011596344185
2023,238,18,58.53391684901531,0.95,2.961667,39.95371,5.9383830523751815
2023,238,19,4.3763676148796495,0.0,1.948333,39.14361,5.777219175986509
2023,238,20,0.0,0.0,1.036333,38.45236,5.513397455210775
2023,238,21,0.0,0.0,2.665666,36.03711,4.365158074398387
2023,238,22,0.0,0.0,1.823,35.1161,4.0622091039427435
2023,238,23,0.0,0.0,1.359,34.35144,3.8108393207253775
2023,239,00,0.0,0.0,1.516333,33.53098,3.5859362040439717
2023,239,01,0.0,0.0,1.127,32.53006,3.244829342955475
2023,239,02,0.0,0.0,0.3612333,31.84543,3.0167938911583767
2023,239,03,0.0,0.0,0.7927333,31.47714,2.9123934006755983
2023,239,04,0.0,0.0,0.2737,31.30767,2.891101741990723
2023,239,05,0.0,0.0,0.1576333,30.91904,2.8150985611118906
2023,239,06,0.5470459518599562,0.95,0.0,29.53396,2.41500468330037
2023,239,07,58.53391684901531,0.0,0.5715666,31.45906,2.8965820180100446
2023,239,08,158.09628008752733,0.0,1.215633,34.4707,3.7555653736896994
2023,239,09,245.62363238512035,0.0,2.383,35.64357,4.173207111653316
2023,239,10,323.85120350109406,0.0,1.281667,37.54612,4.817539892999008
2023,239,11,371.44420131291025,0.0,1.201667,38.43292,5.178048495490816
2023,239,12,410.28446389496713,0.0,1.193667,40.66082,6.088215596696661
2023,239,13,376.9146608315098,0.0,1.585667,41.23558,6.382834554167592
2023,239,14,355.0328227571116,0.0,1.767,41.28526,6.488053221863257
2023,239,15,300.87527352297593,0.0,1.127,41.90868,6.813487058982093
2023,239,16,224.835886214442,0.0,1.820333,42.63918,7.13372335375081
2023,239,17,141.68490153172866,0.0,1.175,42.97706,7.318461158268272
2023,239,18,54.157549234135665,0.95,2.065667,41.9019,6.790299126035661
2023,239,19,5.470459518599562,0.0,1.279,39.9462,5.88699574548018
2023,239,20,0.0,0.0,4.135,37.81787,5.187010458516484
2023,239,21,0.0,0.0,2.076333,37.0978,4.765018158673861
2023,239,22,0.0,0.0,0.7389333,36.56334,4.563195703929295
2023,239,23,0.0,0.0,0.0,34.57164,3.7673733061650423
2023,240,00,0.0,0.0,0.2098667,34.05749,3.659326544878033
2023,240,01,0.0,0.0,0.4443666,33.50617,3.567625429654627
2023,240,02,0.0,0.0,0.9776667,34.07782,3.8324615459982376
2023,240,03,0.0,0.0,1.0081,33.77279,3.774246242834521
2023,240,04,0.0,0.0,0.6647333,32.21825,3.280117383411423
2023,240,05,0.0,0.0,0.6126667,31.78895,3.157036734479895
2023,240,06,0.5470459518599562,0.95,0.7085,30.82414,2.899750243869784
2023,240,07,65.0984682713348,0.0,1.612333,33.0746,3.5261496419825424
2023,240,08,157.54923413566738,0.0,2.068333,35.87299,4.4233020199564725
2023,240,09,244.52954048140043,0.0,2.703,37.64553,5.090882146805502
2023,240,10,317.83369803063454,0.0,2.113667,39.10339,5.625341470354762
2023,240,11,365.4266958424507,0.0,1.487,40.59756,6.20237610004569
2023,240,12,387.308533916849,0.0,1.551,41.98773,6.789406013974369
2023,240,13,287.74617067833697,0.0,1.748333,42.65565,7.1404781013262015
2023,240,14,285.0109409190372,0.0,1.905667,43.80602,7.665894886373149
2023,240,15,161.37855579868707,0.0,2.135,44.11998,7.941201497987321
2023,240,16,165.20787746170677,0.0,2.569667,44.64852,8.270173469585638
2023,240,17,138.40262582056891,0.0,2.153666,44.73006,8.2632180235493
2023,240,18,61.816192560175054,0.95,1.769667,43.91217,7.91742993390546
2023,240,19,4.3763676148796495,0.0,1.294533,41.4818,6.901891747473024
2023,240,20,0.0,0.0,1.687,39.94324,6.179128426597791
2023,240,21,0.0,0.0,0.08626667,37.69211,5.35886928357682
2023,240,22,0.0,0.0,1.094533,37.1979,5.1331998398402385
2023,240,23,0.0,0.0,0.9398667,36.56671,4.7803116633739515
2023,241,00,0.0,6.32,0.3932333,35.8635,4.506447470686423
2023,241,01,0.0,0.0,2.089667,35.00074,4.196587146010255
2023,241,02,0.0,0.0,1.713667,34.05294,3.923775976996508
2023,241,03,0.0,0.0,1.031,33.14691,3.617424447808948
2023,241,04,0.0,0.0,0.7389333,32.40127,3.485157092632048
2023,241,05,0.0,0.0,0.277,31.66693,3.287289586667219
2023,241,06,1.0940919037199124,6.32,1.145667,31.14499,3.1199758134967883
2023,241,07,62.363238512035004,0.0,2.020333,32.3606,3.2532562097496323
2023,241,08,155.36105032822755,0.0,1.919,34.67617,3.9274511667122662
2023,241,09,243.43544857768052,0.0,2.649667,35.76268,4.3954649631839695
2023,241,10,316.19256017505467,0.0,3.060333,38.62132,5.459358482700433
2023,241,11,366.52078774617064,0.0,2.620333,39.80616,5.909370440910777
2023,241,12,388.4026258205689,6.32,2.103,40.90905,6.3537690653448555
2023,241,13,383.4792122538293,0.0,2.359,41.45467,6.637033237709484
2023,241,14,317.83369803063454,0.0,1.477433,42.52079,7.105405481193124
2023,241,15,229.7592997811816,0.0,1.399,42.96125,7.277631839738935
2023,241,16,121.99124726477024,0.0,0.7538334,43.09307,7.429103722294377
2023,241,17,137.308533916849,0.0,0.6015333,43.02223,7.408834111638794
2023,241,18,54.70459518599562,6.32,1.124333,43.04482,7.452836103467348
2023,241,19,3.282275711159737,0.0,1.031,41.22335,6.739535918333184
2023,241,20,0.0,0.0,0.8662999,39.60443,6.116996789102043
2023,241,21,0.0,0.0,0.0,36.64872,5.020764812062025
2023,241,22,0.0,0.0,0.0,37.815,5.594603176513803
2023,241,23,0.0,0.0,0.7516333,37.62495,5.453718462631252
2023,242,00,0.0,6.32,0.01756667,37.27233,5.33824038123386
2023,242,01,0.0,0.0,0.0,32.91644,3.6720173346217297
2023,242,02,0.0,0.0,0.4341666,32.1708,3.4177594805728027
2023,242,03,0.0,0.0,0.6231667,32.93678,3.632924748349175
2023,242,04,0.0,0.0,0.6689667,33.18532,3.8707951065923534
2023,242,05,0.0,0.0,0.8514,33.49487,3.9283742392658656
2023,242,06,0.0,6.32,0.1885333,33.11076,3.7460491145903347
2023,242,07,26.258205689277897,0.0,0.1320667,31.67597,3.2938299533527635
2023,242,08,49.78118161925602,0.0,0.2897,32.80798,3.4808294929119903
2023,242,09,258.20568927789935,0.0,1.162767,34.85616,4.062025111017385
2023,242,10,316.7396061269146,0.0,1.545667,36.22464,4.566740395398319
2023,242,11,364.87964989059077,0.0,1.412333,37.06599,4.836576346776455
2023,242,12,387.308533916849,6.32,1.535,38.83947,5.435680120245254
2023,242,13,382.3851203501094,0.0,1.3681,38.94972,5.498033878673489
2023,242,14,346.82713347921225,0.0,1.283867,40.98308,6.406256667853647
2023,242,15,290.48140043763675,0.0,1.761667,41.14703,6.544385759706053
2023,242,16,218.8183807439825,0.0,2.060333,41.66699,6.851761895203706
2023,242,17,134.57330415754922,0.0,2.481667,41.83865,6.938879978157389
2023,242,18,52.516411378555794,6.32,2.319,41.48027,6.713643850074825
2023,242,19,2.1881838074398248,0.0,1.711,39.5212,6.021112461104944
2023,242,20,0.0,0.0,0.0,37.0668,5.1614343381844225
2023,242,21,0.0,0.0,0.0,35.58701,4.569099912955074
2023,242,22,0.0,0.0,1.175633,37.10104,5.015171591127754
2023,242,23,0.0,0.0,2.076333,35.3091,4.423570283129767
2023,243,00,0.0,6.32,0.08093333,34.4128,4.080993409447774
2023,243,01,0.0,0.0,1.455,33.64626,3.648029086959013
2023,243,02,0.0,0.0,1.047,32.73342,3.309973865328587
2023,243,03,0.0,0.0,1.375,32.02845,3.3143587494271998
2023,243,04,0.0,0.0,0.0527,30.67275,2.974881939459969
2023,243,05,0.0,0.0,0.1912,30.38579,2.8697853093363173
2023,243,06,0.5470459518599562,6.32,0.0,30.1011,2.792958318586256
2023,243,07,53.06345733041575,0.0,0.5653,31.79799,3.1384613050386037
2023,243,08,145.51422319474835,0.0,1.233667,33.48809,3.668160738055788
2023,243,09,209.51859956236322,0.0,2.100333,34.45673,3.983951232312207
2023,243,10,80.41575492341356,0.25,1.433667,34.11682,3.802517636007358
2023,243,11,235.77680525164112,0.25,1.164333,34.67881,3.7098663977559605
2023,243,12,187.08971553610502,6.32,1.175,33.84779,3.4126044173093124
2023,243,13,344.09190371991247,0.0,1.033667,36.59085,4.375687757090117
2023,243,14,363.78555798687086,0.0,2.319,39.40612,5.781019394650744
2023,243,15,293.21663019693653,0.0,2.300333,39.97637,6.0546450622525985
2023,243,16,219.36542669584244,0.0,2.916333,40.18307,6.0594630118622135
2023,243,17,135.12035010940917,0.0,2.967,39.87355,5.932032245790529
2023,243,18,49.78118161925602,6.32,2.169667,39.40919,5.693419782512804
2023,243,19,2.1881838074398248,0.0,3.239,37.85285,5.004229715407839
2023,243,20,0.0,0.0,2.841667,37.11926,4.616143349636607
2023,243,21,0.0,0.25,7.716333,26.19932,1.3949684370964799
2023,243,22,0.0,0.76,4.337667,25.48673,1.5062454750550165
2023,243,23,0.0,0.76,0.5984,25.96128,1.4654661887856506
2023,244,00,0.0,6.83,1.839,23.40704,0.670790924488024
2023,244,01,0.0,0.51,1.089833,24.91855,1.1735953401636758
2023,244,02,0.0,0.25,1.604333,24.29156,0.9521224967575626
2023,244,03,0.0,0.25,0.5193333,24.15822,0.9723203735484729
2023,244,04,0.0,0.25,0.6851333,24.57856,0.9554964571793215
2023,244,05,0.0,0.0,0.08893333,25.70398,1.4821160937765903
2023,244,06,0.5470459518599562,6.32,1.575,24.66669,1.101916167438528
2023,244,07,28.44638949671772,0.25,0.9078666,24.89042,1.0614613918099993
2023,244,08,115.42669584245075,0.0,1.625666,26.26523,1.441403856918965
2023,244,09,94.09190371991247,0.0,0.7017667,26.34357,1.4584084469808423
2023,244,10,103.39168490153172,0.0,1.620333,27.24512,1.6350222609532064
2023,244,11,88.62144420131291,0.25,1.479,28.31386,1.8180651805594377
2023,244,12,35.010940919037196,6.83,3.068333,27.31064,1.5991283469031936
2023,244,13,101.20350109409189,0.25,2.585667,27.00109,1.379761092735511
2023,244,14,140.59080962800874,0.51,1.975,27.514,1.4582395269582789
2023,244,15,123.08533916849015,0.51,0.0607,28.31612,1.7197891447988969
2023,244,16,163.01969365426694,0.25,1.208733,29.66278,2.111426887304489
2023,244,17,89.16849015317285,0.25,0.1011667,29.68278,2.142783196018091
2023,244,18,19.693654266958422,6.57,0.7656,28.96457,2.1461543638990257
2023,244,19,1.0940919037199124,0.0,0.1992,28.56463,1.9435406138114808
2023,244,20,0.0,0.0,0.0,28.4833,1.9325414783716663
2023,244,21,0.0,0.25,0.0,27.47104,1.6729516945425353
2023,244,22,0.0,0.25,0.0,26.79482,1.5089537525147223
2023,244,23,0.0,0.25,0.0,25.93314,1.009334999971341
2023,245,00,0.0,6.57,0.0,26.00467,0.9328561598040638
2023,245,01,0.0,0.25,0.0,24.99579,0.6592230280116915
2023,245,02,0.0,0.25,0.0,25.06879,0.8755957660073804
2023,245,03,0.0,0.25,0.0,25.11864,0.8786998233216892
2023,245,04,0.0,0.0,0.0,25.29266,0.9400919344293691
2023,245,05,0.0,0.0,0.3201333,24.92144,0.7739491329740467
2023,245,06,0.0,6.57,0.08093333,23.89582,0.5217324664057583
2023,245,07,43.7636761487965,0.25,0.8769666,25.54124,0.9678359210082454
2023,245,08,146.60831509846827,0.25,0.9389333,26.39367,1.267921093514387
2023,245,09,240.15317286652078,0.25,1.092967,28.48332,1.633849412637563
2023,245,10,312.36323851203497,0.25,1.551633,29.94196,2.104623354412894
2023,245,11,365.9737417943107,0.0,1.0903,31.72935,2.552393838902189
2023,245,12,408.0962800875273,6.57,2.751,32.3322,2.755839329936671
2023,245,13,406.45514223194743,0.25,2.287,32.99113,2.9967268586641853
2023,245,14,331.50984682713346,0.25,2.665666,33.47475,3.2113999374572177
2023,245,15,169.58424507658643,0.0,2.247,33.45455,3.199078446057962
2023,245,16,166.3019693654267,0.25,1.6161,33.77611,3.3653600017126433
2023,245,17,124.17943107221006,0.25,1.900333,34.57238,3.827013194136286
2023,245,18,17.505470459518598,6.57,3.057667,32.92408,3.1238354783188966
2023,245,19,2.1881838074398248,0.25,2.961667,31.8135,2.791488150589116
2023,245,20,0.0,0.0,2.785667,29.11369,1.9974885172820156
2023,245,21,0.0,0.25,1.194767,28.55108,1.81064833204787
2023,245,22,0.0,0.25,1.201667,28.1647,1.7392137745035183
2023,245,23,0.0,0.25,1.481667,27.73992,1.7009659826999393
2023,246,00,0.0,6.57,0.253,26.86775,1.451197755957637
2023,246,01,0.0,0.0,1.2801,26.66846,1.3922631639081506
2023,246,02,0.0,0.0,0.0,25.61144,1.1453356853610166
2023,246,03,0.0,0.25,0.999,26.02575,1.2839652128185965
2023,246,04,0.0,0.25,0.8647333,25.52542,1.2008278837113284
2023,246,05,0.0,0.25,0.2194333,24.71412,1.062526578288179
2023,246,06,0.5470459518599562,6.32,0.0,23.55672,0.83002577868488
2023,246,07,55.798687089715536,0.25,0.3014666,25.84919,1.2746267847865054
2023,246,08,150.98468271334792,0.25,0.03513334,27.63,1.7878031957417944
2023,246,09,239.60612691466082,0.25,0.8278666,29.72153,2.2361939622765017
2023,246,10,312.9102844638949,0.25,0.6052999,31.51217,2.7139633432795187
2023,246,11,365.9737417943107,0.25,1.262067,32.74326,3.144258034449109
2023,246,12,387.85557986870896,6.57,2.548333,33.74696,3.505750843557555
2023,246,13,382.3851203501094,0.0,2.436333,34.34415,3.7798941661684275
2023,246,14,350.109409190372,0.25,2.204333,35.22136,4.1096431439132655
2023,246,15,295.40481400437636,0.0,2.372333,35.97953,4.434723381942715
2023,246,16,217.72428884026257,0.25,2.001667,36.12525,4.514672743076396
2023,246,17,132.93216630196935,0.25,2.711,36.10926,4.54991020947955
2023,246,18,47.04595185995623,6.32,2.423,35.65931,4.564043485188625
2023,246,19,1.6411378555798684,0.25,1.972333,34.1166,3.8617883010655327
2023,246,20,0.0,0.25,1.716333,33.56621,3.569783002676286
2023,246,21,0.0,0.25,1.359,32.96615,3.447880340064062
2023,246,22,0.0,0.25,0.4688333,31.87933,3.1795349336654195
2023,246,23,0.0,0.25,0.229,28.69568,2.278469906495134
2023,247,00,0.0,6.57,0.0,29.89548,2.6736101056042836
2023,247,01,0.0,0.25,0.0,27.52392,2.067097081319203
2023,247,02,0.0,0.0,0.0,27.74415,2.1827373163080566
2023,247,03,0.0,0.0,0.0,26.54005,1.8070730307936467
2023,247,04,0.0,0.25,0.0,28.18746,2.110237515319547
2023,247,05,0.0,0.25,0.01756667,26.4139,1.576226919091835
2023,247,06,0.5470459518599562,6.57,0.9425333,27.45043,1.6994913489587138
2023,247,07,53.06345733041575,0.25,0.0,27.37198,1.7648813171107482
2023,247,08,152.07877461706784,0.0,0.5750333,29.40076,2.2776388139151007
2023,247,09,241.2472647702407,0.25,1.077433,31.08163,2.635713294792325
2023,247,10,315.09846827133475,0.25,0.7838,31.8742,2.8259798595539514
2023,247,11,367.61487964989055,0.25,1.881667,32.79248,3.17860577264739
2023,247,12,390.59080962800874,6.57,1.9521,33.86063,3.730977079307455
2023,247,13,390.0437636761488,0.25,3.015,34.7356,4.037657100437733
2023,247,14,357.2210065645514,0.25,2.673667,36.06007,4.66634966476023
2023,247,15,262.58205689277895,0.0,1.831,36.08372,4.742967853288767
2023,247,16,224.28884026258206,0.25,2.583,35.97948,4.686591879462375
2023,247,17,130.1969365426696,0.25,3.023,36.01087,4.6943586246420725
2023,247,18,46.498905908096276,6.32,2.652333,35.05461,4.400449023583313
2023,247,19,1.6411378555798684,0.0,2.551,33.82257,4.185262785052709
2023,247,20,0.0,0.0,2.031,33.23275,4.100684192548482
2023,247,21,0.0,0.25,1.764333,32.07138,3.768310825140722
2023,247,22,0.0,0.0,1.068333,30.74054,3.4360507105073625
2023,247,23,0.0,0.0,2.308333,30.63434,3.4790426563909547
2023,248,00,0.0,6.32,1.393667,29.96779,3.308623026936371
2023,248,01,0.0,0.0,0.09693334,28.533,2.8763637227158885
2023,248,02,0.0,0.0,0.02023333,25.42738,2.1460018176528157
2023,248,03,0.0,0.0,0.0,24.8985,1.9330096395206262
2023,248,04,0.0,0.0,0.0,23.19714,1.6563846590973874
2023,248,05,0.0,0.0,0.01756667,22.88748,1.5138618898008787
2023,248,06,0.5470459518599562,6.32,0.1145,22.39022,1.3857393610055118
2023,248,07,61.2691466083151,0.0,0.7202666,24.26851,1.7432735915864974
2023,248,08,157.54923413566738,0.0,1.372333,25.84254,2.0119435390743385
2023,248,09,248.90590809628006,0.25,1.279,29.46848,2.910041266539099
2023,248,10,322.2100656455142,0.25,1.449667,30.77811,3.360329527342589
2023,248,11,369.8030634573304,0.25,1.5852,32.14009,3.5554486811873605
2023,248,12,393.3260393873085,6.32,1.956333,33.72543,4.1126058915127786
2023,248,13,387.85557986870896,0.25,2.436333,34.94746,4.621729886194994
2023,248,14,353.9387308533917,0.25,2.396333,36.51932,5.5050494539726085
2023,248,15,294.31072210065645,0.25,1.743,36.89205,5.554007624486408
2023,248,16,214.9890590809628,0.0,1.204967,37.12483,5.6615672662059975
2023,248,17,130.74398249452952,0.0,2.076333,37.37976,5.758455230668565
2023,248,18,42.669584245076585,6.57,0.9991667,37.18993,5.768229724771981
2023,248,19,1.0940919037199124,0.25,1.263,34.6968,4.807579677150531
2023,248,20,0.0,0.25,1.369667,33.52867,4.432743423611031
2023,248,21,0.0,0.25,1.543,32.55718,4.08547855930844
2023,248,22,0.0,0.25,1.545667,32.07138,3.926835432561243
2023,248,23,0.0,0.25,2.057667,31.624,3.81906504718762
2023,249,00,0.0,6.32,0.522,29.70343,3.27284920905624
2023,249,01,0.0,0.0,0.0,27.18408,2.6098123793521597
2023,249,02,0.0,0.25,0.0,25.8168,2.2604931235521644
2023,249,03,0.0,0.25,0.0,23.39286,1.8779007638277663
2023,249,04,0.0,0.0,0.0,23.30789,1.932658637401035
2023,249,05,0.0,0.0,0.0,23.25817,1.9712459287924358
2023,249,06,0.0,6.32,0.0,22.24331,1.7656279777122958
2023,249,07,59.08096280087527,0.0,0.5006667,25.25625,2.3612855907093913
2023,249,08,155.36105032822755,0.25,1.292333,27.73254,2.923928097238429
2023,249,09,244.52954048140043,0.0,1.796333,30.78124,3.6491530201982494
2023,249,10,317.83369803063454,0.0,1.804333,32.14209,3.9863438017025308
2023,249,11,366.52078774617064,0.0,0.4288333,34.0824,4.5065875755641525
2023,249,12,389.4967177242888,6.32,1.772333,35.59813,4.992373096759099
2023,249,13,384.02625820568926,0.0,2.020333,36.62413,5.321850271978333
2023,249,14,351.75054704595186,0.0,1.836333,37.50156,5.708010218681187
2023,249,15,291.57549234135666,0.0,1.316333,37.6475,5.713634574009879
2023,249,16,213.89496717724288,0.0,1.5052,38.10533,5.919480506472188
2023,249,17,126.91466083150983,0.0,1.284033,38.21857,5.921369958439341
2023,249,18,43.7636761487965,6.32,0.4208333,37.63628,5.7178821895355005
2023,249,19,1.0940919037199124,0.0,0.8998666,35.63984,5.0201476482987735
2023,249,20,0.0,0.0,1.0241,33.97155,4.485925467650315
2023,249,21,0.0,0.0,1.271,33.76375,4.584035458258689
2023,249,22,0.0,0.0,1.121667,33.30056,4.505186058669549
2023,249,23,0.0,0.0,0.0,28.66857,3.2005582367923533
2023,250,00,0.0,6.32,0.0,26.53921,2.6356128510192613
2023,250,01,0.0,0.0,0.0,24.92391,2.2137551597329326
2023,250,02,0.0,0.0,0.0,23.44577,1.8860435523483918
2023,250,03,0.0,0.0,0.0,23.222,1.8535256174536423
2023,250,04,0.0,0.0,0.2381,24.8381,2.351501533216057
2023,250,05,0.0,0.0,0.0,24.19392,2.206263534029209
2023,250,06,0.0,6.32,0.0,23.26495,2.0355568082011746
2023,250,07,56.89277899343544,0.0,0.0,24.7183,2.0814716604496843
2023,250,08,152.6258205689278,0.0,1.154767,26.88402,2.7305935265993426
2023,250,09,240.15317286652078,0.0,1.023633,31.20379,3.752397449002508
2023,250,10,312.9102844638949,0.0,1.553667,33.56343,4.419646644384007
2023,250,11,362.144420131291,0.0,0.8114,35.29773,4.94338082353625
2023,250,12,384.02625820568926,6.32,1.034933,36.97182,5.567412735751451
2023,250,13,376.9146608315098,0.0,1.607,38.13007,6.041579000855384
2023,250,14,340.8096280087527,0.0,1.631,38.75621,6.2710589718671885
2023,250,15,281.1816192560175,0.0,1.799,39.08849,6.464903890543972
2023,250,16,207.3304157549234,0.0,2.089667,39.87323,6.827833129678651
2023,250,17,122.5382932166302,0.0,2.804333,39.5553,6.702516743287729
2023,250,18,44.857768052516406,6.32,2.001667,38.98169,6.5059616582398965
2023,250,19,0.5470459518599562,0.0,1.809667,37.31563,5.875699522832359
2023,250,20,0.0,0.0,1.196333,36.61668,5.5119508157659745
2023,250,21,0.0,0.0,0.0,31.78427,3.9430087498476345
2023,250,22,0.0,0.0,0.7271666,34.49809,4.774488088363631
2023,250,23,0.0,0.0,0.0,32.25892,4.024182948277489
2023,251,00,0.0,6.32,0.0,30.46262,3.454005986813525
2023,251,01,0.0,0.0,0.0,28.63468,2.970096918722912
2023,251,02,0.0,0.0,0.0,27.15121,2.7524204599195494
2023,251,03,0.0,0.0,0.0,28.32089,2.9726665215559316
2023,251,04,0.0,0.0,0.7427,28.09524,2.9688332010193785
2023,251,05,0.0,0.0,1.247,28.54464,3.065174860404283
2023,251,06,0.0,6.32,0.5049,27.16151,2.6495586116069108
2023,251,07,43.7636761487965,0.0,0.0,27.80075,2.74800812546381
2023,251,08,169.58424507658643,0.0,0.0,32.12578,3.825704218500161
2023,251,09,239.60612691466082,0.0,1.460333,32.9884,4.135590422096471
2023,251,10,306.3457330415755,0.0,1.508333,34.90103,4.889250049977967
2023,251,11,372.53829321663017,0.0,1.273667,36.59838,5.32519110119481
2023,251,12,384.02625820568926,6.32,1.745667,37.58792,5.777555809988382
2023,251,13,374.17943107221004,0.0,2.295,38.99257,6.221195461521514
2023,251,14,352.8446389496718,0.0,1.929667,40.14912,6.777075622498759
2023,251,15,298.14004376367615,0.0,1.804333,40.62984,6.92737748203891
2023,251,16,216.63019693654266,0.0,2.572333,41.39142,7.193083921528045
2023,251,17,120.35010940919037,0.0,1.887,41.11161,7.0231475471899705
2023,251,18,38.84026258205689,6.32,1.601667,40.1446,6.565213184258583
2023,251,19,0.5470459518599562,0.0,2.257667,38.89592,6.122197816236305
2023,251,20,0.0,0.0,2.233666,38.09601,5.737847947595065
2023,251,21,0.0,0.0,0.1416333,36.22619,4.997150168379353
2023,251,22,0.0,0.0,0.2098667,35.25245,4.664286787475382
2023,251,23,0.0,0.0,0.3003667,34.83024,4.548868082637132
2023,252,00,0.0,6.32,0.0,31.67371,3.5948514387699047
2023,252,01,0.0,0.0,0.0,33.4768,4.0731435461994945
2023,252,02,0.0,0.0,1.164967,32.66337,3.8903970524000986
2023,252,03,0.0,0.0,0.0,29.74409,2.939386653239985
2023,252,04,0.0,0.0,0.0,27.47448,2.4591403754084165
2023,252,05,0.0,0.0,0.0,26.74539,2.2615504025125923
2023,252,06,0.0,6.32,0.0,26.43164,2.2595766177807866
2023,252,07,53.61050328227571,0.0,0.0,29.40564,2.952159315004913
2023,252,08,148.24945295404814,0.0,0.9589999,32.38781,3.8209455240826595
2023,252,09,236.32385120350108,0.0,1.495,33.78169,4.201223302823995
2023,252,10,311.26914660831505,0.0,1.564333,36.13503,5.000957042201832
2023,252,11,358.3150984682713,0.0,1.3281,37.90845,5.609312211285266
2023,252,12,379.6498905908096,6.32,1.426767,39.21191,6.126009544653938
2023,252,13,372.53829321663017,0.0,2.044333,41.04583,6.887428191789148
2023,252,14,336.980306345733,0.0,1.0903,42.63825,7.6118299082605185
2023,252,15,277.3522975929978,0.0,1.2961,42.66083,7.6759836547326294
2023,252,16,202.40700218818378,0.0,2.036333,43.13743,7.913819401736398
2023,252,17,119.80306345733041,0.0,1.793667,43.18376,7.912630516334322
2023,252,18,36.65207877461707,6.32,1.444333,42.30169,7.559963199206999
2023,252,19,0.5470459518599562,0.0,1.383,40.34853,6.643876507036653
2023,252,20,0.0,0.0,1.169667,39.71317,6.397476912903904
2023,252,21,0.0,0.0,0.01756667,37.18769,5.390762745401284
2023,252,22,0.0,0.0,0.3121333,36.2785,5.106239677850146
2023,252,23,0.0,0.0,0.0,34.32185,4.41711167083373
2023,253,00,0.0,6.32,0.08093333,32.38771,3.8144733712287526
2023,253,01,0.0,0.0,0.0,31.15403,3.4504053028563133
2023,253,02,0.0,0.0,0.0,29.45262,2.9692843471594124
2023,253,03,0.0,0.0,0.0,29.87279,3.054554041369699
2023,253,04,0.0,0.0,0.0,28.38853,2.6237936965320086
2023,253,05,0.0,0.0,0.0,28.1632,2.614857422678562
2023,253,06,0.0,6.32,0.0,27.67063,2.447990697755938
2023,253,07,54.70459518599562,0.0,1.239,30.28431,3.0642481757745896
2023,253,08,87.527352297593,0.0,0.221,30.79254,3.1149382561381573
2023,253,09,168.4901531728665,0.0,2.071,34.95103,4.583056460474789
2023,253,10,314.5514223194748,0.0,1.855,36.81376,5.21191569563134
2023,253,11,365.9737417943107,0.0,1.884333,38.6133,5.874335492960497
2023,253,12,371.44420131291025,6.32,1.276333,39.9639,6.411381346291288
2023,253,13,373.0853391684901,0.0,0.9324999,41.68506,7.1276350186548285
2023,253,14,358.3150984682713,0.0,1.462067,42.2996,7.473829619508873
2023,253,15,125.27352297592996,0.0,2.217667,41.98601,7.334778622168989
2023,253,16,128.00875273522976,0.0,2.868333,41.63767,7.149370229468003
2023,253,17,57.986870897155356,0.0,3.591,39.9933,6.393463815486804
2023,253,18,19.14660831509847,6.32,1.631167,38.61715,5.874361117368688
2023,253,19,0.0,0.0,1.015633,37.15798,5.320801526811541
2023,253,20,0.0,0.0,0.09316667,36.34317,5.003879362234746
2023,253,21,0.0,0.0,0.5502333,35.88702,4.886001437326677
2023,253,22,0.0,0.0,0.0,34.63564,4.41885876623186
2023,253,23,0.0,0.0,1.0241,34.77375,4.503222911179128
2023,254,00,0.0,6.32,1.489667,33.751,4.147023769616668
2023,254,01,0.0,0.0,1.340333,33.04523,3.9596454602809423
2023,254,02,0.0,0.0,0.3521333,32.05105,3.6430378946517985
2023,254,03,0.0,0.0,1.257667,31.30541,3.434500677775696
2023,254,04,0.0,0.0,0.0,29.83899,3.0153418739136626
2023,254,05,0.0,0.0,0.1427333,29.72602,2.9758954670917324
2023,254,06,0.0,6.32,1.775,29.57463,2.8657419680040306
2023,254,07,21.88183807439825,0.0,1.772333,29.46844,2.8225866282887098
2023,254,08,57.4398249452954,0.0,1.493433,29.60626,2.8046696049486717
2023,254,09,135.12035010940917,0.0,1.732333,30.93485,3.2169256896264047
2023,254,10,248.90590809628006,0.0,2.137666,33.32175,3.847871175045386
2023,254,11,335.8862144420131,0.0,1.865667,35.17533,4.4596149699800485
2023,254,12,407.0021881838074,6.32,3.356333,37.21378,5.172890881345287
2023,254,13,326.0393873085339,0.0,2.716333,37.13515,5.123580289594573
2023,254,14,322.2100656455142,0.0,3.455,38.50983,5.58956000808371
2023,254,15,282.2757111597374,0.0,3.780333,38.80597,5.676057397001619
2023,254,16,189.27789934354485,0.0,3.895,38.4665,5.540696654044374
2023,254,17,111.59737417943107,0.0,3.980333,38.39392,5.549635015897317
2023,254,18,34.46389496717724,6.32,3.585667,36.97113,5.021114966888496
2023,254,19,0.0,0.0,2.297667,36.02563,4.702699928249124
2023,254,20,0.0,0.0,3.252333,35.43404,4.5615536115916395
2023,254,21,0.0,0.0,1.607,34.34693,4.256745478734283
2023,254,22,0.0,0.0,0.0,33.37487,3.9192000375544045
2023,254,23,0.0,0.0,0.0,32.6566,3.691591325500962
2023,255,00,0.0,6.32,1.063633,33.02489,3.8464126792088034
2023,255,01,0.0,0.0,1.279,32.68371,3.7381204050103665
2023,255,02,0.0,0.0,2.145667,32.17532,3.5718211012174836
2023,255,03,0.0,0.0,1.345667,31.70083,3.4218171489421336
2023,255,04,0.0,0.0,0.0,30.45358,3.0233902576535177
2023,255,05,0.0,0.0,0.0,30.01298,2.8716936543960365
2023,255,06,0.0,6.32,0.0,29.31705,2.719385910835252
2023,255,07,22.428884026258203,0.0,0.2603666,29.63564,2.683456792858937
2023,255,08,84.79212253829321,0.0,3.287,29.37128,2.4725781265049727
2023,255,09,246.1706783369803,0.0,2.612333,30.15984,2.3408292984215144
2023,255,10,173.96061269146608,0.0,2.639,29.96553,2.1573047874964044
2023,255,11,189.27789934354485,0.0,1.959,30.21505,2.1714527338227474
2023,255,12,399.34354485776805,6.32,2.151,32.45689,2.9821818096489965
2023,255,13,373.0853391684901,0.0,1.810767,33.6034,3.3502466820295065
2023,255,14,320.02188183807436,0.0,1.625666,35.08897,3.8335507713702577
2023,255,15,275.7111597374179,0.0,1.1736,35.40576,4.108154217485556
2023,255,16,148.24945295404814,0.0,3.556333,33.22807,3.3729704264920968
2023,255,17,40.48140043763676,0.0,2.599,32.50446,3.0022299408950315
2023,255,18,15.86433260393873,6.32,1.697667,32.10521,2.8848654880148636
2023,255,19,0.0,0.0,2.137666,29.09788,2.2463574326688533
2023,255,20,0.0,0.0,2.351,28.47877,2.0852497079338512
2023,255,21,0.0,1.02,1.143,22.41483,0.533895177309598
2023,255,22,0.0,0.25,1.2663,23.50279,0.7396083892602053
2023,255,23,0.0,0.25,0.5264,24.65536,0.8395921546654407
2023,256,00,0.0,6.57,2.599,23.67232,0.6288440794897141
2023,256,01,0.0,0.25,2.537667,23.88023,0.8181461281372101
2023,256,02,0.0,0.0,2.607,23.12542,0.7075246597256583
2023,256,03,0.0,0.25,2.343,23.47797,0.769350745348932
2023,256,04,0.0,0.0,1.836333,22.99209,0.7593426934072337
2023,256,05,0.0,0.0,2.508333,23.35367,0.8252304726570373
2023,256,06,0.0,6.57,2.673667,23.31073,0.881067948787736
2023,256,07,6.017505470459518,0.25,2.863,21.09378,0.3726013698730563
2023,256,08,77.68052516411377,0.25,2.729667,21.99304,0.6682596995726237
2023,256,09,121.99124726477024,0.0,2.807,23.21558,0.8321096652254031
2023,256,10,261.48796498905904,0.0,2.695,25.80588,1.3466754025489411
2023,256,11,283.3698030634573,0.0,2.524333,28.27319,1.8444146533699042
2023,256,12,390.0437636761488,6.32,2.196333,30.182,2.326565050228719
2023,256,13,376.36761487964986,0.0,3.047,31.37027,2.668567665003934
2023,256,14,340.26258205689277,0.0,3.079,32.78059,3.0863715557820033
2023,256,15,264.2231947483588,0.0,3.015,33.58475,3.3598105682953885
2023,256,16,177.24288840262582,0.0,2.265667,33.76842,3.4693344045374293
2023,256,17,50.328227571115974,0.0,2.415,32.62453,3.0965753400651184
2023,256,18,33.369803063457326,6.32,1.527,32.59867,3.1123251378027215
2023,256,19,0.0,0.0,1.844333,31.13109,2.712716033367201
2023,256,20,0.0,0.0,2.265666,29.89096,2.413169264480249
2023,256,21,0.0,0.0,1.1783,28.90356,2.125264397012563
2023,256,22,0.0,0.0,1.935,28.51041,2.071304771916485
2023,256,23,0.0,0.0,1.937667,27.76703,1.9430366653448548
2023,257,00,0.0,6.32,1.191,27.22023,1.7995810618209218
2023,257,01,0.0,0.0,0.5173,26.10015,1.5633697188104096
2023,257,02,0.0,0.0,1.0881,26.14519,1.606668861379456
2023,257,03,0.0,0.0,0.06336667,24.86821,1.2956217627289708
2023,257,04,0.0,0.0,0.1709667,24.66666,1.2521316476669884
2023,257,05,0.0,0.0,1.631,24.73672,1.437624498614128
2023,257,06,0.0,6.32,2.015,25.15254,1.5436680897222137
2023,257,07,26.805251641137854,0.0,0.3905667,24.8,1.3745757636346358
2023,257,08,149.34354485776805,0.0,1.868333,26.60307,1.801968754319756
2023,257,09,186.54266958424506,0.0,1.799,27.72639,2.064226077591493
2023,257,10,247.26477024070022,0.0,1.697667,29.70449,2.4795988913645908
2023,257,11,304.1575492341357,0.0,1.735,31.50362,2.96371936233224
2023,257,12,374.17943107221004,6.32,1.457667,33.36636,3.490224629006338
2023,257,13,373.0853391684901,0.0,1.652333,33.51523,3.7216348559873023
2023,257,14,336.43326039387307,0.0,2.649667,34.84574,4.212443291351793
2023,257,15,274.617067833698,0.0,1.911,35.17085,4.408772611540356
2023,257,16,198.03063457330416,0.0,1.356333,35.27712,4.488574191415451
2023,257,17,113.78555798687088,0.0,0.9067667,35.45792,4.6184274979710125
2023,257,18,30.63457330415755,6.32,0.2401333,35.12535,4.536419250529508
2023,257,19,0.0,0.0,1.303,33.14295,4.117604235699344
2023,257,20,0.0,0.0,1.188333,31.99908,3.871853296792716
2023,257,21,0.0,0.0,0.0,29.90452,3.3928862368831605
2023,257,22,0.0,0.0,0.0,28.88114,2.9425087103325187
2023,257,23,0.0,0.0,0.5791,28.08359,2.6678789108530268
2023,258,00,0.0,6.32,0.0,24.70508,1.7145042399962032
2023,258,01,0.0,0.0,0.7154,26.2222,2.195685473737538
2023,258,02,0.0,0.0,0.0,24.44454,1.8080567902863673
2023,258,03,0.0,0.0,0.0,24.0309,1.7854414176376923
2023,258,04,0.0,0.0,0.1996667,25.0257,1.8124379781999571
2023,258,05,0.0,0.0,1.439,24.99084,1.7842890949734092
2023,258,06,0.0,6.32,1.481667,24.68793,1.7253091675140524
2023,258,07,49.23413566739606,0.0,1.863,24.91076,1.7353298196911848
2023,258,08,148.7964989059081,0.0,1.921667,27.1263,2.2258050892487393
2023,258,09,237.417943107221,0.0,2.204333,29.92489,2.885378350428598
2023,258,10,310.7221006564551,0.0,2.049667,31.37965,3.29376098524711
2023,258,11,360.5032822757111,0.0,1.695,32.96583,3.745777955838107
2023,258,12,381.2910284463895,6.32,1.601667,33.68916,4.017937405437153
2023,258,13,373.0853391684901,0.0,1.417667,34.91382,4.466262638545378
2023,258,14,334.7921225382932,0.0,0.9627666,36.06781,4.9877323017389985
2023,258,15,274.617067833698,0.0,1.401667,37.02737,5.3984393610503725
2023,258,16,198.03063457330416,0.0,1.401667,36.39381,5.231204706650301
2023,258,17,111.05032822757111,0.0,0.4362,37.10353,5.468210068920088
2023,258,18,27.35229759299781,6.32,0.9403333,35.59195,4.986291921346874
2023,258,19,0.0,0.0,0.0,32.67341,4.1162715163140895
2023,258,20,0.0,0.0,0.0,30.78573,3.517388453266578
2023,258,21,0.0,0.0,0.0,28.94475,2.7443669062256326
2023,258,22,0.0,0.0,0.0,27.96722,2.690979792668789
2023,258,23,0.0,0.0,0.0,27.41469,2.5569403236801516
2023,259,00,0.0,6.32,0.0,26.23139,2.4389707753764664
2023,259,01,0.0,0.0,1.156333,26.16035,2.3781897883487932
2023,259,02,0.0,0.0,0.0,23.59074,1.7847053405943385
2023,259,03,0.0,0.0,0.0,22.37866,1.507825483555964
2023,259,04,0.0,0.0,0.0,22.24557,1.5203508213198609
2023,259,05,0.0,0.0,0.0,23.02084,1.6633634191731725
2023,259,06,0.0,6.32,0.0,23.25364,1.6290293410171857
2023,259,07,49.23413566739606,0.0,0.9265333,24.49906,1.837991538389598
2023,259,08,148.7964989059081,0.0,1.932333,27.1666,2.464679121117735
2023,259,09,237.96498905908095,0.0,2.761667,30.46265,3.2344292823674983
2023,259,10,311.26914660831505,0.0,1.887,31.80279,3.6491595615400394
2023,259,11,361.59737417943103,0.0,1.324333,33.62843,4.313981651967889
2023,259,12,381.83807439824943,6.32,2.265666,34.75484,4.6827909658344335
2023,259,13,373.6323851203501,0.0,1.948333,35.70617,5.065890839615621
2023,259,14,336.980306345733,0.0,1.473667,37.43411,5.6852282065031945
2023,259,15,265.8643326039387,0.0,2.079,37.56761,5.737520697043178
2023,259,16,186.54266958424506,0.0,2.513667,37.78654,5.889787586389007
2023,259,17,92.99781181619255,0.0,1.916333,37.40701,5.756104699346176
2023,259,18,24.61706783369803,6.32,0.0,36.01744,5.195413968883104
2023,259,19,0.0,0.0,0.0,32.62447,4.098863089768315
2023,259,20,0.0,0.0,0.0,30.85351,3.6331041793594054
2023,259,21,0.0,0.0,0.03513334,30.64074,3.486220094192752
2023,259,22,0.0,0.0,2.113667,32.78994,4.3128851425404875
2023,259,23,0.0,0.0,2.017667,32.07142,4.176787774024846
2023,260,00,0.0,6.32,2.665667,31.47717,3.99994108861846
2023,260,01,0.0,0.0,2.175,30.0469,3.571178198890303
2023,260,02,0.0,0.0,1.013433,28.93296,3.302114212548509
2023,260,03,0.0,0.0,0.9762667,28.77932,3.2793744231738358
2023,260,04,0.0,0.0,0.0,24.67147,2.25392083990456
2023,260,05,0.0,0.0,0.0,23.4722,1.963690401376985
2023,260,06,0.0,6.32,0.0,22.6705,1.732075290271754
2023,260,07,45.40481400437636,0.0,0.4986333,25.00762,2.203270595246159
2023,260,08,144.42013129102844,0.0,1.537667,26.64686,2.6041327593478796
2023,260,09,234.6827133479212,0.0,1.562767,30.14181,3.3586814681817216
2023,260,10,308.53391684901527,0.0,1.527,32.42524,4.00425491005585
2023,260,11,358.3150984682713,0.0,1.807,33.94475,4.462594180912242
2023,260,12,379.10284463894965,6.32,2.260333,35.19729,4.756096756176057
2023,260,13,371.9912472647702,0.0,2.369667,36.16284,5.074261861290925
2023,260,14,335.8862144420131,0.0,2.311,37.30426,5.60599923988681
2023,260,15,275.7111597374179,0.0,2.132333,37.55348,5.830722704740537
2023,260,16,197.4835886214442,0.0,2.337667,38.04177,6.0034946121256425
2023,260,17,111.59737417943107,0.0,2.161667,37.86803,6.003648494378492
2023,260,18,25.71115973741794,6.32,1.599,37.10052,5.710233135724574
2023,260,19,0.0,0.0,0.7916333,34.12794,4.647302168750613
2023,260,20,0.0,0.0,0.9751666,32.991,4.259226551248731
2023,260,21,0.0,0.0,0.2663333,32.24085,4.079009112735454
2023,260,22,0.0,0.0,1.236333,31.69857,3.894987119591958
2023,260,23,0.0,0.0,1.417667,31.14499,3.7848194818386443
2023,261,00,0.0,6.32,0.0,28.29801,2.9902414483276694
2023,261,01,0.0,0.0,0.0,26.11211,2.4369251833611356
2023,261,02,0.0,0.0,2.407,28.70365,3.1729429804074685
2023,261,03,0.0,0.0,0.0,24.9306,2.2858527006351577
2023,261,04,0.0,0.0,0.0,22.97885,1.794084346291581
2023,261,05,0.0,0.0,0.08626666,22.5439,1.7049760329013144
2023,261,06,0.0,6.32,0.3590333,22.39022,1.7330691956053952
2023,261,07,47.59299781181619,0.0,0.5866333,23.66954,1.9119835754019094
2023,261,08,145.51422319474835,0.0,0.9314,26.33549,2.488715719583424
2023,261,09,236.32385120350108,0.0,1.1132,29.02566,3.0495286997797124
2023,261,10,309.0809628008752,0.0,0.8807333,31.82062,3.7633515747194757
2023,261,11,359.4091903719912,0.0,0.9107,32.79773,4.066305642363442
2023,261,12,380.19693654266956,6.32,2.137666,33.98276,4.463126168562277
2023,261,13,371.44420131291025,0.0,1.892333,34.42999,4.794980690525731
2023,261,14,335.8862144420131,0.0,2.809667,35.56659,5.156204943822018
2023,261,15,272.97592997811813,0.0,2.273667,35.79322,5.202545295600681
2023,261,16,192.5601750547046,0.0,2.069433,35.93395,5.192322696125645
2023,261,17,108.86214442013129,0.0,2.300333,35.00181,4.885114172680271
2023,261,18,24.61706783369803,6.32,2.111,34.28631,4.69288664681527
2023,261,19,0.0,0.0,0.9147666,32.07803,4.16385520480936
2023,261,20,0.0,0.0,1.220333,30.60723,3.801251026525133
2023,261,21,0.0,0.0,0.5613667,29.59949,3.498936169562991
2023,261,22,0.0,0.0,0.5576,29.14533,3.479105744334131
2023,261,23,0.0,0.0,0.01756667,27.92374,3.1199905285962313
2023,262,00,0.0,6.32,0.0,24.51108,2.357454371826665
2023,262,01,0.0,0.0,0.0,25.32847,2.4522123112527097
2023,262,02,0.0,0.0,0.0,22.62529,1.8915410039202472
2023,262,03,0.0,0.0,0.0607,22.63659,1.8609682075278535
2023,262,04,0.0,0.0,0.2327667,21.3392,1.7046166277521777
2023,262,05,0.0,0.0,0.0,20.60009,1.569766315600599
2023,262,06,0.0,6.32,0.01756667,20.93461,1.6456600997609236
2023,262,07,49.23413566739606,0.0,0.3899333,22.68406,1.8789225502921008
2023,262,08,147.15536105032822,0.0,1.436333,24.28057,2.26217525888771
2023,262,09,235.77680525164112,0.0,1.492333,27.29948,2.858291143421289
2023,262,10,308.53391684901527,0.0,1.727,29.50914,3.217311666463491
2023,262,11,357.76805251641133,0.0,1.559,31.10816,3.6957059999143405
2023,262,12,378.00875273522973,6.32,1.410767,32.41118,3.9655295390684464
2023,262,13,370.8971553610503,0.0,2.165433,33.08637,4.348642326352504
2023,262,14,334.24507658643324,0.0,2.135,34.31006,4.870188965925846
2023,262,15,273.5229759299781,0.0,1.9441,35.0764,5.339899307893288
2023,262,16,195.29540481400437,0.0,1.647,35.04931,5.311462005663903
2023,262,17,108.31509846827133,0.0,0.7922667,35.24959,5.356087459682839
2023,262,18,22.97592997811816,6.32,0.01756667,34.75296,5.160295012366242
2023,262,19,0.0,0.0,0.0,31.20813,4.091804896784711
2023,262,20,0.0,0.0,0.5104,29.94971,3.627340978213045
2023,262,21,0.0,0.0,1.284333,29.87906,3.6466594829701156
2023,262,22,0.0,0.0,0.0,27.71089,3.0577268651744904
2023,262,23,0.0,0.0,0.0,23.71655,2.1645616550801163
2023,263,00,0.0,6.32,0.0,22.58461,2.0535180109225184
2023,263,01,0.0,0.0,0.1592,23.02988,2.1791612773270175
2023,263,02,0.0,0.0,0.0,20.89618,1.781421990729136
2023,263,03,0.0,0.0,0.0,21.61269,1.950460105777094
2023,263,04,0.0,0.0,1.540333,23.31919,2.2933594856261634
2023,263,05,0.0,0.0,1.039,22.20714,2.0609009501193984
2023,263,06,0.0,6.32,0.9025333,22.49615,2.083947861605308
2023,263,07,8.205689277899342,0.0,0.1374,22.00146,1.9659162852034797
2023,263,08,32.27571115973742,0.0,0.09693334,22.58497,2.026000105244392
2023,263,09,52.516411378555794,0.0,1.241667,23.66634,2.2765138768240645
2023,263,10,68.92778993435448,0.0,1.644333,25.21046,2.5643635557481335
2023,263,11,344.09190371991247,0.0,1.775,29.18603,3.348001502617974
2023,263,12,369.2560175054704,6.32,1.2412,31.44378,3.9082433056682504
2023,263,13,361.59737417943103,0.0,1.868333,32.82164,4.330408051863645
2023,263,14,230.8533916849015,0.0,1.540333,32.97902,4.3556187032439935
2023,263,15,278.4463894967177,0.0,1.452333,34.78876,4.908890593629591
2023,263,16,185.44857768052515,0.0,1.849667,35.35541,5.15025705658795
2023,263,17,48.14004376367615,0.0,2.049667,34.70259,5.02031219685557
2023,263,18,13.676148796498905,6.32,2.804333,34.31541,4.966611288535908
2023,263,19,0.0,0.0,1.615,32.6563,4.5568337141840605
2023,263,20,0.0,0.0,0.8678666,31.75054,4.230724784802396
2023,263,21,0.0,0.0,0.1091667,29.10691,3.4241854036664168
2023,263,22,0.0,0.0,1.074767,28.62008,3.401648443582662
2023,263,23,0.0,0.0,0.0,25.8146,2.697547548241391
2023,264,00,0.0,6.32,0.4959666,24.36271,2.367157548864011
2023,264,01,0.0,0.0,0.7838,24.39056,2.441850821250074
2023,264,02,0.0,0.0,0.0,23.23556,2.1703889708850377
2023,264,03,0.0,0.0,0.0,21.42057,1.7945912494366816
2023,264,04,0.0,0.0,0.03513334,19.89941,1.5672496065796184
2023,264,05,0.0,0.0,0.2658667,18.96817,1.4460717823839302
2023,264,06,0.0,6.32,0.245,19.40667,1.5423789190071233
2023,264,07,49.78118161925602,0.0,0.0229,20.39893,1.6696378407771404
2023,264,08,146.0612691466083,0.0,0.2109667,23.00502,2.104180757116596
2023,264,09,235.22975929978116,0.0,0.9660666,26.54605,2.85583288554662
2023,264,10,307.98687089715537,0.0,1.865667,29.31948,3.4134696067281145
2023,264,11,356.6739606126914,0.0,1.473667,30.29733,3.6148254395388872
2023,264,12,376.36761487964986,6.32,2.612333,32.28537,4.151555070776463
2023,264,13,367.61487964989055,0.0,2.551,32.38981,4.202230498231357
2023,264,14,330.9628008752735,0.0,1.945667,34.01251,4.714143825383578
2023,264,15,248.90590809628006,0.0,1.263633,34.39094,4.838943079109344
2023,264,16,165.20787746170677,0.0,0.6604999,33.78429,4.636424060536168
2023,264,17,106.67396061269146,0.0,0.6553333,34.85168,5.02979486144538
2023,264,18,15.317286652078774,6.32,0.9122667,33.00774,4.42048828280087
2023,264,19,0.0,0.0,0.2625667,32.42611,4.145295985214294
2023,264,20,0.0,0.0,0.7671667,31.68953,3.9128663995860054
2023,264,21,0.0,0.0,0.2861,28.99846,3.154478779297408
2023,264,22,0.0,0.0,0.0,27.05629,2.700594842558119
2023,264,23,0.0,0.0,0.0,27.35181,2.8061012636376073
2023,265,00,0.0,6.32,0.5077333,27.64987,2.995922771773559
2023,265,01,0.0,0.0,0.6329,24.20244,2.1863480527069266
2023,265,02,0.0,0.0,0.0,22.92811,2.013918763423457
2023,265,03,0.0,0.0,0.0,22.53036,1.9044335988573766
2023,265,04,0.0,0.0,0.0,21.99016,1.8363179360516808
2023,265,05,0.0,0.0,0.0,20.55489,1.6332758482005247
2023,265,06,0.0,6.32,0.0,20.5255,1.602145226802856
2023,265,07,20.787746170678336,0.0,0.4166,20.82838,1.6107429258776662
2023,265,08,62.91028446389496,0.0,1.625667,21.86358,1.6861611356793103
2023,265,09,235.22975929978116,0.0,1.593667,25.27668,2.1893060958253643
2023,265,10,235.77680525164112,0.0,0.6250666,29.52047,3.3624914312807963
2023,265,11,345.1859956236324,0.0,1.596333,31.20924,4.020187095152486
2023,265,12,298.6870897155361,6.32,1.5772,31.36958,4.119213389104741
2023,265,13,375.8205689277899,0.0,1.638067,33.19295,4.701820279137016
2023,265,14,349.0153172866521,0.0,1.439,33.58064,4.756820840026045
2023,265,15,249.45295404814001,0.0,2.097667,33.95201,4.8362066454451496
2023,265,16,105.03282275711159,0.0,2.668333,33.75883,4.849626533502419
2023,265,17,69.47483588621444,0.0,1.937667,33.48419,4.68192465345053
2023,265,18,15.86433260393873,6.32,1.903,32.47894,4.45969470766172
2023,265,19,0.0,0.0,0.6440333,31.39579,4.05485899973102
2023,265,20,0.0,0.0,0.5944666,30.65467,3.8192682555492303
2023,265,21,0.0,0.0,0.0607,28.45166,3.2042773288102673
2023,265,22,0.0,0.0,0.7974333,29.31027,3.4975192049418617
2023,265,23,0.0,0.0,0.0,25.23187,2.4437108245399033
