year,julian_day,standard_time,leaftemp,GW,leaf_air_temp_diff
2023,201,0,36.4835763444655,1e-05,-0.0144236555345145
2023,201,1,34.6100056921628,1e-05,-0.013994307837244
2023,201,2,30.8608163735591,1e-05,-0.013183626440938
2023,201,3,30.9118057573199,1e-05,-0.0131942426800542
2023,201,4,30.2799365546256,1e-05,-0.0130634453744456
2023,201,5,29.0521860541336,1e-05,-0.0128139458663661
2023,201,6,30.962795130226,1e-05,-0.0132048697740146
2023,201,7,33.5862332849793,1e-05,-0.0137667150206724
2023,201,8,36.1586520264095,1e-05,-0.014347973590489
2023,201,9,38.01721195379,1e-05,-0.0147880462100147
2023,201,10,39.0222165497481,1e-05,-0.0150334502519058
2023,201,11,40.3907336105779,1e-05,-0.0153763894220944
2023,201,12,41.9629066282886,1e-05,-0.0157833717113931
2023,201,13,43.500704447802,1e-05,-0.0161955521980275
2023,201,14,44.1171651480112,1e-05,-0.0163648519888042
2023,201,15,45.1626725169355,1e-05,-0.016657483064499
2023,201,16,45.4720245769608,1e-05,-0.0167454230392181
2023,201,17,44.7381421857131,1e-05,-0.0165378142868775
2023,201,18,44.586854550746,1e-05,-0.0164954492539948
2023,201,19,43.7265127088067,1e-05,-0.0162572911933339
2023,201,20,42.227116822004,1e-05,-0.0158531779960427
2023,201,21,41.4390238280841,1e-05,-0.0156461719159324
2023,201,22,40.2447706808528,1e-05,-0.0153393191471949
2023,201,23,38.8391816433352,1e-05,-0.0149883566648299
2023,202,0,37.9925479094186,1e-05,-0.0147820905813987
2023,202,1,37.2956248945646,1e-05,-0.0146151054353894
2023,202,2,35.2413429016819,1e-05,-0.0141370983180948
2023,202,3,34.8508314466698,1e-05,-0.01404855333017
2023,202,4,31.445643954436,1e-05,-0.0133060455639544
2023,202,5,30.2145799896335,1e-05,-0.0130500103664524
2023,202,6,32.1008650738598,1e-05,-0.013444926140231
2023,202,7,31.8433398786983,1e-05,-0.0133901213017076
2023,202,8,32.5859310628619,1e-05,-0.0135489371381396
2023,202,9,33.8717402995099,1e-05,-0.0138297004901489
2023,202,10,35.2340345654488,1e-05,-0.0141354345511857
2023,202,11,37.5917642442307,1e-05,-0.014685755769321
2023,202,12,39.2779532428283,1e-05,-0.015096757171726
2023,202,13,40.9557789729669,1e-05,-0.0155210270331239
2023,202,14,41.9109703017372,1e-05,-0.0157696982628508
2023,202,15,42.5364745597422,1e-05,-0.015935440257806
2023,202,16,43.1330542945651,1e-05,-0.0160957054349353
2023,202,17,43.8574067753697,1e-05,-0.0162932246302816
2023,202,18,43.5962083743624,1e-05,-0.0162216256375629
2023,202,19,42.7194056460674,1e-05,-0.0159843539326374
2023,202,20,41.5379080539527,1e-05,-0.0156719460472985
2023,202,21,38.306931757018,1e-05,-0.0148582429819868
2023,202,22,38.2763291925636,1e-05,-0.0148508074364173
2023,202,23,37.1625664926619,1e-05,-0.0145835073380951
2023,203,0,36.9057772200147,1e-05,-0.0145227799852563
2023,203,1,35.9376732001128,1e-05,-0.0142967998871555
2023,203,2,35.1101727242255,1e-05,-0.0141072757745349
2023,203,3,33.5498312889259,1e-05,-0.0137587110740753
2023,203,4,33.1716040979233,1e-05,-0.0136759020767059
2023,203,5,32.2070423943431,1e-05,-0.0134676056568637
2023,203,6,32.405839799199,1e-05,-0.0135102008010293
2023,203,7,33.3026654763374,1e-05,-0.0137045236626108
2023,203,8,36.0131557469737,1e-05,-0.0143142530262992
2023,203,9,37.7062768040792,1e-05,-0.0147131959208266
2023,203,10,39.3007475829775,1e-05,-0.0151024170225185
2023,203,11,40.9039123251068,1e-05,-0.0155076748932146
2023,203,12,41.1485991998526,1e-05,-0.0155708001473798
2023,203,13,42.5397336900489,1e-05,-0.0159363099511225
2023,203,14,43.4848987574542,1e-05,-0.0161912425457515
2023,203,15,43.73780961176,1e-05,-0.0162603882400418
2023,203,16,44.755957187317,1e-05,-0.0165428126830065
2023,203,17,44.6004407521992,1e-05,-0.0164992478007733
2023,203,18,43.8687736498511,1e-05,-0.0162963501489486
2023,203,19,43.0807784243625,1e-05,-0.0160815756375214
2023,203,20,41.2568911525654,1e-05,-0.0155988474346316
2023,203,21,40.8451674293944,1e-05,-0.0154925706055593
2023,203,22,39.8403027832628,1e-05,-0.0152372167371908
2023,203,23,36.7590517694377,1e-05,-0.0144882305623142
2023,204,0,33.1631559402137,1e-05,-0.0136740597863252
2023,204,1,31.6420925082745,1e-05,-0.013347491725515
2023,204,2,31.8049380266469,1e-05,-0.0133819733531411
2023,204,3,31.8275332332552,1e-05,-0.0133867667447518
2023,204,4,31.4728582226472,1e-05,-0.013311777352758
2023,204,5,30.9600656993633,1e-05,-0.0132043006366658
2023,204,6,30.1761778756128,1e-05,-0.0130421243871872
2023,204,7,32.5526782260267,1e-05,-0.0135417739733441
2023,204,8,33.6550081465728,1e-05,-0.0137818534272469
2023,204,9,35.7429380985358,1e-05,-0.0142519014642204
2023,204,10,36.5558294440194,1e-05,-0.0144405559806415
2023,204,11,38.0947232164816,1e-05,-0.014806783518388
2023,204,12,38.1556384690038,1e-05,-0.0148215309962154
2023,204,13,40.1859355895259,1e-05,-0.0153244104741077
2023,204,14,40.7706065719324,1e-05,-0.0154734280676081
2023,204,15,41.4436026358735,1e-05,-0.0156473641264583
2023,204,16,41.4999879445293,1e-05,-0.0156620554706848
2023,204,17,41.6898083503139,1e-05,-0.0157116496860752
2023,204,18,41.4277267690442,1e-05,-0.015643230955817
2023,204,19,40.5538220494081,1e-05,-0.015417950591889
2023,204,20,39.4681159388022,1e-05,-0.015144061197816
2023,204,21,38.6052590131841,1e-05,-0.0149309868159051
2023,204,22,38.0080441679062,1e-05,-0.0147858320938425
2023,204,23,37.2987041622472,1e-05,-0.0146158377527783
2023,205,0,36.3866289802994,1e-05,-0.0144010197005571
2023,205,1,35.6420812797769,1e-05,-0.0142287202230662
2023,205,2,33.9315270628321,1e-05,-0.0138429371679081
2023,205,3,32.3245172445407,1e-05,-0.0134927554593318
2023,205,4,32.4080993140743,1e-05,-0.0135106859257377
2023,205,5,32.1189412162442,1e-05,-0.0134487837558268
2023,205,6,31.6919919544116,1e-05,-0.0133580455883759
2023,205,7,33.6460301239941,1e-05,-0.0137798760059198
2023,205,8,35.3986870197475,1e-05,-0.0141729802524964
2023,205,9,37.1870706802833,1e-05,-0.014589319716741
2023,205,10,37.6746443907766,1e-05,-0.0147056092234408
2023,205,11,39.116163334515,1e-05,-0.0150566654849627
2023,205,12,40.4152473730889,1e-05,-0.0153826269110766
2023,205,13,42.017102343046,1e-05,-0.0157976569539713
2023,205,14,42.7103480727024,1e-05,-0.0159819272975597
2023,205,15,43.6068254723069,1e-05,-0.0162245276930619
2023,205,16,42.9520131576051,1e-05,-0.0160468423949141
2023,205,17,43.8101097718266,1e-05,-0.01628022817345
2023,205,18,42.1819487850467,1e-05,-0.0158412149532552
2023,205,19,39.6627173263765,1e-05,-0.0151926736235097
2023,205,20,38.9285196559348,1e-05,-0.0150103440652387
2023,205,21,38.8427607632828,1e-05,-0.0149892367171702
2023,205,22,38.5204997286818,1e-05,-0.0149102713181577
2023,205,23,37.6152686174899,1e-05,-0.0146913825101365
2023,206,0,35.6805824363724,1e-05,-0.0142375636276029
2023,206,1,34.7615915795959,1e-05,-0.0140284204040668
2023,206,2,34.0546797453296,1e-05,-0.0138702546703868
2023,206,3,33.3501050972921,1e-05,-0.0137149027078607
2023,206,4,32.1279792869052,1e-05,-0.0134507130947981
2023,206,5,31.8998178839042,1e-05,-0.0134021160958149
2023,206,6,31.2469557064463,1e-05,-0.0132642935537426
2023,206,7,33.0654672199958,1e-05,-0.0136527800041932
2023,206,8,34.8312158752547,1e-05,-0.014044124745304
2023,206,9,36.5095602696557,1e-05,-0.0144297303443395
2023,206,10,38.3182690011422,1e-05,-0.0148609988577775
2023,206,11,40.4612356623288,1e-05,-0.0153943376712107
2023,206,12,41.6535478403049,1e-05,-0.015702159695131
2023,206,13,42.8368141460242,1e-05,-0.0160158539757731
2023,206,14,43.4329529103745,1e-05,-0.0161770896255433
2023,206,15,44.40846431728,1e-05,-0.0164456827199473
2023,206,16,44.4197511745319,1e-05,-0.016448825468089
2023,206,17,44.8284768192438,1e-05,-0.0165631807561795
2023,206,18,44.2993946452748,1e-05,-0.01641535472519
2023,206,19,43.5691057793594,1e-05,-0.016214220640606
2023,206,20,42.3491044521439,1e-05,-0.0158855478561293
2023,206,21,41.5165636221789,1e-05,-0.0156663778211197
2023,206,22,40.6837288368326,1e-05,-0.0154511631674197
2023,206,23,39.7942843425698,1e-05,-0.015225657430193
2023,207,0,38.7684190287482,1e-05,-0.0149709712517492
2023,207,1,37.6836522308679,1e-05,-0.0147077691320661
2023,207,2,36.5899514536338,1e-05,-0.0144485463662463
2023,207,3,36.6993158045161,1e-05,-0.014474195483885
2023,207,4,33.8594430200734,1e-05,-0.0138269799265984
2023,207,5,33.1061283678606,1e-05,-0.0136616321394101
2023,207,6,32.7763199563816,1e-05,-0.0135900436183576
2023,207,7,34.2695219220107,1e-05,-0.013918077989274
2023,207,8,35.5927326042764,1e-05,-0.0142173957236409
2023,207,9,36.9713417465258,1e-05,-0.0145382534742282
2023,207,10,38.5962212238702,1e-05,-0.0149287761297714
2023,207,11,40.8428680202108,1e-05,-0.0154919797891964
2023,207,12,42.7017203837058,1e-05,-0.0159796162941745
2023,207,13,43.1060116060966,1e-05,-0.0160883939033667
2023,207,14,44.2142682631676,1e-05,-0.0163917368324107
2023,207,15,44.2187770133874,1e-05,-0.0163929866126225
2023,207,16,44.9052452209202,1e-05,-0.0165847790798495
2023,207,17,44.7856988380857,1e-05,-0.0165511619143359
2023,207,18,44.0714177934273,1e-05,-0.0163522065726909
2023,207,19,43.1219373008077,1e-05,-0.0160926991923347
2023,207,20,41.8273522827788,1e-05,-0.015747717221231
2023,207,21,41.2232298779679,1e-05,-0.0155901220320942
2023,207,22,37.5380171001475,1e-05,-0.0146728998525418
2023,207,23,25.5218211500929,1e-05,-0.012128849907068
2023,208,0,29.2728516557031,1e-05,-0.0128583442968733
2023,208,1,29.2183826329054,1e-05,-0.0128473670945759
2023,208,2,30.4585897404727,1e-05,-0.0131002595273451
2023,208,3,31.6987905156739,1e-05,-0.0133594843261093
2023,208,4,29.8757493622732,1e-05,-0.0129806377268231
2023,208,5,29.5436769008168,1e-05,-0.0129130991831552
2023,208,6,28.945027545375,1e-05,-0.0127924546250462
2023,208,7,30.52635574194,1e-05,-0.0131142580600141
2023,208,8,32.5617362752675,1e-05,-0.0135437247325072
2023,208,9,33.6682152370271,1e-05,-0.0137847629728896
2023,208,10,36.0467579684672,1e-05,-0.0143220315328136
2023,208,11,38.0878948684034,1e-05,-0.0148051315966029
2023,208,12,39.1718195588248,1e-05,-0.0150704411752045
2023,208,13,40.8383491812057,1e-05,-0.0154908187942979
2023,208,14,40.8226232206647,1e-05,-0.0154867793352906
2023,208,15,41.9496901093529,1e-05,-0.0157798906470887
2023,208,16,42.8352845569407,1e-05,-0.0160154430593309
2023,208,17,43.1282955815024,1e-05,-0.0160944184976159
2023,208,18,42.9129736682132,1e-05,-0.016036331786843
2023,208,19,41.5158038203433,1e-05,-0.0156661796567406
2023,208,20,40.3723882763124,1e-05,-0.0153717236875721
2023,208,21,39.5779585250362,1e-05,-0.015171474963779
2023,208,22,38.6378910276271,1e-05,-0.0149389723728817
2023,208,23,36.7729385041616,1e-05,-0.0144914958384135
2023,209,0,35.9317645651368,1e-05,-0.0142954348632358
2023,209,1,34.6041370106694,1e-05,-0.0139929893305961
2023,209,2,34.0411727448341,1e-05,-0.0138672551658701
2023,209,3,33.149049015799,1e-05,-0.0136709842009779
2023,209,4,32.3222577288403,1e-05,-0.0134922711597127
2023,209,5,31.6513205573203,1e-05,-0.0133494426797149
2023,209,6,31.7055390873195,1e-05,-0.0133609126804828
2023,209,7,33.7748017267474,1e-05,-0.0138082732526357
2023,209,8,34.9609065613958,1e-05,-0.0140734386041714
2023,209,9,35.5303768967885,1e-05,-0.0142031032114787
2023,209,10,35.9322344565878,1e-05,-0.0142955434121959
2023,209,11,36.9425785374258,1e-05,-0.0145314625742472
2023,209,12,38.6027596245898,1e-05,-0.0149303754102093
2023,209,13,40.903842343112,1e-05,-0.0155076568879764
2023,209,14,42.1279330755514,1e-05,-0.015826924448632
2023,209,15,42.970758107607,1e-05,-0.0160518923930439
2023,209,16,43.3200536129912,1e-05,-0.0161463870088383
2023,209,17,43.134563886285,1e-05,-0.0160961137149798
2023,209,18,43.1348837997603,1e-05,-0.0160962002396943
2023,209,19,42.1306123671204,1e-05,-0.0158276328795708
2023,209,20,40.9223375836128,1e-05,-0.0155124163872316
2023,209,21,39.4082908418413,1e-05,-0.0151291581587216
2023,209,22,38.3874821620137,1e-05,-0.0148778379862549
2023,209,23,35.3285030396895,1e-05,-0.0141569603105083
2023,210,0,34.7171515914665,1e-05,-0.0140184085335022
2023,210,1,33.8611026529483,1e-05,-0.0138273470516737
2023,210,2,34.3501239250675,1e-05,-0.0139360749325235
2023,210,3,33.2520665354319,1e-05,-0.0136934645680853
2023,210,4,33.65955714451,1e-05,-0.0137828554900139
2023,210,5,33.6528086310529,1e-05,-0.0137813689471358
2023,210,6,32.8327677380617,1e-05,-0.0136022619383382
2023,210,7,33.6151469232609,1e-05,-0.0137730767391133
2023,210,8,33.8614925666942,1e-05,-0.013827433305778
2023,210,9,36.5072308143985,1e-05,-0.014429185601486
2023,210,10,36.8490305949652,1e-05,-0.0145094050348291
2023,210,11,38.6413301856825,1e-05,-0.0149398143175077
2023,210,12,40.06605590703,1e-05,-0.0152940929699881
2023,210,13,40.8541551197843,1e-05,-0.015494880215698
2023,210,14,41.8138758215521,1e-05,-0.0157441784478536
2023,210,15,42.6088452327304,1e-05,-0.0159547672696334
2023,210,16,43.2184311818557,1e-05,-0.0161188181443279
2023,210,17,42.8167995217323,1e-05,-0.0160104782676882
2023,210,18,43.1695644162293,1e-05,-0.016105583770738
2023,210,19,42.2406632317875,1e-05,-0.0158567682124797
2023,210,20,41.1231857720782,1e-05,-0.0155642279218355
2023,210,21,40.7333661211056,1e-05,-0.0154638788944368
2023,210,22,39.4653866191282,1e-05,-0.015143380871784
2023,210,23,38.7879542318876,1e-05,-0.0149757681124498
2023,211,0,37.8652685932398,1e-05,-0.0147514067602259
2023,211,1,38.2849071088726,1e-05,-0.0148528911273615
2023,211,2,37.2173334977506,1e-05,-0.0145965022494465
2023,211,3,35.4744397021555,1e-05,-0.0141902978445145
2023,211,4,35.4412073027126,1e-05,-0.0141826972873886
2023,211,5,34.5520986949712,1e-05,-0.0139813050288353
2023,211,6,34.0718959209089,1e-05,-0.0138740790911385
2023,211,7,33.8518347029372,1e-05,-0.0138252970628017
2023,211,8,33.7902183219464,1e-05,-0.013811678053564
2023,211,9,34.6541557678629,1e-05,-0.0140042321371183
2023,211,10,36.2221072872784,1e-05,-0.0143627127215993
2023,211,11,35.9234764795784,1e-05,-0.0142935204215817
2023,211,12,36.7895246028994,1e-05,-0.0144953971005677
2023,211,13,37.9207852199433,1e-05,-0.0147647800567299
2023,211,14,39.3931246168039,1e-05,-0.0151253831960716
2023,211,15,40.1248510477715,1e-05,-0.0153089522285086
2023,211,16,41.0511743749729,1e-05,-0.0155456250270802
2023,211,17,41.8522857327119,1e-05,-0.015754267288095
2023,211,18,41.4603282798876,1e-05,-0.0156517201124231
2023,211,19,40.1769978526368,1e-05,-0.0153221473632499
2023,211,20,38.7797462476028,1e-05,-0.0149737523972391
2023,211,21,37.3981104952449,1e-05,-0.0146395047551096
2023,211,22,36.7184113199317,1e-05,-0.0144786800683434
2023,211,23,33.0469212550923,1e-05,-0.0136487449076768
2023,212,0,32.0125738956764,1e-05,-0.0134261043235639
2023,212,1,26.9118369352355,1e-05,-0.0123930647644812
2023,212,2,27.5150100851805,1e-05,-0.0125099148194714
2023,212,3,27.0948216293284,1e-05,-0.0124283706715573
2023,212,4,26.862146501392,1e-05,-0.0123834986079814
2023,212,5,26.6407590115455,1e-05,-0.0123409884544969
2023,212,6,26.7844814348851,1e-05,-0.0123685651148548
2023,212,7,27.7183803803188,1e-05,-0.0125496196811525
2023,212,8,29.4420174883809,1e-05,-0.0128925116190928
2023,212,9,30.9235133182165,1e-05,-0.013196681783505
2023,212,10,31.8984981643428,1e-05,-0.013401835657227
2023,212,11,33.8186220460558,1e-05,-0.0138179539442476
2023,212,12,34.5550180398185,1e-05,-0.0139819601814537
2023,212,13,36.1743883730834,1e-05,-0.0143516269166426
2023,212,14,36.708133733851,1e-05,-0.0144762661490176
2023,212,15,37.8372353400389,1e-05,-0.014744659961103
2023,212,16,38.2933850490871,1e-05,-0.0148549509128983
2023,212,17,38.6685435213334,1e-05,-0.014946478666559
2023,212,18,38.312540393746,1e-05,-0.0148596062540136
2023,212,19,38.0633108137887,1e-05,-0.0147991862112775
2023,212,20,36.953985844697,1e-05,-0.0145341553030178
2023,212,21,36.2818733868993,1e-05,-0.0143766131007013
2023,212,22,35.5834747274556,1e-05,-0.014215272544412
2023,212,23,30.4293657714778,1e-05,-0.0130942285221991
2023,213,0,31.3689400926629,1e-05,-0.0132899073371107
2023,213,1,28.3102039428499,1e-05,-0.0126660571500956
2023,213,2,28.7710523410964,1e-05,-0.0127576589035847
2023,213,3,27.819980485982,1e-05,-0.0125695140179651
2023,213,4,27.4585410822647,1e-05,-0.0124989177352504
2023,213,5,27.0677168668622,1e-05,-0.0124231331377516
2023,213,6,26.9186156295295,1e-05,-0.0123943704705454
2023,213,7,28.8094546706717,1e-05,-0.0127653293283387
2023,213,8,30.6053893918928,1e-05,-0.0131306081071791
2023,213,9,32.0762903160688,1e-05,-0.0134396839312316
2023,213,10,33.239809212707,1e-05,-0.0136907872929584
2023,213,11,35.0792897337829,1e-05,-0.0141002662171417
2023,213,12,36.6494175145262,1e-05,-0.0144624854738424
2023,213,13,37.5865754859908,1e-05,-0.0146845140091827
2023,213,14,38.3249673725733,1e-05,-0.0148626274267372
2023,213,15,39.0295547381165,1e-05,-0.0150352618835257
2023,213,16,39.4994181333292,1e-05,-0.0151518666708057
2023,213,17,39.3412075297981,1e-05,-0.0151124702018777
2023,213,18,39.1637715518534,1e-05,-0.0150684481466143
2023,213,19,38.0465148738888,1e-05,-0.0147951261111601
2023,213,20,37.0582212092016,1e-05,-0.0145587907983824
2023,213,21,36.5370738335692,1e-05,-0.0144361664308335
2023,213,22,35.398597040301,1e-05,-0.0141729596989748
2023,213,23,34.3439553034735,1e-05,-0.013934696526448
2023,214,0,34.906798800992,1e-05,-0.0140611990079975
2023,214,1,34.3415058507656,1e-05,-0.013934149234359
2023,214,2,33.8266102803661,1e-05,-0.0138197196338652
2023,214,3,33.3284398385684,1e-05,-0.0137101614316464
2023,214,4,32.9787060836517,1e-05,-0.0136339163482972
2023,214,5,32.5547977695899,1e-05,-0.0135422304100601
2023,214,6,31.8546374804126,1e-05,-0.0133925195874447
2023,214,7,32.591079953278,1e-05,-0.0135500467220098
2023,214,8,34.3658704056437,1e-05,-0.0139395943563088
2023,214,9,35.0448875367583,1e-05,-0.014092463241731
2023,214,10,35.7690920791647,1e-05,-0.0142579208352771
2023,214,11,37.0018345427167,1e-05,-0.0145454572833188
2023,214,12,38.0632108379603,1e-05,-0.0147991620396581
2023,214,13,39.6574186527594,1e-05,-0.0151913472406378
2023,214,14,39.9721695950356,1e-05,-0.0152704049644043
2023,214,15,40.6735014550753,1e-05,-0.0154485449246522
2023,214,16,40.9653265134489,1e-05,-0.0155234865510536
2023,214,17,40.8227231949892,1e-05,-0.0154868050108092
2023,214,18,39.9114648851376,1e-05,-0.0152551148623772
2023,214,19,38.8655251642508,1e-05,-0.0149948357491709
2023,214,20,38.059351770945,1e-05,-0.014798229055053
2023,214,21,37.2312401955937,1e-05,-0.0145998044062878
2023,214,22,35.6456104694495,1e-05,-0.01422953055053
2023,214,23,35.3159459034442,1e-05,-0.0141540965557994
2023,215,0,34.7273492948508,1e-05,-0.0140207051491856
2023,215,1,33.8267302538454,1e-05,-0.0138197461545815
2023,215,2,33.1784226107765,1e-05,-0.0136773892235453
2023,215,3,32.8463447971528,1e-05,-0.0136052028472022
2023,215,4,32.3176087252274,1e-05,-0.0134912747725906
2023,215,5,30.966844285844,1e-05,-0.0132057141560402
2023,215,6,30.5579492091527,1e-05,-0.0131207908472852
2023,215,7,32.347102402463,1e-05,-0.0134975975370395
2023,215,8,32.9334958999815,1e-05,-0.0136241000185251
2023,215,9,34.9324829927565,1e-05,-0.0140670072435327
2023,215,10,36.3465183319384,1e-05,-0.0143916680615632
2023,215,11,38.2843572424542,1e-05,-0.0148527575458246
2023,215,12,39.0069703127707,1e-05,-0.0150296872293154
2023,215,13,40.3157026811254,1e-05,-0.0153573188746492
2023,215,14,40.3619009426879,1e-05,-0.0153690573120997
2023,215,15,41.0957828546535,1e-05,-0.0155571453464631
2023,215,16,41.6084196403974,1e-05,-0.0156903596026297
2023,215,17,41.2540019017498,1e-05,-0.0155980982501518
2023,215,18,41.0213220780779,1e-05,-0.0155379219220606
2023,215,19,39.8673359873819,1e-05,-0.015244012618048
2023,215,20,38.5243987765751,1e-05,-0.0149112234248676
2023,215,21,37.4122771182959,1e-05,-0.0146428817040913
2023,215,22,36.643218968317,1e-05,-0.0144610316829912
2023,215,23,35.3648547451316,1e-05,-0.0141652548684235
2023,216,0,34.1452696062677,1e-05,-0.0138903937322752
2023,216,1,32.6204436231881,1e-05,-0.0135563768118558
2023,216,2,30.3749669885026,1e-05,-0.0130830114973897
2023,216,3,28.5067349795393,1e-05,-0.0127050204606647
2023,216,4,26.6704733163339,1e-05,-0.0123466836661201
2023,216,5,25.7446492618137,1e-05,-0.0121707381862954
2023,216,6,26.7928698230281,1e-05,-0.0123701769719311
2023,216,7,29.2856390769345,1e-05,-0.0128609230655243
2023,216,8,32.4488005715636,1e-05,-0.0135194284364033
2023,216,9,34.5567776449128,1e-05,-0.0139823550872222
2023,216,10,36.8071604532081,1e-05,-0.0144995467919244
2023,216,11,38.1246459746592,1e-05,-0.01481402534084
2023,216,12,39.4111901200513,1e-05,-0.0151298799487165
2023,216,13,41.0190026763641,1e-05,-0.0155373236359111
2023,216,14,41.1770718320689,1e-05,-0.0155781679310678
2023,216,15,41.8590339593114,1e-05,-0.0157560406886361
2023,216,16,42.0848544601207,1e-05,-0.0158155398792701
2023,216,17,42.5116411843925,1e-05,-0.0159288156074666
2023,216,18,41.947100791226,1e-05,-0.0157792087739921
2023,216,19,40.9662162842108,1e-05,-0.0155237157892003
2023,216,20,37.9539372263798,1e-05,-0.0147727736201801
2023,216,21,37.0880441505945,1e-05,-0.0145658494054928
2023,216,22,35.3221944785015,1e-05,-0.0141555214985303
2023,216,23,37.5337481206192,1e-05,-0.0146718793808276
2023,217,0,36.2760747363197,1e-05,-0.0143752636802645
2023,217,1,34.9554278013649,1e-05,-0.0140721986351267
2023,217,2,32.7505755241696,1e-05,-0.0135844758303918
2023,217,3,32.3312857936514,1e-05,-0.0134942063485894
2023,217,4,30.7251245724957,1e-05,-0.0131554275042944
2023,217,5,27.459390916852,1e-05,-0.0124990831480325
2023,217,6,26.1752278183021,1e-05,-0.0122521816978995
2023,217,7,30.4238968997088,1e-05,-0.0130931002912327
2023,217,8,32.2116114172991,1e-05,-0.013468582700888
2023,217,9,34.9399912942356,1e-05,-0.0140687057643589
2023,217,10,36.7525033088833,1e-05,-0.0144866911166517
2023,217,11,38.1285450306757,1e-05,-0.0148149693243482
2023,217,12,39.7521749097521,1e-05,-0.0152150902478638
2023,217,13,41.520312644345,1e-05,-0.0156673556550047
2023,217,14,42.3084852404438,1e-05,-0.0158747595561834
2023,217,15,42.9045559333079,1e-05,-0.0160340666920717
2023,217,16,43.3064972943136,1e-05,-0.0161427056864341
2023,217,17,43.2319775105717,1e-05,-0.0161224894282839
2023,217,18,42.3738678702491,1e-05,-0.0158921297508527
2023,217,19,41.3425489195613,1e-05,-0.0156210804386632
2023,217,20,39.9282806516806,1e-05,-0.0152593483193755
2023,217,21,38.7863746198363,1e-05,-0.0149753801636692
2023,217,22,34.5233951344349,1e-05,-0.0139748655650749
2023,217,23,36.2303253769628,1e-05,-0.0143646230371957
2023,218,0,36.1038147478319,1e-05,-0.0143352521681166
2023,218,1,34.6558053968729,1e-05,-0.0140046031271481
2023,218,2,34.6333704412434,1e-05,-0.0139995587566446
2023,218,3,34.5806822785927,1e-05,-0.0139877214073252
2023,218,4,32.3401838859743,1e-05,-0.0134961140256777
2023,218,5,29.2273808203017,1e-05,-0.0128491796983141
2023,218,6,27.1617386870767,1e-05,-0.012441312923297
2023,218,7,30.3002123830765,1e-05,-0.0130676169235393
2023,218,8,33.0406526186295,1e-05,-0.0136473813704612
2023,218,9,35.0991652231346,1e-05,-0.0141047768653522
2023,218,10,36.2798538568887,1e-05,-0.0143761431112921
2023,218,11,37.1578776045158,1e-05,-0.0145823954841617
2023,218,12,38.7067541571733,1e-05,-0.0149558428266872
2023,218,13,39.7116150788407,1e-05,-0.0152049211592526
2023,218,14,40.6622143439245,1e-05,-0.015445656075471
2023,218,15,41.7152116972483,1e-05,-0.0157183027516581
2023,218,16,41.9770229091009,1e-05,-0.01578709089911
2023,218,17,42.326470464854,1e-05,-0.0158795351459702
2023,218,18,41.4843520203617,1e-05,-0.0156579796383269
2023,218,19,39.8728645970469,1e-05,-0.0152454029530773
2023,218,20,39.345706411401,1e-05,-0.0151135885990428
2023,218,21,38.8588468071177,1e-05,-0.014993192882315
2023,218,22,38.2568739170778,1e-05,-0.014846082922233
2023,218,23,37.5118133625043,1e-05,-0.0146666374956652
2023,219,0,36.5311452207332,1e-05,-0.0144347792668071
2023,219,1,35.6524189060128,1e-05,-0.0142310939871848
2023,219,2,34.735607434684,1e-05,-0.0140225653160044
2023,219,3,33.6788528929553,1e-05,-0.0137871070447346
2023,219,4,32.4214564458011,1e-05,-0.0135135541989015
2023,219,5,31.739431910858,1e-05,-0.0133680891420056
2023,219,6,31.1475565314385,1e-05,-0.013243468561452
2023,219,7,32.0421275992061,1e-05,-0.0134324007938531
2023,219,8,32.9539614574933,1e-05,-0.0136285425067157
2023,219,9,34.2353595407456,1e-05,-0.0139104592544328
2023,219,10,35.0167239205359,1e-05,-0.0140860794640645
2023,219,11,36.8955596294559,1e-05,-0.0145203705441261
2023,219,12,38.2316000516078,1e-05,-0.014839948392229
2023,219,13,39.2170483517384,1e-05,-0.0150816482615781
2023,219,14,40.547113761891,1e-05,-0.0154162381089762
2023,219,15,40.8812581522009,1e-05,-0.0155018477991007
2023,219,16,41.0957828546535,1e-05,-0.0155571453464631
2023,219,17,40.6009400140363,1e-05,-0.015429985963749
2023,219,18,40.8655521903624,1e-05,-0.0154978096376013
2023,219,19,39.5853266837799,1e-05,-0.0151733162200642
2023,219,20,38.8265947377238,1e-05,-0.0149852622762268
2023,219,21,38.4359503549666,1e-05,-0.0148896450333851
2023,219,22,37.7605037862917,1e-05,-0.0147262137083217
2023,219,23,37.1161674901288,1e-05,-0.0145725098712504
2023,220,0,35.9454614006076,1e-05,-0.0142985993924256
2023,220,1,34.9030196553464,1e-05,-0.0140603446536289
2023,220,2,33.9492331395928,1e-05,-0.0138468604071633
2023,220,3,33.0701661973825,1e-05,-0.0136538026175046
2023,220,4,32.9344256981892,1e-05,-0.0136243018107578
2023,220,5,32.3109601500043,1e-05,-0.0134898499957075
2023,220,6,30.8945493514026,1e-05,-0.0131906485973659
2023,220,7,25.827483645261,1e-05,-0.0121863547389616
2023,220,8,27.5466339213492,1e-05,-0.012516078650787
2023,220,9,30.8222643930728,1e-05,-0.0131756069271702
2023,220,10,33.846145961042,1e-05,-0.0138240389579778
2023,220,11,35.4493954305055,1e-05,-0.0141845694944749
2023,220,12,37.1509692424598,1e-05,-0.0145807575401733
2023,220,13,38.2304403330168,1e-05,-0.0148396669831712
2023,220,14,38.6712628551718,1e-05,-0.0149471448282483
2023,220,15,40.2447706808528,1e-05,-0.0153393191471949
2023,220,16,39.980247558846,1e-05,-0.0152724411540319
2023,220,17,39.8855614034142,1e-05,-0.0152485965858205
2023,220,18,39.4334845682058,1e-05,-0.0151354317941781
2023,220,19,38.1657560176819,1e-05,-0.014823982318056
2023,220,20,37.6132191082376,1e-05,-0.0146908917624202
2023,220,21,33.1539179543759,1e-05,-0.0136720456240553
2023,220,22,32.0641229106128,1e-05,-0.0134370893872102
2023,220,23,30.9013279397385,1e-05,-0.0131920602614599
2023,221,0,31.0549458967671,1e-05,-0.0132241032329325
2023,221,1,30.9035874691412,1e-05,-0.0131925308587739
2023,221,2,31.1181926754633,1e-05,-0.0132373245367354
2023,221,3,30.5647278069608,1e-05,-0.0131221930391625
2023,221,4,30.3885241941456,1e-05,-0.0130858058544305
2023,221,5,30.0993636315755,1e-05,-0.013026368424498
2023,221,6,29.8779789073156,1e-05,-0.0129810926843632
2023,221,7,30.8267734554255,1e-05,-0.0131765445744705
2023,221,8,32.90657174161,1e-05,-0.0136182583900322
2023,221,9,33.8492252800476,1e-05,-0.013824719952396
2023,221,10,35.3139163662253,1e-05,-0.0141536337746473
2023,221,11,35.8870548885244,1e-05,-0.0142851114756226
2023,221,12,37.1394519726183,1e-05,-0.0145780273817167
2023,221,13,38.1843115205838,1e-05,-0.014828479416181
2023,221,14,38.3031126852119,1e-05,-0.0148573147880668
2023,221,15,39.90798576083,1e-05,-0.0152542391699839
2023,221,16,39.5088057913927,1e-05,-0.0151542086072709
2023,221,17,39.9003676780607,1e-05,-0.0152523219393217
2023,221,18,39.5828772958995,1e-05,-0.0151727041005358
2023,221,19,38.207575879701,1e-05,-0.0148341202990352
2023,221,20,37.4978267036935,1e-05,-0.0146632963064803
2023,221,21,37.0656894420145,1e-05,-0.014560557985547
2023,221,22,37.0092227965627,1e-05,-0.0145472034373455
2023,221,23,36.5132793998815,1e-05,-0.0144306001184802
2023,222,0,35.9413923408225,1e-05,-0.0142976591774797
2023,222,1,35.6338631664815,1e-05,-0.0142268335184994
2023,222,2,35.2057210087138,1e-05,-0.0141289912862277
2023,222,3,33.8527245061376,1e-05,-0.0138254938623632
2023,222,4,33.0152781362284,1e-05,-0.0136418637715749
2023,222,5,31.7958999433897,1e-05,-0.0133800566102913
2023,222,6,30.4495216122554,1e-05,-0.0130983877446411
2023,222,7,31.1995156507437,1e-05,-0.0132543492562647
2023,222,8,31.9015075248469,1e-05,-0.0134024751531392
2023,222,9,32.9282270433982,1e-05,-0.0136229566018073
2023,222,10,33.9089820561793,1e-05,-0.0138379438206684
2023,222,11,34.4803847763306,1e-05,-0.0139652236694232
2023,222,12,35.8320075854594,1e-05,-0.0142724145405921
2023,222,13,36.73763680298,1e-05,-0.0144831970200343
2023,222,14,38.0791769770915,1e-05,-0.0148030229084597
2023,222,15,38.6619951253482,1e-05,-0.0149448746518459
2023,222,16,38.6280834282926,1e-05,-0.0149365717073948
2023,222,17,39.0867406102933,1e-05,-0.0150493897066681
2023,222,18,38.9047555088161,1e-05,-0.015004491183916
2023,222,19,38.0359474276141,1e-05,-0.0147925723859004
2023,222,20,36.9889975759742,1e-05,-0.0145424240257555
2023,222,21,36.6856090224309,1e-05,-0.0144709775691325
2023,222,22,34.9356022871451,1e-05,-0.0140677128549314
2023,222,23,33.7375899406105,1e-05,-0.0138000593895455
2023,223,0,33.02813534083,1e-05,-0.0136446591700121
2023,223,1,32.1415063986375,1e-05,-0.013453601362464
2023,223,2,31.4841558422516,1e-05,-0.0133141577483933
2023,223,3,30.3681983833379,1e-05,-0.0130816166620562
2023,223,4,29.8689407515034,1e-05,-0.0129792484965527
2023,223,5,28.992438042505,1e-05,-0.0128019574950002
2023,223,6,28.9111043394588,1e-05,-0.0127856605412013
2023,223,7,28.2989061781616,1e-05,-0.0126638218384016
2023,223,8,31.2243704419115,1e-05,-0.0132595580884605
2023,223,9,32.3530911181565,1e-05,-0.0134988818435247
2023,223,10,32.7899270123778,1e-05,-0.0135929876221965
2023,223,11,34.2575545915246,1e-05,-0.0139154084754409
2023,223,12,36.2461117064565,1e-05,-0.014368293543491
2023,223,13,36.4967432665761,1e-05,-0.0144267334238535
2023,223,14,37.4949273961661,1e-05,-0.0146626038338553
2023,223,15,37.7860976369227,1e-05,-0.0147323630773357
2023,223,16,37.3337458251649,1e-05,-0.0146241748351343
2023,223,17,36.9907571602498,1e-05,-0.0145428397501703
2023,223,18,37.7538053951375,1e-05,-0.0147246048625291
2023,223,19,36.6054478229165,1e-05,-0.0144521770835198
2023,223,20,35.9729350503065,1e-05,-0.014304949693539
2023,223,21,35.2725257999222,1e-05,-0.0141442000778369
2023,223,22,34.9421108147114,1e-05,-0.0140691852885908
2023,223,23,34.0143986880759,1e-05,-0.01386131192411
2023,224,0,33.2745016333531,1e-05,-0.0136983666468993
2023,224,1,32.3787256189539,1e-05,-0.0135043810461255
2023,224,2,31.8410803582896,1e-05,-0.0133896417103969
2023,224,3,31.8139761095533,1e-05,-0.0133838904466792
2023,224,4,31.2582533368581,1e-05,-0.0132666631419269
2023,224,5,30.5037404157291,1e-05,-0.0131095842708966
2023,224,6,29.1460471925831,1e-05,-0.0128328074169453
2023,224,7,29.8915361404147,1e-05,-0.0129838595852938
2023,224,8,30.6460509699876,1e-05,-0.0131390300124394
2023,224,9,31.4280976483196,1e-05,-0.013302351680359
2023,224,10,33.7534464413328,1e-05,-0.0138035586672203
2023,224,11,34.5383817727573,1e-05,-0.0139782272426672
2023,224,12,35.6872808970566,1e-05,-0.0142391029433924
2023,224,13,36.5325049026132,1e-05,-0.0144350973867731
2023,224,14,37.2762095108557,1e-05,-0.0146104891443315
2023,224,15,38.397499722712,1e-05,-0.0148802772879577
2023,224,16,39.1032665242687,1e-05,-0.0150534757312712
2023,224,17,38.5179503511696,1e-05,-0.0149096488303755
2023,224,18,38.2903757802571,1e-05,-0.0148542197429364
2023,224,19,36.879773351033,1e-05,-0.0145166489670459
2023,224,20,35.2468316519819,1e-05,-0.0141383480181432
2023,224,21,33.182901633769,1e-05,-0.0136783662310407
2023,224,22,33.8516047537949,1e-05,-0.0138252462050801
2023,224,23,33.5443824864728,1e-05,-0.0137575135271959
2023,225,0,31.8477189491624,1e-05,-0.0133910508376047
2023,225,1,30.9352108806242,1e-05,-0.0131991193757734
2023,225,2,30.3840051256818,1e-05,-0.013084874318217
2023,225,3,29.2499662692532,1e-05,-0.0128537307468193
2023,225,4,28.4931876701563,1e-05,-0.0127023298436626
2023,225,5,26.8090367157759,1e-05,-0.0123732842241182
2023,225,6,27.823179858877,1e-05,-0.0125701411229606
2023,225,7,30.1023830127009,1e-05,-0.01302698729911
2023,225,8,31.8004489787012,1e-05,-0.0133810212987591
2023,225,9,32.522574706589,1e-05,-0.0135352934110173
2023,225,10,34.6689824329909,1e-05,-0.0140075670090738
2023,225,11,35.6252151515294,1e-05,-0.0142248484705974
2023,225,12,37.3903423465308,1e-05,-0.0146376534692507
2023,225,13,38.3093211762503,1e-05,-0.0148588237496625
2023,225,14,39.8131396077547,1e-05,-0.0152303922452788
2023,225,15,39.9759386450268,1e-05,-0.0152713549732297
2023,225,16,39.2740142206047,1e-05,-0.0150957793953168
2023,225,17,38.0181317316298,1e-05,-0.0147882683701681
2023,225,18,39.1537540321281,1e-05,-0.0150659678719336
2023,225,19,36.6223238675857,1e-05,-0.0144561324142529
2023,225,20,35.2743853762653,1e-05,-0.0141446237346585
2023,225,21,34.4622288438644,1e-05,-0.0139611561356361
2023,225,22,33.2687728853022,1e-05,-0.0136971146978482
2023,225,23,32.0037257800491,1e-05,-0.0134242199508634
2023,226,0,30.8968088808692,1e-05,-0.0131911191307559
2023,226,1,29.7379274470358,1e-05,-0.0129525529641867
2023,226,2,29.2567449029398,1e-05,-0.0128550970602355
2023,226,3,29.6475558210495,1e-05,-0.0129341789505339
2023,226,4,30.2529820976297,1e-05,-0.0130579023703312
2023,226,5,29.351625759442,1e-05,-0.0128742405580127
2023,226,6,29.2522258138356,1e-05,-0.0128541861643825
2023,226,7,28.9088547898352,1e-05,-0.0127852101647896
2023,226,8,30.4224072070118,1e-05,-0.013092792988207
2023,226,9,32.137017357212,1e-05,-0.0134526427880104
2023,226,10,33.5784250023444,1e-05,-0.013764997655592
2023,226,11,35.776890283755,1e-05,-0.0142597162450357
2023,226,12,35.723432585591,1e-05,-0.0142474144089633
2023,226,13,36.1945436920749,1e-05,-0.0143563079251408
2023,226,14,36.9173144987419,1e-05,-0.0145255012580847
2023,226,15,37.6282655049278,1e-05,-0.014694495072213
2023,226,16,37.6822825593161,1e-05,-0.0147074406839067
2023,226,17,38.4795997111878,1e-05,-0.0149002888122354
2023,226,18,37.7266519145904,1e-05,-0.0147180854095552
2023,226,19,36.613405957902,1e-05,-0.014454042097988
2023,226,20,35.4810981786609,1e-05,-0.0141918213390682
2023,226,21,34.7543632087063,1e-05,-0.0140267912936594
2023,226,22,33.2720121774119,1e-05,-0.0136978225880924
2023,226,23,32.4329439783758,1e-05,-0.0135160216242269
2023,227,0,33.6166665887917,1e-05,-0.0137734112083123
2023,227,1,33.6150269496659,1e-05,-0.0137730503340947
2023,227,2,33.5264164341282,1e-05,-0.013753565871788
2023,227,3,31.785722101426,1e-05,-0.0133778985739852
2023,227,4,30.8403306357365,1e-05,-0.013179364263479
2023,227,5,30.5534401417741,1e-05,-0.0131198582259167
2023,227,6,30.1084017789394,1e-05,-0.013028221060555
2023,227,7,31.3666805676809,1e-05,-0.0132894323190591
2023,227,8,33.8741897575263,1e-05,-0.0138302424737162
2023,227,9,34.7752784942025,1e-05,-0.0140315057974831
2023,227,10,36.3815401671774,1e-05,-0.0143998328225692
2023,227,11,37.4217248656316,1e-05,-0.0146451343683793
2023,227,12,38.7467643436664,1e-05,-0.0149656563336009
2023,227,13,39.1040763240083,1e-05,-0.0150536759917372
2023,227,14,39.2802126819338,1e-05,-0.0150973180662106
2023,227,15,40.6739513399158,1e-05,-0.0154486600841608
2023,227,16,40.1120142936375,1e-05,-0.0153057063624971
2023,227,17,39.6012327079515,1e-05,-0.0151772920485129
2023,227,18,39.1803274515283,1e-05,-0.0150725484717285
2023,227,19,38.0484744002864,1e-05,-0.0147955997136506
2023,227,20,37.5016857819217,1e-05,-0.0146642180783019
2023,227,21,33.6657057899239,1e-05,-0.0137842100761247
2023,227,22,32.7153231435016,1e-05,-0.0135768564983962
2023,227,23,32.9796458795005,1e-05,-0.0136341204994537
2023,228,0,32.3877636793927,1e-05,-0.013506320607263
2023,228,1,31.9675834737214,1e-05,-0.0134165262786077
2023,228,2,31.3621715155506,1e-05,-0.0132884844494363
2023,228,3,30.6302442447203,1e-05,-0.0131357552796558
2023,228,4,28.8636638331942,1e-05,-0.0127761668057822
2023,228,5,28.6964972161845,1e-05,-0.0127427838155114
2023,228,6,27.6889561345932,1e-05,-0.0125438654068404
2023,228,7,29.6204513254364,1e-05,-0.0129286745636144
2023,228,8,32.5571972528453,1e-05,-0.0135427471546947
2023,228,9,36.1039447176983,1e-05,-0.014335282301694
2023,228,10,37.4922380384557,1e-05,-0.0146619615443413
2023,228,11,38.3589790996874,1e-05,-0.0148709003126228
2023,228,12,39.5809377805749,1e-05,-0.0151722194251107
2023,228,13,40.4807206969432,1e-05,-0.0153993030567534
2023,228,14,41.1842499738651,1e-05,-0.0155800261348631
2023,228,15,41.5361185208987,1e-05,-0.015671479101286
2023,228,16,42.2451820339229,1e-05,-0.0158579660771494
2023,228,17,41.6638151539542,1e-05,-0.0157048460457574
2023,228,18,38.9708392255284,1e-05,-0.0150207744715942
2023,228,19,38.7224403107656,1e-05,-0.0149596892343808
2023,228,20,35.3610656100142,1e-05,-0.0141643899857797
2023,228,21,34.8832741181367,1e-05,-0.0140558818633281
2023,228,22,35.0078059411673,1e-05,-0.0140840588327222
2023,228,23,34.3507337887811,1e-05,-0.0139362112189048
2023,229,0,33.2062165466436,1e-05,-0.0136834533564354
2023,229,1,32.7040255841564,1e-05,-0.0135744158435713
2023,229,2,32.489421838998,1e-05,-0.0135281610019931
2023,229,3,32.5346021178547,1e-05,-0.0135378821452719
2023,229,4,32.1212007339426,1e-05,-0.0134492660573642
2023,229,5,31.5767763067486,1e-05,-0.013333693251397
2023,229,6,30.914885115835,1e-05,-0.0131948841650278
2023,229,7,32.2115614279894,1e-05,-0.0134685720106376
2023,229,8,34.1575368762147,1e-05,-0.0138931237853086
2023,229,9,34.6401089263819,1e-05,-0.0140010736180542
2023,229,10,36.8036412813891,1e-05,-0.0144987186109446
2023,229,11,38.7006456546869,1e-05,-0.0149543453131287
2023,229,12,39.6755141224013,1e-05,-0.0151958775986571
2023,229,13,40.437781636302,1e-05,-0.0153883636980154
2023,229,14,42.1057189475462,1e-05,-0.0158210524538234
2023,229,15,42.3874442602122,1e-05,-0.0158957397877657
2023,229,16,42.7555159667451,1e-05,-0.0159940332548913
2023,229,17,42.8548792918408,1e-05,-0.0160207081591679
2023,229,18,41.541837028693,1e-05,-0.0156729713069765
2023,229,19,40.8178644427539,1e-05,-0.015485557246123
2023,229,20,37.4025194443778,1e-05,-0.0146405556221723
2023,229,21,37.0896137789642,1e-05,-0.0145662210358495
2023,229,22,36.6837094683114,1e-05,-0.0144705316886302
2023,229,23,35.8224597862045,1e-05,-0.0142702137955197
2023,230,0,34.7405763152765,1e-05,-0.0140236847235187
2023,230,1,33.0523700697381,1e-05,-0.01364993026192
2023,230,2,32.0665024032668,1e-05,-0.0134375967332474
2023,230,3,31.4931939375445,1e-05,-0.0133160624554876
2023,230,4,31.0459077847512,1e-05,-0.0132222152488133
2023,230,5,30.2687888474377,1e-05,-0.0130611525622975
2023,230,6,29.9502741439601,1e-05,-0.0129958560399324
2023,230,7,29.7175915845092,1e-05,-0.012948415490758
2023,230,8,30.0315975116604,1e-05,-0.0130124883395659
2023,230,9,31.0187934466491,1e-05,-0.0132165533509472
2023,230,10,31.312461959532,1e-05,-0.0132780404680268
2023,230,11,31.7800932947267,1e-05,-0.0133767052732736
2023,230,12,33.5990904565511,1e-05,-0.0137695434489018
2023,230,13,36.0940070215189,1e-05,-0.0143329784811073
2023,230,14,38.2738697899141,1e-05,-0.0148502100858678
2023,230,15,37.63399413273,1e-05,-0.0146958672699924
2023,230,16,38.6990360492523,1e-05,-0.014953950747703
2023,230,17,38.5008345294908,1e-05,-0.0149054705092198
2023,230,18,37.662637269205,1e-05,-0.0147027307950012
2023,230,19,37.2308702834424,1e-05,-0.0145997165576119
2023,230,20,34.5975584884629,1e-05,-0.0139915115371139
2023,230,21,34.209465311953,1e-05,-0.013904688046992
2023,230,22,32.5565473927995,1e-05,-0.0135426072005203
2023,230,23,32.4623176665263,1e-05,-0.0135223334737304
2023,231,0,31.9178940419904,1e-05,-0.0134059580096348
2023,231,1,30.9871700462185,1e-05,-0.0132099537815193
2023,231,2,29.8599125933216,1e-05,-0.0129774066783668
2023,231,3,29.1347494647214,1e-05,-0.0128305352786136
2023,231,4,29.7266297458376,1e-05,-0.0129502541624085
2023,231,5,29.4510256657557,1e-05,-0.012894334244347
2023,231,6,29.236418999319,1e-05,-0.0128510006809606
2023,231,7,29.1302403714252,1e-05,-0.0128296285748029
2023,231,8,29.2612639919629,1e-05,-0.0128560080370654
2023,231,9,31.0007272174501,1e-05,-0.0132127825498891
2023,231,10,32.5635658811962,1e-05,-0.013544118803793
2023,231,11,31.0769812923256,1e-05,-0.0132287076744326
2023,231,12,32.1433460057889,1e-05,-0.0134539942111047
2023,231,13,31.3602519190521,1e-05,-0.0132880809479161
2023,231,14,30.9183044034903,1e-05,-0.013195596509668
2023,231,15,29.9770986607608,1e-05,-0.0130013392392172
2023,231,16,29.9864167553663,1e-05,-0.013003244633726
2023,231,17,28.777820989555,1e-05,-0.0127590104450483
2023,231,18,28.4096042548622,1e-05,-0.0126857451377553
2023,231,19,27.8764594099105,1e-05,-0.0125805900894633
2023,231,20,27.6641109908211,1e-05,-0.0125390091789406
2023,231,21,27.454021961826,1e-05,-0.012498038173959
2023,231,22,27.027054719026,1e-05,-0.0124152809739613
2023,231,23,26.8169651915839,1e-05,-0.0123748084161406
2023,232,0,27.0021995157377,1e-05,-0.0124104842623218
2023,232,1,26.9412112759521,1e-05,-0.0123987240479231
2023,232,2,26.8869917194507,1e-05,-0.0123882805493345
2023,232,3,26.7898504032495,1e-05,-0.0123695967504638
2023,232,4,26.6452681475069,1e-05,-0.0123418524931402
2023,232,5,26.4374378947576,1e-05,-0.0123021052424264
2023,232,6,26.6091250711376,1e-05,-0.0123349288623729
2023,232,7,26.6023463691461,1e-05,-0.0123336308539272
2023,232,8,27.3636495350456,1e-05,-0.012480464954379
2023,232,9,28.8320401567867,1e-05,-0.0127698432132632
2023,232,10,31.9079561543672,1e-05,-0.0134038456328476
2023,232,11,34.511377829298,1e-05,-0.013972170702047
2023,232,12,34.1436999555398,1e-05,-0.013890044460247
2023,232,13,35.4856771308486,1e-05,-0.0141928691514082
2023,232,14,36.5258064697329,1e-05,-0.0144335302670839
2023,232,15,35.7145546272682,1e-05,-0.0142453727317857
2023,232,16,35.4242211855425,1e-05,-0.0141788144574804
2023,232,17,34.6599044749635,1e-05,-0.0140055250364668
2023,232,18,32.5872107870927,1e-05,-0.0135492129073143
2023,232,19,30.7271341554305,1e-05,-0.0131558445694537
2023,232,20,30.0564424250099,1e-05,-0.0130175749900587
2023,232,21,30.0225593614738,1e-05,-0.0130106385262145
2023,232,22,29.6724107709086,1e-05,-0.0129392290914119
2023,232,23,29.329030321622,1e-05,-0.0128696783779887
2023,233,0,28.9721021196808,1e-05,-0.0127978803191908
2023,233,1,26.9976903856928,1e-05,-0.012409614307213
2023,233,2,26.7242230061537,1e-05,-0.0123569938463
2023,233,3,25.9992111919098,1e-05,-0.0122188080901893
2023,233,4,26.4690918511377,1e-05,-0.0123081488623313
2023,233,5,25.655895967167,1e-05,-0.0121540328330454
2023,233,6,24.8946281152725,1e-05,-0.0120118847274782
2023,233,7,25.3772782281087,1e-05,-0.012101771891281
2023,233,8,25.3678099992767,1e-05,-0.0121000007232901
2023,233,9,25.9903728647665,1e-05,-0.0122171352334739
2023,233,10,26.0940832175478,1e-05,-0.0122367824521916
2023,233,11,26.1618603567479,1e-05,-0.0122496432521224
2023,233,12,28.3825196232298,1e-05,-0.0126803767701524
2023,233,13,29.2466869301772,1e-05,-0.0128530698228175
2023,233,14,30.2362755317312,1e-05,-0.0130544682687912
2023,233,15,30.1916047083941,1e-05,-0.0130452916058736
2023,233,16,30.577855090967,1e-05,-0.0131249090329995
2023,233,17,30.7408213143766,1e-05,-0.0131586856234023
2023,233,18,30.6008703274678,1e-05,-0.0131296725321661
2023,233,19,30.1942441664007,1e-05,-0.0130458335993247
2023,233,20,29.9209101429122,1e-05,-0.0129898570877991
2023,233,21,26.179906929599,1e-05,-0.0122530704009662
2023,233,22,25.5369283157317,1e-05,-0.0121316842683115
2023,233,23,24.5818859277553,1e-05,-0.0119540722447162
2023,234,0,24.0852070538574,1e-05,-0.0118629461426423
2023,234,1,22.8719661692049,1e-05,-0.0116438307951334
2023,234,2,24.4678269286492,1e-05,-0.0119330713507573
2023,234,3,23.9249162840361,1e-05,-0.0118337159638635
2023,234,4,24.2570556196002,1e-05,-0.0118943803998057
2023,234,5,24.2506867863632,1e-05,-0.0118932136367853
2023,234,6,24.1775701713832,1e-05,-0.0118798286168058
2023,234,7,24.8373987197386,1e-05,-0.0120012802613552
2023,234,8,26.65886554153,1e-05,-0.0123444584699683
2023,234,9,28.7778509835654,1e-05,-0.0127590164345541
2023,234,10,31.6310848349933,1e-05,-0.0133451650066689
2023,234,11,33.5878829221203,1e-05,-0.0137670778796917
2023,234,12,35.0760304732772,1e-05,-0.0140995267227595
2023,234,13,35.9946000400243,1e-05,-0.0143099599756766
2023,234,14,37.4403004352519,1e-05,-0.0146495647481331
2023,234,15,37.84419366575,1e-05,-0.014746334250006
2023,234,16,36.9540658258149,1e-05,-0.0145341741851155
2023,234,17,36.9261024255028,1e-05,-0.0145275744971585
2023,234,18,36.2935506689419,1e-05,-0.0143793310581088
2023,234,19,34.0256261962219,1e-05,-0.0138638037780936
2023,234,20,33.5040713419432,1e-05,-0.0137486580568122
2023,234,21,33.0749651529097,1e-05,-0.0136548470903293
2023,234,22,31.8158157193055,1e-05,-0.0133842806945239
2023,234,23,31.5112701270883,1e-05,-0.0133198729116621
2023,235,0,31.3305381629301,1e-05,-0.0132818370699006
2023,235,1,30.4246667408976,1e-05,-0.013093259102412
2023,235,2,29.4284302368783,1e-05,-0.0128897631216809
2023,235,3,29.7153320441258,1e-05,-0.0129479558741927
2023,235,4,27.3907642657065,1e-05,-0.0124857342934952
2023,235,5,26.9181657161966,1e-05,-0.0123942838033884
2023,235,6,26.128366714276,1e-05,-0.0122432857239936
2023,235,7,28.0552442684429,1e-05,-0.012615731557073
2023,235,8,30.5421924677919,1e-05,-0.0131175322080601
2023,235,9,33.1379214411991,1e-05,-0.0136685588009016
2023,235,10,35.0130947428788,1e-05,-0.0140852571212378
2023,235,11,36.2617680649557,1e-05,-0.014371935044295
2023,235,12,38.0428157678797,1e-05,-0.0147942321202521
2023,235,13,38.59689106004,1e-05,-0.0149289399599937
2023,235,14,38.9392270178244,1e-05,-0.0150129821755556
2023,235,15,37.9022296915311,1e-05,-0.0147603084689365
2023,235,16,38.4348406254399,1e-05,-0.0148893745600631
2023,235,17,36.5840928259672,1e-05,-0.0144471740327816
2023,235,18,36.008106915239,1e-05,-0.0143130847610209
2023,235,19,35.1091829489466,1e-05,-0.0141070510533865
2023,235,20,34.5520287106764,1e-05,-0.0139812893236098
2023,235,21,34.0188177073798,1e-05,-0.0138622926202245
2023,235,22,33.3041751462014,1e-05,-0.0137048537986217
2023,235,23,32.8709794589831,1e-05,-0.0136105410169449
2023,236,0,32.0826089684438,1e-05,-0.0134410315561624
2023,236,1,30.1219589993617,1e-05,-0.0130310006383176
2023,236,2,29.8892766016165,1e-05,-0.0129833983835255
2023,236,3,29.7808387109748,1e-05,-0.0129612890252417
2023,236,4,29.5278301127478,1e-05,-0.0129098872521674
2023,236,5,29.1076449137872,1e-05,-0.0128250862127928
2023,236,6,28.9088547898352,1e-05,-0.0127852101647896
2023,236,7,29.0827999060496,1e-05,-0.01282009395036
2023,236,8,31.0956073986881,1e-05,-0.0132326013119055
2023,236,9,31.9287017442445,1e-05,-0.0134082557555111
2023,236,10,33.3997542239802,1e-05,-0.0137257760198324
2023,236,11,34.0255162206329,1e-05,-0.0138637793670995
2023,236,12,35.150373592972,1e-05,-0.0141164070280126
2023,236,13,36.1752081827242,1e-05,-0.0143518172757879
2023,236,14,37.0698384601219,1e-05,-0.0145615398781374
2023,236,15,37.5348878481839,1e-05,-0.0146721518161144
2023,236,16,38.3466720939012,1e-05,-0.0148679060988428
2023,236,17,38.5440439781971,1e-05,-0.0149160218028612
2023,236,18,38.3048322672912,1e-05,-0.0148577327088191
2023,236,19,36.7536630362644,1e-05,-0.0144869637356422
2023,236,20,36.0948868175785,1e-05,-0.0143331824215167
2023,236,21,35.2235169593686,1e-05,-0.0141330406314353
2023,236,22,34.5568176359375,1e-05,-0.0139823640625281
2023,236,23,34.0681667494271,1e-05,-0.0138732505728782
2023,237,0,32.0466566339533,1e-05,-0.0134333660467334
2023,237,1,31.7371723894418,1e-05,-0.0133676105581806
2023,237,2,30.7996690904299,1e-05,-0.0131709095701318
2023,237,3,29.7130725037218,1e-05,-0.0129474962781622
2023,237,4,28.6242116177766,1e-05,-0.0127283822233686
2023,237,5,28.5112640798609,1e-05,-0.0127059201391404
2023,237,6,28.0074836680627,1e-05,-0.0126063319372847
2023,237,7,30.3794860571341,1e-05,-0.013083942865876
2023,237,8,33.1307330077173,1e-05,-0.0136669922827437
2023,237,9,35.0955360468993,1e-05,-0.014103953100701
2023,237,10,36.4619813906196,1e-05,-0.014418609380435
2023,237,11,37.9558067754266,1e-05,-0.0147732245734176
2023,237,12,39.0822717149727,1e-05,-0.0150482850272908
2023,237,13,40.477041634645,1e-05,-0.0153983653549616
2023,237,14,40.7773748355726,1e-05,-0.0154751644274285
2023,237,15,41.0167432591477,1e-05,-0.0155367408522906
2023,237,16,42.107758408565,1e-05,-0.0158215914350208
2023,237,17,41.5113349857948,1e-05,-0.0156650142052328
2023,237,18,41.2380460382478,1e-05,-0.0155939617521526
2023,237,19,39.5840869935915,1e-05,-0.0151730064085243
2023,237,20,38.9926838377737,1e-05,-0.0150261622262633
2023,237,21,38.8726534104484,1e-05,-0.0149965895515862
2023,237,22,37.2072958805799,1e-05,-0.0145941194201313
2023,237,23,35.6523289266764,1e-05,-0.0142310733235647
2023,238,0,35.3317822917056,1e-05,-0.014157708294448
2023,238,1,33.1395510860314,1e-05,-0.0136689139686084
2023,238,2,33.9623002433149,1e-05,-0.013849756685083
2023,238,3,33.4314272816712,1e-05,-0.0137327183287539
2023,238,4,32.0578742428124,1e-05,-0.0134357571875938
2023,238,5,31.5338553641723,1e-05,-0.0133246358277077
2023,238,6,30.9758724029379,1e-05,-0.0132075970621202
2023,238,7,32.5617062817276,1e-05,-0.0135437182724445
2023,238,8,33.5902723965026,1e-05,-0.0137676034973779
2023,238,9,35.8299780532989,1e-05,-0.0142719467011005
2023,238,10,37.7309708778778,1e-05,-0.0147191221222371
2023,238,11,37.1693248898787,1e-05,-0.0145851101213452
2023,238,12,39.5943944174026,1e-05,-0.0151755825973794
2023,238,13,40.0546587851931,1e-05,-0.0152912148069362
2023,238,14,40.7435135198964,1e-05,-0.0154664801036475
2023,238,15,41.6557972518192,1e-05,-0.0157027481808356
2023,238,16,42.0758168471349,1e-05,-0.0158131528650856
2023,238,17,41.9416422285588,1e-05,-0.0157777714411793
2023,238,18,39.9384480912155,1e-05,-0.0152619087844528
2023,238,19,39.1285502700231,1e-05,-0.0150597299768691
2023,238,20,38.4374699845782,1e-05,-0.0148900154218268
2023,238,21,36.0227935165128,1e-05,-0.014316483487157
2023,238,22,35.1019945808725,1e-05,-0.0141054191275458
2023,238,23,34.3375067442438,1e-05,-0.0139332557561787
2023,239,0,33.5172284524252,1e-05,-0.0137515475747989
2023,239,1,32.5165260082477,1e-05,-0.0135339917522828
2023,239,2,31.8320422764354,1e-05,-0.0133877235645805
2023,239,3,31.4638301244674,1e-05,-0.013309875532638
2023,239,4,31.2943957526537,1e-05,-0.0132742473462635
2023,239,5,30.9058469985226,1e-05,-0.0131930014773971
2023,239,6,29.5210514863776,1e-05,-0.0129085136224312
2023,239,7,31.4457539312794,1e-05,-0.0133060687206239
2023,239,8,34.4567400732291,1e-05,-0.0139599267709443
2023,239,9,35.6293442038002,1e-05,-0.0142257961997743
2023,239,10,37.531448670249,1e-05,-0.0146713297510033
2023,239,11,38.4180347207321,1e-05,-0.0148852792679222
2023,239,12,40.64537865155,1e-05,-0.0154413484500253
2023,239,13,41.2199907172524,1e-05,-0.0155892827475981
2023,239,14,41.2696578415787,1e-05,-0.0156021584212809
2023,239,15,41.8929150514818,1e-05,-0.0157649485181963
2023,239,16,42.6232213897447,1e-05,-0.0159586102552964
2023,239,17,42.9610107338726,1e-05,-0.0160492661273892
2023,239,18,41.8861368341134,1e-05,-0.015763165886554
2023,239,19,39.930939982037,1e-05,-0.0152600179629587
2023,239,20,37.8031335418698,1e-05,-0.0147364581301517
2023,239,21,37.0832352890786,1e-05,-0.0145647109213556
2023,239,22,36.5489010657361,1e-05,-0.0144389342638505
2023,239,23,34.5576574474545,1e-05,-0.0139825525455421
2023,240,0,34.0436222009449,1e-05,-0.013867799055113
2023,240,1,33.4924238992592,1e-05,-0.013746100740839
2023,240,2,34.0639476867083,1e-05,-0.0138723132916638
2023,240,3,33.7589852187423,1e-05,-0.0138047812577256
2023,240,4,32.2047828774867,1e-05,-0.0134671225132692
2023,240,5,31.7755742526602,1e-05,-0.0133757473398042
2023,240,6,30.810966742017,1e-05,-0.0131732579830413
2023,240,7,33.0609482033522,1e-05,-0.0136517966478067
2023,240,8,35.8587114279295,1e-05,-0.0142785720705163
2023,240,9,37.6308348894952,1e-05,-0.0146951105047606
2023,240,10,39.0883402148562,1e-05,-0.0150497851437876
2023,240,11,40.5821348189627,1e-05,-0.0154251810372656
2023,240,12,41.9719442473009,1e-05,-0.0157857526990952
2023,240,13,42.6396869866889,1e-05,-0.0159630133111506
2023,240,14,43.7897453633358,1e-05,-0.0162746366641642
2023,240,15,44.1036188938208,1e-05,-0.016361106179211
2023,240,16,44.6320119206988,1e-05,-0.0165080793011541
2023,240,17,44.7135290881116,1e-05,-0.0165309118884238
2023,240,18,43.8958661970273,1e-05,-0.0163038029727502
2023,240,19,41.466146764155,1e-05,-0.015653235844951
2023,240,20,39.9279807272019,1e-05,-0.0152592727981187
2023,240,21,37.6774037291842,1e-05,-0.0147062708158003
2023,240,22,37.1833115721395,1e-05,-0.0145884278604953
2023,240,23,36.5522702771389,1e-05,-0.0144397228610629
2023,241,0,35.8492236160832,1e-05,-0.0142763839168367
2023,241,1,34.9866607307303,1e-05,-0.0140792692697502
2023,241,2,34.0390732110029,1e-05,-0.0138667889970847
2023,241,3,33.1332424608784,1e-05,-0.0136675391216414
2023,241,4,32.3877636793927,1e-05,-0.013506320607263
2023,241,5,31.6535800795664,1e-05,-0.013349920433587
2023,241,6,31.1317498392445,1e-05,-0.0132401607555224
2023,241,7,32.347102402463,1e-05,-0.0134975975370395
2023,241,8,34.6621639667554,1e-05,-0.0140060332445913
2023,241,9,35.7484268355717,1e-05,-0.0142531644283395
2023,241,10,38.6063887368178,1e-05,-0.0149312631821559
2023,241,11,39.7909351833846,1e-05,-0.0152248166154436
2023,241,12,40.8935449921498,1e-05,-0.0155050078501944
2023,241,13,41.4390238280841,1e-05,-0.0156461719159324
2023,241,14,42.5048629919275,1e-05,-0.0159270080724525
2023,241,15,42.9452049912356,1e-05,-0.0160450087643937
2023,241,16,43.0769894478473,1e-05,-0.0160805521527152
2023,241,17,43.0061685619912,1e-05,-0.0160614380088404
2023,241,18,43.0287524700467,1e-05,-0.0160675299532969
2023,241,19,41.2077638847478,1e-05,-0.0155861152522192
2023,241,20,39.5892557018217,1e-05,-0.0151742981783372
2023,241,21,36.6342610689403,1e-05,-0.0144589310597141
2023,241,22,37.8002642316935,1e-05,-0.0147357683065295
2023,241,23,37.6102598167912,1e-05,-0.0146901832087494
2023,242,0,37.2577239042939,1e-05,-0.0146060957061209
2023,242,1,32.9028225548006,1e-05,-0.0136174451993654
2023,242,2,32.1573430162422,1e-05,-0.01345698375777
2023,242,3,32.923158143305,1e-05,-0.0136218566950106
2023,242,4,33.1716440892016,1e-05,-0.0136759107983622
2023,242,5,33.4811263791593,1e-05,-0.0137436208406569
2023,242,6,33.097100333947,1e-05,-0.013659666053023
2023,242,7,31.6626181683328,1e-05,-0.0133518316672472
2023,242,8,32.7943860474488,1e-05,-0.0135939525512114
2023,242,9,34.842113415154,1e-05,-0.0140465848459996
2023,242,10,36.2102800359683,1e-05,-0.0143599640316552
2023,242,11,37.0514328152755,1e-05,-0.0145571847244597
2023,242,12,38.8244852562398,1e-05,-0.0149847437602233
2023,242,13,38.9347081312756,1e-05,-0.0150118687244003
2023,242,14,40.9675559390572,1e-05,-0.0155240609428162
2023,242,15,41.1314636317292,1e-05,-0.0155663682708038
2023,242,16,41.6512884313763,1e-05,-0.0157015686236761
2023,242,17,41.8229034511119,1e-05,-0.0157465488881385
2023,242,18,41.4646171626398,1e-05,-0.0156528373601503
2023,242,19,39.5060464798074,1e-05,-0.0151535201926265
2023,242,20,37.0522426236943,1e-05,-0.0145573763057172
2023,242,21,35.5727971757054,1e-05,-0.0142128242946313
2023,242,22,37.0864745222124,1e-05,-0.0145654777876132
2023,242,23,35.2949506898818,1e-05,-0.0141493101181922
2023,243,0,34.3988530301094,1e-05,-0.0139469698905756
2023,243,1,33.6324831070485,1e-05,-0.0137768929514692
2023,243,2,32.7198421670818,1e-05,-0.0135778329181662
2023,243,3,32.0150233739542,1e-05,-0.0134266260458489
2023,243,4,30.6596081604742,1e-05,-0.0131418395258081
2023,243,5,30.3727074541554,1e-05,-0.0130825458445933
2023,243,6,30.0880759448542,1e-05,-0.0130240551457561
2023,243,7,31.7846123367056,1e-05,-0.0133776632943494
2023,243,8,33.4743478668223,1e-05,-0.0137421331777148
2023,243,9,34.4427732008695,1e-05,-0.013956799130483
2023,243,10,34.1029390215062,1e-05,-0.0138809784937663
2023,243,11,34.664803373066,1e-05,-0.014006626933984
2023,243,12,33.8339686536404,1e-05,-0.013821346359606
2023,243,13,36.5764046266026,1e-05,-0.0144453733974075
2023,243,14,39.3909951467413,1e-05,-0.0151248532586834
2023,243,15,39.9611023841292,1e-05,-0.0152676158707692
2023,243,16,40.1677501937535,1e-05,-0.0153198062464881
2023,243,17,39.858308257313,1e-05,-0.0152417426869889
2023,243,18,39.394064382927,1e-05,-0.0151256170729965
2023,243,19,37.8381051307665,1e-05,-0.0147448692334891
2023,243,20,37.1046902087836,1e-05,-0.014569791216438
2023,243,21,26.1870655698066,1e-05,-0.0122544301933978
2023,243,22,25.4746100025136,1e-05,-0.0121199974863586
2023,243,23,25.9490706784463,1e-05,-0.0122093215537298
2023,244,0,23.3953022511044,1e-05,-0.0117377488955981
2023,244,1,24.9065359073627,1e-05,-0.0120140926372514
2023,244,2,24.2796614771202,1e-05,-0.011898522879779
2023,244,3,24.1463458819049,1e-05,-0.0118741180951183
2023,244,4,24.5666087432227,1e-05,-0.0119512567773086
2023,244,5,25.6918192089797,1e-05,-0.0121607910203245
2023,244,6,24.6547224935221,1e-05,-0.0119675064779301
2023,244,7,24.8784111213926,1e-05,-0.0120088786073786
2023,244,8,26.2529630438178,1e-05,-0.0122669561822093
2023,244,9,26.3312881351437,1e-05,-0.0122818648563481
2023,244,10,27.2326649512501,1e-05,-0.0124550487499349
2023,244,11,28.3011957252045,1e-05,-0.012664274795501
2023,244,12,27.298172248239,1e-05,-0.0124677517609655
2023,244,13,26.988682123449,1e-05,-0.0124078765509665
2023,244,14,27.5014927187166,1e-05,-0.0125072812833906
2023,244,15,28.3034552781616,1e-05,-0.0126647218384477
2023,244,16,29.6498453559552,1e-05,-0.0129346440448366
2023,244,17,29.6698412931017,1e-05,-0.0129387068983178
2023,244,18,28.951776193228,1e-05,-0.0127938067720024
2023,244,19,28.5519160010419,1e-05,-0.0127139989581231
2023,244,20,28.470602154262,1e-05,-0.0126978457379714
2023,244,21,27.4585410822647,1e-05,-0.0124989177352504
2023,244,22,26.7824518248427,1e-05,-0.0123681751572704
2023,244,23,25.9209359975591,1e-05,-0.0122040024409138
2023,245,0,25.9924524711784,1e-05,-0.0122175288216368
2023,245,1,24.9837615764593,1e-05,-0.0120284235407233
2023,245,2,25.0567480131979,1e-05,-0.0120419868021457
2023,245,3,25.1065887405111,1e-05,-0.0120512594889135
2023,245,4,25.2805763027772,1e-05,-0.0120836972228169
2023,245,5,24.9094253715322,1e-05,-0.0120146284677531
2023,245,6,23.8839937327006,1e-05,-0.0118262672994263
2023,245,7,25.5291097827221,1e-05,-0.0121302172778748
2023,245,8,26.3813785891065,1e-05,-0.0122914108934928
2023,245,9,28.4706221502929,1e-05,-0.012697849707088
2023,245,10,29.9289684969693,1e-05,-0.0129915030307401
2023,245,11,31.7159868756309,1e-05,-0.013363124369139
2023,245,12,32.3187084895314,1e-05,-0.0134915104685547
2023,245,13,32.9774963464362,1e-05,-0.0136336535637724
2023,245,14,33.4610107932693,1e-05,-0.0137392067307474
2023,245,15,33.44081522309,1e-05,-0.0137347769100202
2023,245,16,33.7623044860036,1e-05,-0.0138055139963811
2023,245,17,34.5583972814072,1e-05,-0.0139827185928425
2023,245,18,32.9104608979942,1e-05,-0.0136191020058192
2023,245,19,31.8001190486706,1e-05,-0.0133809513293563
2023,245,20,29.1008662761028,1e-05,-0.0128237238971884
2023,245,21,28.538368694031,1e-05,-0.0127113059689847
2023,245,22,28.1520651866565,1e-05,-0.0126348133434817
2023,245,23,27.7273686219048,1e-05,-0.0125513780952033
2023,246,0,26.8553678056881,1e-05,-0.0123821943119253
2023,246,1,26.6561160685284,1e-05,-0.0123439314715874
2023,246,2,25.5992966058388,1e-05,-0.0121433941611784
2023,246,3,26.0135284814393,1e-05,-0.012221518560743
2023,246,4,25.5132927498099,1e-05,-0.0121272501900833
2023,246,5,24.702143737179,1e-05,-0.0119762628210083
2023,246,6,23.5449552283962,1e-05,-0.0117647716038327
2023,246,7,25.8370018492528,1e-05,-0.0121881507472104
2023,246,8,27.6174701009516,1e-05,-0.0125298990484453
2023,246,9,29.7085834167522,1e-05,-0.0129465832478495
2023,246,10,31.4988527448188,1e-05,-0.0133172551811853
2023,246,11,32.7296800411126,1e-05,-0.0135799588873553
2023,246,12,33.7331609178205,1e-05,-0.0137990821795455
2023,246,13,34.3302183724167,1e-05,-0.013931627583311
2023,246,14,35.2072306652606,1e-05,-0.0141293347393869
2023,246,15,35.9652268323681,1e-05,-0.0143031676318586
2023,246,16,36.1109131019534,1e-05,-0.014336898046615
2023,246,17,36.0949268083084,1e-05,-0.0143331916916267
2023,246,18,35.6450805911172,1e-05,-0.0142294088827839
2023,246,19,34.1027190704065,1e-05,-0.0138809295934763
2023,246,20,33.5524507131766,1e-05,-0.0137592868234222
2023,246,21,32.9525217700693,1e-05,-0.0136282299307382
2023,246,22,31.865935081578,1e-05,-0.0133949184219873
2023,246,23,28.6829399187798,1e-05,-0.0127400812201799
2023,247,0,29.8824979850979,1e-05,-0.0129820149021
2023,247,1,27.511410786485,1e-05,-0.012509213515024
2023,247,2,27.7315977944252,1e-05,-0.0125522055747815
2023,247,3,26.5277306457317,1e-05,-0.0123193542682571
2023,247,4,28.1748206967161,1e-05,-0.0126393032839012
2023,247,5,26.4016047319112,1e-05,-0.0122952680887813
2023,247,6,27.4379350922095,1e-05,-0.0124949077905505
2023,247,7,27.3595003411363,1e-05,-0.0124796588636755
2023,247,8,29.3878784355246,1e-05,-0.012881564475407
2023,247,9,31.0684030850409,1e-05,-0.0132269149591409
2023,247,10,31.8608061706745,1e-05,-0.0133938293255298
2023,247,11,32.778889400523,1e-05,-0.013590599476963
2023,247,12,33.8468058151183,1e-05,-0.0138241848816989
2023,247,13,34.7215805940749,1e-05,-0.0140194059251399
2023,247,14,36.0457482022965,1e-05,-0.0143217977035519
2023,247,15,36.0693927256756,1e-05,-0.0143272743244367
2023,247,16,35.965176843924,1e-05,-0.0143031560759823
2023,247,17,35.996559586743,1e-05,-0.0143104132570357
2023,247,18,35.0405185273178,1e-05,-0.0140914726822032
2023,247,19,33.808754226799,1e-05,-0.0138157732010242
2023,247,20,33.2190637424474,1e-05,-0.0136862575526209
2023,247,21,32.0579442278927,1e-05,-0.0134357721072931
2023,247,22,30.7273841035556,1e-05,-0.0131558964444025
2023,247,23,30.6212061167151,1e-05,-0.0131338832848655
2023,248,0,29.95479322042,1e-05,-0.0129967795800034
2023,248,1,28.5202922862249,1e-05,-0.0127077137750717
2023,248,2,25.4152711178229,1e-05,-0.0121088821770634
2023,248,3,24.8864896240064,1e-05,-0.012010375993583
2023,248,4,23.1854400210462,1e-05,-0.0116999789537999
2023,248,5,22.8758354781059,1e-05,-0.0116445218940591
2023,248,6,22.3786638809954,1e-05,-0.011556119004613
2023,248,7,24.2566157001974,1e-05,-0.0118942998026448
2023,248,8,25.8303531038514,1e-05,-0.0121868961486165
2023,248,9,29.4555847431938,1e-05,-0.0128952568062459
2023,248,10,30.7649463048393,1e-05,-0.0131636951606993
2023,248,11,32.1266395729137,1e-05,-0.0134504270863474
2023,248,12,33.7116356658317,1e-05,-0.0137943341682671
2023,248,13,34.9333927869579,1e-05,-0.0140672130421038
2023,248,14,36.5048913614522,1e-05,-0.0144286385478409
2023,248,15,36.8775338788815,1e-05,-0.0145161211184686
2023,248,16,37.1102588897983,1e-05,-0.0145711102016577
2023,248,17,37.3651283533412,1e-05,-0.0146316466587493
2023,248,18,37.1753434623528,1e-05,-0.0145865376471761
2023,248,19,34.6827893265618,1e-05,-0.0140106734382499
2023,248,20,33.5149189596845,1e-05,-0.013751040315455
2023,248,21,32.5436401721201,1e-05,-0.0135398278798675
2023,248,22,32.0579442278927,1e-05,-0.0134357721072931
2023,248,23,31.6106591510493,1e-05,-0.0133408489507403
2023,249,0,29.6904870965204,1e-05,-0.012942903479626
2023,249,1,27.1716367713026,1e-05,-0.0124432286974425
2023,249,2,25.8046179585117,1e-05,-0.0121820414882912
2023,249,3,23.3811248072666,1e-05,-0.0117351927334362
2023,249,4,23.2961701105013,1e-05,-0.0117198894987105
2023,249,5,23.2464590541145,1e-05,-0.0117109458854721
2023,249,6,22.2317798464943,1e-05,-0.0115301535056851
2023,249,7,25.2441730984441,1e-05,-0.0120769015559432
2023,249,8,27.7199900654307,1e-05,-0.0125499345693392
2023,249,9,30.7680756548547,1e-05,-0.0131643451452526
2023,249,10,32.1286391460325,1e-05,-0.0134508539674911
2023,249,11,34.0685266694657,1e-05,-0.0138733305343095
2023,249,12,35.5839146265795,1e-05,-0.0142153734204484
2023,249,13,36.609676831874,1e-05,-0.0144531681259892
2023,249,14,37.486899313374,1e-05,-0.0146606866259731
2023,249,15,37.6328044177204,1e-05,-0.014695582279586
2023,249,16,38.0905242323335,1e-05,-0.0148057676664877
2023,249,17,38.2037368107512,1e-05,-0.0148331892488045
2023,249,18,37.6215871044145,1e-05,-0.0146928955855259
2023,249,19,35.6256150597433,1e-05,-0.0142249402567387
2023,249,20,33.9577012627523,1e-05,-0.0138487372476703
2023,249,21,33.7499472136554,1e-05,-0.013802786344641
2023,249,22,33.2868589323115,1e-05,-0.0137010676885438
2023,249,23,28.6558353198314,1e-05,-0.0127346801686201
2023,250,0,26.5268908063067,1e-05,-0.0123191936932656
2023,250,1,24.9118949135504,1e-05,-0.0120150864496225
2023,250,2,23.4340252660408,1e-05,-0.0117447339591834
2023,250,3,23.2102955552471,1e-05,-0.0117044447528976
2023,250,4,24.826100811874,1e-05,-0.011999188126012
2023,250,5,24.1820393537569,1e-05,-0.0118806462430534
2023,250,6,23.2532378350102,1e-05,-0.0117121649898024
2023,250,7,24.7063229651125,1e-05,-0.0119770348874866
2023,250,8,26.8716346754782,1e-05,-0.0123853245217589
2023,250,9,31.190537531653,1e-05,-0.013252468346991
2023,250,10,33.5496713240852,1e-05,-0.013758675914822
2023,250,11,35.2835832805151,1e-05,-0.014146719484863
2023,250,12,36.9572850657837,1e-05,-0.0145349342163144
2023,250,13,38.1152582471548,1e-05,-0.0148117528451692
2023,250,14,38.7412456977609,1e-05,-0.014964302239143
2023,250,15,39.0734438968307,1e-05,-0.0150461031693041
2023,250,16,39.8579883377453,1e-05,-0.0152416622547165
2023,250,17,39.540137971477,1e-05,-0.0151620285229725
2023,250,18,38.9666702534723,1e-05,-0.0150197465277486
2023,250,19,37.3010136129775,1e-05,-0.0146163870225422
2023,250,20,36.6022285772673,1e-05,-0.0144514227327335
2023,250,21,31.7708952444105,1e-05,-0.0133747555894814
2023,250,22,34.4841239384426,1e-05,-0.0139660615573902
2023,250,23,32.2454441796444,1e-05,-0.0134758203555592
2023,251,0,30.4495216122554,1e-05,-0.0130983877446411
2023,251,1,28.6219520676232,1e-05,-0.0127279323767837
2023,251,2,27.138773130658,1e-05,-0.0124368693420074
2023,251,3,28.3082243345595,1e-05,-0.0126656654405082
2023,251,4,28.0826188770007,1e-05,-0.012621122999299
2023,251,5,28.5319299736966,1e-05,-0.0127100263033526
2023,251,6,27.1490711383496,1e-05,-0.0124388616503808
2023,251,7,27.7881867157293,1e-05,-0.0125632842707404
2023,251,8,32.1123326267424,1e-05,-0.01344737325757
2023,251,9,32.9747669393063,1e-05,-0.0136330606937065
2023,251,10,34.8869732822099,1e-05,-0.014056717790055
2023,251,11,36.5839328634347,1e-05,-0.0144471365653231
2023,251,12,37.5732386770858,1e-05,-0.0146813229142069
2023,251,13,38.977547571255,1e-05,-0.0150224287450484
2023,251,14,40.1338087822001,1e-05,-0.0153112177998906
2023,251,15,40.6144065719601,1e-05,-0.0154334280398842
2023,251,16,41.3757902801373,1e-05,-0.0156297198627229
2023,251,17,41.0960527849082,1e-05,-0.0155572150917891
2023,251,18,40.1292899251558,1e-05,-0.0153100748442014
2023,251,19,38.8809213758936,1e-05,-0.0149986241063758
2023,251,20,38.0812064862283,1e-05,-0.0148035137717386
2023,251,21,36.2118296758665,1e-05,-0.0143603241335342
2023,251,22,35.2383135913454,1e-05,-0.0141364086545934
2023,251,23,34.8161992643102,1e-05,-0.0140407356897967
2023,252,0,31.6603586461739,1e-05,-0.0133513538261063
2023,252,1,33.4630603436052,1e-05,-0.0137396563948116
2023,252,2,32.6498072893012,1e-05,-0.013562710698821
2023,252,3,29.7311388284128,1e-05,-0.0129511715871899
2023,252,4,27.4619804128128,1e-05,-0.0124995871871967
2023,252,5,26.7330313155483,1e-05,-0.0123586844517121
2023,252,6,26.4193413482554,1e-05,-0.0122986517445725
2023,252,7,29.3927574494463,1e-05,-0.0128825505536661
2023,252,8,32.3743065671492,1e-05,-0.0135034328508397
2023,252,9,33.7678832543597,1e-05,-0.0138067456402808
2023,252,10,36.1206908344085,1e-05,-0.0143391655915153
2023,252,11,37.8936917484389,1e-05,-0.0147582515611475
2023,252,12,39.1968333621085,1e-05,-0.015076637891525
2023,252,13,41.030289764587,1e-05,-0.0155402354129777
2023,252,14,42.6222916383203,1e-05,-0.0159583616796724
2023,252,15,42.644865601541,1e-05,-0.0159643984590119
2023,252,16,43.1213374629935,1e-05,-0.0160925370064717
2023,252,17,43.1676549330694,1e-05,-0.0161050669306135
2023,252,18,42.2858212556327,1e-05,-0.0158687443673173
2023,252,19,40.3331682447365,1e-05,-0.0153617552634699
2023,252,20,39.6979684982534,1e-05,-0.0152015017465885
2023,252,21,37.1731039935467,1e-05,-0.0145860064532926
2023,252,22,36.2641275160678,1e-05,-0.0143724839321635
2023,252,23,34.3079233514411,1e-05,-0.0139266485588507
2023,253,0,32.3742065886006,1e-05,-0.0135034113994479
2023,253,1,31.1407879480027,1e-05,-0.0132420519972776
2023,253,2,29.4397279515715,1e-05,-0.0128920484285189
2023,253,3,29.8598126137164,1e-05,-0.0129773862835521
2023,253,4,28.3758509445752,1e-05,-0.0126790554248224
2023,253,5,28.1505654824968,1e-05,-0.0126345175032192
2023,253,6,27.6580921669088,1e-05,-0.0125378330911907
2023,253,7,30.2712483416233,1e-05,-0.0130616583766745
2023,253,8,30.7793733079264,1e-05,-0.0131666920736215
2023,253,9,34.9369619795565,1e-05,-0.0140680204435455
2023,253,10,36.7992623118229,1e-05,-0.0144976881770873
2023,253,11,38.5983706981379,1e-05,-0.0149293018620611
2023,253,12,39.9486355251413,1e-05,-0.0152644748587107
2023,253,13,41.6693537045864,1e-05,-0.0157062954135867
2023,253,14,42.2837318100329,1e-05,-0.0158681899670796
2023,253,15,41.9702247003578,1e-05,-0.0157852996422179
2023,253,16,41.6219760969126,1e-05,-0.0156939030874028
2023,253,17,39.9780281183301,1e-05,-0.015271881669868
2023,253,18,38.6022197566491,1e-05,-0.0149302433509391
2023,253,19,37.1434010365721,1e-05,-0.014578963427951
2023,253,20,36.3287824644465,1e-05,-0.0143875355534675
2023,253,21,35.8727381921631,1e-05,-0.0142818078368805
2023,253,22,34.6216430771338,1e-05,-0.0139969228661556
2023,253,23,34.75972200098,1e-05,-0.014027999019973
2023,254,0,33.7372000266438,1e-05,-0.0137999733561784
2023,254,1,33.0315845907726,1e-05,-0.0136454092273652
2023,254,2,32.0376185601093,1e-05,-0.0134314398906952
2023,254,3,31.2921362269593,1e-05,-0.0132737730406944
2023,254,4,29.8260195048505,1e-05,-0.0129704951494745
2023,254,5,29.7130725037218,1e-05,-0.0129474962781622
2023,254,6,29.5617132438697,1e-05,-0.0129167561302594
2023,254,7,29.4555447512868,1e-05,-0.0128952487132388
2023,254,8,29.5933368289059,1e-05,-0.012923171094112
2023,254,9,30.9216537056785,1e-05,-0.0131962943214887
2023,254,10,33.3080443000444,1e-05,-0.0137056999556151
2023,254,11,35.1612111300082,1e-05,-0.0141188699918118
2023,254,12,37.1991878049814,1e-05,-0.0145921950185581
2023,254,13,37.12057644559,1e-05,-0.0145735544100347
2023,254,14,38.4949259715302,1e-05,-0.0149040284698074
2023,254,15,38.790993485417,1e-05,-0.014976514583033
2023,254,16,38.4516065384064,1e-05,-0.014893461593573
2023,254,17,38.3790442162645,1e-05,-0.0148757837355475
2023,254,18,36.9565952286519,1e-05,-0.0145347713480817
2023,254,19,36.0113161726531,1e-05,-0.014313827346875
2023,254,20,35.4198621817367,1e-05,-0.0141778182633487
2023,254,21,34.3329977515513,1e-05,-0.0139322484486541
2023,254,22,33.3611526787992,1e-05,-0.013717321200815
2023,254,23,32.6430387496454,1e-05,-0.0135612503545701
2023,255,0,33.0112490120842,1e-05,-0.0136409879158137
2023,255,1,32.6701429005822,1e-05,-0.0135670994177559
2023,255,2,32.1618620508642,1e-05,-0.013457949135848
2023,255,3,31.6874729106397,1e-05,-0.0133570893603441
2023,255,4,30.4404834775102,1e-05,-0.0130965224897857
2023,255,5,29.9999739825109,1e-05,-0.0130060174890794
2023,255,6,29.3041853356594,1e-05,-0.0128646643405901
2023,255,7,29.6227108666809,1e-05,-0.0129291333191226
2023,255,8,29.3584043903921,1e-05,-0.0128756096078853
2023,255,9,30.1468039035755,1e-05,-0.0130360964245213
2023,255,10,29.9525336822004,1e-05,-0.0129963177996224
2023,255,11,30.2020025731037,1e-05,-0.0130474268962821
2023,255,12,32.4433717380804,1e-05,-0.0135182619196215
2023,255,13,33.5896325372563,1e-05,-0.0137674627436581
2023,255,14,35.074870736398,1e-05,-0.0140992636019774
2023,255,15,35.3915886410727,1e-05,-0.0141713589273493
2023,255,16,33.2143847638279,1e-05,-0.0136852361720941
2023,255,17,32.4909315143158,1e-05,-0.013528485684219
2023,255,18,32.0917670149337,1e-05,-0.0134429850662841
2023,255,19,29.0850594521256,1e-05,-0.0128205478743766
2023,255,20,28.4660730532275,1e-05,-0.0126969467724649
2023,255,21,22.4032695245648,1e-05,-0.0115604754351573
2023,255,22,23.491034973288,1e-05,-0.0117550267119597
2023,255,23,24.6433945840785,1e-05,-0.0119654159215088
2023,256,0,23.660534307469,1e-05,-0.0117856925310278
2023,256,1,23.8684065683749,1e-05,-0.0118234316251424
2023,256,2,23.1137328933089,1e-05,-0.0116871066910598
2023,256,3,23.4662194549016,1e-05,-0.0117505450983941
2023,256,4,22.9804267785262,1e-05,-0.0116632214738388
2023,256,5,23.3419418684095,1e-05,-0.0117281315904982
2023,256,6,23.2990095993974,1e-05,-0.0117204006026057
2023,256,7,21.0824506664424,1e-05,-0.0113293335576152
2023,256,8,21.9815539219049,1e-05,-0.0114860780951354
2023,256,9,23.2038767087172,1e-05,-0.0117032912828385
2023,256,10,25.7937000173517,1e-05,-0.0121799826482594
2023,256,11,28.2605337666421,1e-05,-0.012656233357923
2023,256,12,30.1689593572831,1e-05,-0.0130406427168985
2023,256,13,31.3569826062297,1e-05,-0.0132873937703017
2023,256,14,32.7670019719351,1e-05,-0.0135880280648948
2023,256,15,33.5709866380917,1e-05,-0.0137633619082607
2023,256,16,33.7546161831439,1e-05,-0.0138038168560826
2023,256,17,32.6109756646634,1e-05,-0.0135543353366074
2023,256,18,32.5851212373683,1e-05,-0.0135487626316788
2023,256,19,31.117852746568,1e-05,-0.0132372534320311
2023,256,20,29.8779789073156,1e-05,-0.0129810926843632
2023,256,21,28.8907784081394,1e-05,-0.0127815918605663
2023,256,22,28.4977067727011,1e-05,-0.0127032272988927
2023,256,23,27.7544733174294,1e-05,-0.01255668257064
2023,257,0,27.2077797727314,1e-05,-0.012450227268598
2023,257,1,26.0879143872709,1e-05,-0.0122356127290821
2023,257,2,26.1329458453358,1e-05,-0.0122441546641845
2023,257,3,24.8562052361877,1e-05,-0.0120047638122784
2023,257,4,24.6546924990581,1e-05,-0.0119675009418927
2023,257,5,24.7247395621317,1e-05,-0.0119804378682566
2023,257,6,25.1404824297661,1e-05,-0.0120575702339139
2023,257,7,24.7880078626376,1e-05,-0.0119921373623626
2023,257,8,26.5907385914523,1e-05,-0.0123314085476594
2023,257,9,27.7138412682117,1e-05,-0.0125487317883284
2023,257,10,29.6915468810564,1e-05,-0.0129431189435749
2023,257,11,31.4903045464986,1e-05,-0.0133154535014093
2023,257,12,33.3526445414157,1e-05,-0.013715458584258
2023,257,13,33.5014819105326,1e-05,-0.0137480894673914
2023,257,14,34.8316957669318,1e-05,-0.0140442330682191
2023,257,15,35.1567321479799,1e-05,-0.0141178520200711
2023,257,16,35.2629779748889,1e-05,-0.0141420251111271
2023,257,17,35.4437367243973,1e-05,-0.0141832756026545
2023,257,18,35.1112424813398,1e-05,-0.014107518660218
2023,257,19,33.1292833236074,1e-05,-0.0136666763926314
2023,257,20,31.9856596265261,1e-05,-0.0134203734739096
2023,257,21,29.8915361404147,1e-05,-0.0129838595852938
2023,257,22,28.8683628932178,1e-05,-0.0127771067822238
2023,257,23,28.070971171372,1e-05,-0.012618828628046
2023,258,0,24.6931054067056,1e-05,-0.0119745932943545
2023,258,1,26.2099412233097,1e-05,-0.0122587766903415
2023,258,2,24.4326134032798,1e-05,-0.0119265967201692
2023,258,3,24.0190491287282,1e-05,-0.0118508712718075
2023,258,4,25.0136660214775,1e-05,-0.0120339785224814
2023,258,5,24.9788124954897,1e-05,-0.0120275045103391
2023,258,6,24.6759585732319,1e-05,-0.01197142676806
2023,258,7,24.8987473515507,1e-05,-0.0120126484492644
2023,258,8,27.1138679473222,1e-05,-0.0124320526777666
2023,258,9,29.9119019825447,1e-05,-0.012988017455303
2023,258,10,31.3663606349384,1e-05,-0.0132893650616133
2023,258,11,32.9522018395293,1e-05,-0.0136281604706596
2023,258,12,33.6753736596821,1e-05,-0.0137863403179423
2023,258,13,34.8997603921163,1e-05,-0.0140596078837447
2023,258,14,36.0534864102495,1e-05,-0.0143235897504539
2023,258,15,37.0128219458329,1e-05,-0.014548054167058
2023,258,16,36.3794106638093,1e-05,-0.014399336190678
2023,258,17,37.0889639328254,1e-05,-0.0145660671746342
2023,258,18,35.5777360433437,1e-05,-0.0142139566563202
2023,258,19,32.6598451232194,1e-05,-0.0135648767805705
2023,258,20,30.7725647223777,1e-05,-0.0131652776222886
2023,258,21,28.9319601630237,1e-05,-0.0127898369762818
2023,258,22,27.9546240610585,1e-05,-0.0125959389415442
2023,258,23,27.4022020421221,1e-05,-0.0124879578778625
2023,259,0,26.2191294769608,1e-05,-0.0122605230392132
2023,259,1,26.1481029685676,1e-05,-0.012247031432441
2023,259,2,23.5789690761783,1e-05,-0.0117709238216896
2023,259,3,22.3671059266617,1e-05,-0.0115540733382673
2023,259,4,22.2340394475745,1e-05,-0.011530552425512
2023,259,5,23.0091716330624,1e-05,-0.0116683669376343
2023,259,6,23.2419298685645,1e-05,-0.0117101314354642
2023,259,7,24.4871233788573,1e-05,-0.0119366211426737
2023,259,8,27.1541601536557,1e-05,-0.0124398463442752
2023,259,9,30.4495516060648,1e-05,-0.0130983939352056
2023,259,10,31.7894113192422,1e-05,-0.0133786807577891
2023,259,11,33.614657031081,1e-05,-0.0137729689190422
2023,259,12,34.7408162612176,1e-05,-0.0140237387823561
2023,259,13,35.6919298285977,1e-05,-0.0142401714023421
2023,259,14,37.4194654044056,1e-05,-0.0146445955944188
2023,259,15,37.5529335337362,1e-05,-0.0146764662637722
2023,259,16,37.7718110699375,1e-05,-0.0147289300624962
2023,259,17,37.3923718628912,1e-05,-0.0146381371087543
2023,259,18,36.0031280671883,1e-05,-0.0143119328117294
2023,259,19,32.6109156775965,1e-05,-0.0135543224034933
2023,259,20,30.8403306357365,1e-05,-0.013179364263479
2023,259,21,30.627604791444,1e-05,-0.0131352085559655
2023,259,22,32.7763499498932,1e-05,-0.0135900501068136
2023,259,23,32.0579842193672,1e-05,-0.0134357806328467
2023,260,0,31.4638601181496,1e-05,-0.0133098818504038
2023,260,1,30.0338870430157,1e-05,-0.0130129569843369
2023,260,2,28.9201725237401,1e-05,-0.0127874762598736
2023,260,3,28.7665632373672,1e-05,-0.0127567626328222
2023,260,4,24.6595016114074,1e-05,-0.0119683885925568
2023,260,5,23.460450496467,1e-05,-0.0117495035330393
2023,260,6,22.6588941510245,1e-05,-0.0116058489755169
2023,260,7,24.9955893797249,1e-05,-0.0120306202750982
2023,260,8,26.6345202068999,1e-05,-0.0123397931000824
2023,260,9,30.1287776010905,1e-05,-0.0130323989094983
2023,260,10,32.4117285348228,1e-05,-0.0135114651772099
2023,260,11,33.9309072001526,1e-05,-0.0138427998473674
2023,260,12,35.1831661387451,1e-05,-0.014123861254923
2023,260,13,36.1484943839452,1e-05,-0.0143456160548183
2023,260,14,37.2896463162636,1e-05,-0.0146136837363713
2023,260,15,37.538806911338,1e-05,-0.0146730886620219
2023,260,16,38.0269795943205,1e-05,-0.014790405679534
2023,260,17,37.8532814786929,1e-05,-0.0147485213070766
2023,260,18,37.0859546452933,1e-05,-0.0145653547067326
2023,260,19,34.1140565495283,1e-05,-0.0138834504717451
2023,260,20,32.9773663746689,1e-05,-0.0136336253311171
2023,260,21,32.2273780450518,1e-05,-0.013471954948173
2023,260,22,31.6852133887209,1e-05,-0.0133566112790859
2023,260,23,31.1317498392445,1e-05,-0.0132401607555224
2023,261,0,28.2853488598872,1e-05,-0.0126611401127903
2023,261,1,26.0998721197416,1e-05,-0.0122378802584002
2023,261,2,28.6909083303942,1e-05,-0.0127416696057594
2023,261,3,24.9185836729994,1e-05,-0.0120163270005769
2023,261,4,22.9671891472167,1e-05,-0.0116608527833328
2023,261,5,22.5323166449224,1e-05,-0.0115833550775584
2023,261,6,22.3786638809954,1e-05,-0.011556119004613
2023,261,7,23.6577548111067,1e-05,-0.0117851888932847
2023,261,8,26.3232096738531,1e-05,-0.0122803261469286
2023,261,9,29.0128539476572,1e-05,-0.0128060523428388
2023,261,10,31.807237538924,1e-05,-0.0133824610759739
2023,261,11,32.7841382649234,1e-05,-0.0135917350766093
2023,261,12,33.9689087782576,1e-05,-0.0138512217423994
2023,261,13,34.4160391849553,1e-05,-0.0139508150447014
2023,261,14,35.5523818551896,1e-05,-0.0142081448103966
2023,261,15,35.7789598072312,1e-05,-0.0142601927687878
2023,261,16,35.9196573616329,1e-05,-0.0142926383671522
2023,261,17,34.9877304884723,1e-05,-0.0140795115276831
2023,261,18,34.2723912818532,1e-05,-0.013918718146833
2023,261,19,32.0645928104245,1e-05,-0.0134371895754555
2023,261,20,30.5941017286026,1e-05,-0.0131282713974485
2023,261,21,29.5865682022844,1e-05,-0.0129217977156166
2023,261,22,29.1324999170781,1e-05,-0.0128300829218837
2023,261,23,27.9111526002281,1e-05,-0.0125873997718742
2023,262,0,24.4991411674108,1e-05,-0.0119388325891983
2023,262,1,25.3163796145657,1e-05,-0.0120903854343126
2023,262,2,22.6136921897337,1e-05,-0.0115978102663128
2023,262,3,22.6249901811196,1e-05,-0.0115998188803879
2023,262,4,21.3278281387786,1e-05,-0.0113718612214448
2023,262,5,20.5888456551316,1e-05,-0.0112443448683948
2023,262,6,20.9233081489972,1e-05,-0.0113018510027914
2023,262,7,22.6724517386578,1e-05,-0.0116082613422215
2023,262,8,24.2686734908645,1e-05,-0.0118965091355356
2023,262,9,27.287014413069,1e-05,-0.0124655869309507
2023,262,10,29.4962365133491,1e-05,-0.0129034866509379
2023,262,11,31.0949275408325,1e-05,-0.0132324591674795
2023,262,12,32.39767155276,1e-05,-0.0135084472400493
2023,262,13,33.0727156425191,1e-05,-0.0136543574808812
2023,262,14,34.2961359829165,1e-05,-0.0139240170834611
2023,262,15,35.0623035872192,1e-05,-0.014096412780809
2023,262,16,35.0352197285612,1e-05,-0.0140902714387536
2023,262,17,35.2354542422747,1e-05,-0.0141357577253274
2023,262,18,34.7389366846713,1e-05,-0.0140233153287213
2023,262,19,31.1948766226591,1e-05,-0.0132533773409271
2023,262,20,29.9367169140839,1e-05,-0.0129930859161398
2023,262,21,29.8660813348835,1e-05,-0.0129786651165062
2023,262,22,27.6983442989772,1e-05,-0.0125457010228409
2023,262,23,23.7047562910899,1e-05,-0.011793708910151
2023,263,0,22.5730194173331,1e-05,-0.0115905826668836
2023,263,1,23.0182100145917,1e-05,-0.011669985408318
2023,263,2,20.8848847727328,1e-05,-0.0112952272672295
2023,263,3,21.6012705267503,1e-05,-0.0114194732497346
2023,263,4,23.3074680767261,1e-05,-0.0117219232738748
2023,263,5,22.1956162287604,1e-05,-0.0115237712395704
2023,263,6,22.4845751155835,1e-05,-0.0115748844165182
2023,263,7,21.9899724422782,1e-05,-0.0114875577218143
2023,263,8,22.5733793533955,1e-05,-0.0115906466045352
2023,263,9,23.6545553908017,1e-05,-0.0117846091982692
2023,263,10,25.1983916382356,1e-05,-0.0120683617643884
2023,263,11,29.1731917313568,1e-05,-0.0128382686431863
2023,263,12,31.4304771474593,1e-05,-0.0133028525407006
2023,263,13,32.8080430915354,1e-05,-0.0135969084645637
2023,263,14,32.9653889760943,1e-05,-0.0136310239057309
2023,263,15,34.7747286181762,1e-05,-0.014031381823834
2023,263,16,35.3412501318407,1e-05,-0.0141598681593109
2023,263,17,34.6885780238895,1e-05,-0.0140119761104884
2023,263,18,34.3014847889003,1e-05,-0.0139252110996679
2023,263,19,32.6427388143532,1e-05,-0.0135611856467932
2023,263,20,31.7371723894418,1e-05,-0.0133676105581806
2023,263,21,29.0940876382371,1e-05,-0.0128223617628933
2023,263,22,28.6073549732335,1e-05,-0.0127250267664536
2023,263,23,25.8024183733305,1e-05,-0.0121816266695198
2023,264,0,24.3507984300719,1e-05,-0.011911569928106
2023,264,1,24.3786433184194,1e-05,-0.0119166815805514
2023,264,2,23.2238531185005,1e-05,-0.0117068814994497
2023,264,3,21.4091839973714,1e-05,-0.0113860026286297
2023,264,4,19.8882850102418,1e-05,-0.0111249897581551
2023,264,5,18.9572013876477,1e-05,-0.0109686123522863
2023,264,6,19.395628069335,1e-05,-0.0110419306649732
2023,264,7,20.3877200721394,1e-05,-0.0112099278606195
2023,264,8,22.9933544647437,1e-05,-0.011665535256288
2023,264,9,26.5337294986928,1e-05,-0.0123205013071974
2023,264,10,29.3066148454613,1e-05,-0.0128651545387086
2023,264,11,30.2842656640959,1e-05,-0.0130643359040938
2023,264,12,32.2718885190845,1e-05,-0.0134814809154662
2023,264,13,32.3763061381121,1e-05,-0.0135038618879122
2023,264,14,33.9986521819076,1e-05,-0.0138578180923972
2023,264,15,34.3769979178889,1e-05,-0.0139420821111287
2023,264,16,33.7704826804269,1e-05,-0.0138073195730541
2023,264,17,34.8376344263458,1e-05,-0.0140455736542009
2023,264,18,32.994102738552,1e-05,-0.0136372614480251
2023,264,19,32.4125983480515,1e-05,-0.0135116519485194
2023,264,20,31.6761753008276,1e-05,-0.0133546991723996
2023,264,21,28.9856594017443,1e-05,-0.012800598255744
2023,264,22,27.043871472328,1e-05,-0.0124185276720006
2023,264,23,27.3393342580151,1e-05,-0.0124757419849075
2023,265,0,27.6373362216051,1e-05,-0.0125337783948929
2023,265,1,24.190557795141,1e-05,-0.0118822048590275
2023,265,2,22.9164582195178,1e-05,-0.0116517804821825
2023,265,3,22.51877904761,1e-05,-0.0115809523899912
2023,265,4,21.9786744279489,1e-05,-0.0114855720510647
2023,265,5,20.5436533991888,1e-05,-0.0112366008112339
2023,265,6,20.5142684312177,1e-05,-0.0112315687822573
2023,265,7,20.8170964476149,1e-05,-0.0112835523851409
2023,265,8,21.8521166433865,1e-05,-0.0114633566134685
2023,265,9,25.2645992859018,1e-05,-0.0120807140981753
2023,265,10,29.5075642189087,1e-05,-0.0129057810913089
2023,265,11,31.1959863901617,1e-05,-0.0132536098382872
2023,265,12,31.3562927512247,1e-05,-0.0132872487753026
2023,265,13,33.1792724254136,1e-05,-0.0136775745863602
2023,265,14,33.5668775416026,1e-05,-0.0137624583974159
2023,265,15,33.9381655920629,1e-05,-0.0138444079371354
2023,265,16,33.7450282992258,1e-05,-0.0138017007742164
2023,265,17,33.4704487224634,1e-05,-0.0137412775365533
2023,265,18,32.4654170003176,1e-05,-0.0135229996823938
2023,265,19,31.3824972421005,1e-05,-0.0132927578995137
2023,265,20,30.6415319063229,1e-05,-0.0131380936771173
2023,265,21,28.4389684314711,1e-05,-0.0126915685289006
2023,265,22,29.2974067032487,1e-05,-0.0128632967512594
2023,265,23,25.2197976462036,1e-05,-0.0120723537963912
