year,julian-day,standard-time,leaftemp,GW,leaf-air-temp-diff
2023,201,0,35.0789501358782,1e-05,-1.41904986412177
2023,201,1,32.3834306598253,1e-05,-2.24056934017466
2023,201,2,20.4948787127851,1e-05,-10.3791212872149
2023,201,3,20.6904090950928,1e-05,-10.2345909049073
2023,201,4,20.2960620260061,1e-05,-9.99693797399387
2023,201,5,18.9877320707332,1e-05,-10.0772679292668
2023,201,6,22.0961905094634,1e-05,-8.87980949053662
2023,201,7,31.6742340861075,0.106393579116449,-1.92576591389249
2023,201,8,33.7855756042662,0.18461280077579,-2.38742439573384
2023,201,9,34.8334012321755,0.222678057194464,-3.19859876782446
2023,201,10,35.6631432419428,0.231469919215289,-3.37410675805717
2023,201,11,38.2995520356233,0.220044365602713,-2.10655796437669
2023,201,12,39.9760433657005,0.205924628715632,-2.00264663429954
2023,201,13,41.4211066507679,0.186817354489798,-2.09579334923208
2023,201,14,41.9933137657373,0.175072334515786,-2.14021623426267
2023,201,15,42.5802706706521,0.15930067419628,-2.59905932934789
2023,201,16,42.9867289525281,0.142269669294262,-2.50204104747187
2023,201,17,42.2642797008073,0.122940051961291,-2.49040029919271
2023,201,18,42.3232951652104,0.0739124219105401,-2.28005483478965
2023,201,19,42.257223770671,1e-05,-1.48554622932899
2023,201,20,40.8567153287067,1e-05,-1.38625467129334
2023,201,21,39.999125038564,1e-05,-1.45554496143605
2023,201,22,38.7141059891404,1e-05,-1.54600401085964
2023,201,23,37.3947847090253,1e-05,-1.45938529097472
2023,202,0,36.6577015830409,1e-05,-1.34962841695911
2023,202,1,35.9644477396784,1e-05,-1.34579226032163
2023,202,2,33.7023716688261,1e-05,-1.55310833117391
2023,202,3,33.5943411219454,1e-05,-1.27053887805462
2023,202,4,20.0939651914831,1e-05,-11.3649848085169
2023,202,5,28.0524929562774,1e-05,-2.1751370437226
2023,202,6,31.2547136433557,0.0246792639674572,-0.859596356644278
2023,202,7,30.6687619861193,0.10026553925752,-1.18796801388066
2023,202,8,31.2698188541836,0.199112001099624,-1.32966114581637
2023,202,9,32.6315778176791,0.241458938934299,-1.25399218232094
2023,202,10,33.8846970047847,0.256666431407029,-1.36347299521532
2023,202,11,35.9088139343734,0.250633399422282,-1.69763606562661
2023,202,12,37.5024021488592,0.236011407438076,-1.79064785114075
2023,202,13,39.3340751061683,0.219985963857265,-1.63722489383172
2023,202,14,40.0580837105596,0.199330710848359,-1.86865628944043
2023,202,15,40.4676517763558,0.186622511037356,-2.08475822364424
2023,202,16,40.6929933783056,0.166632240132474,-2.45615662169437
2023,202,17,41.3073740748743,0.123422337402141,-2.56632592512572
2023,202,18,41.4197294412121,0.0735780448640921,-2.19270055878786
2023,202,19,41.1817569447906,0.046821737664024,-1.55363305520945
2023,202,20,39.1979738877988,1e-05,-2.35560611220119
2023,202,21,36.4057119037787,1e-05,-1.91607809622134
2023,202,22,36.8628254887874,1e-05,-1.42835451121255
2023,202,23,36.4387641378312,1e-05,-0.738385862168755
2023,203,0,35.7841917332877,1e-05,-1.13610826671229
2023,203,1,34.5029591090786,1e-05,-1.44901089092136
2023,203,2,34.1032818565123,1e-05,-1.02099814348773
2023,203,3,23.2005727426269,1e-05,-10.3630172573731
2023,203,4,22.7720884356728,1e-05,-10.4131915643272
2023,203,5,21.9846940608673,1e-05,-10.2358159391327
2023,203,6,30.0264043623024,1e-05,-2.3929456376976
2023,203,7,30.3339462657408,0.0935297568491782,-2.9824237342592
2023,203,8,32.5317238347248,0.194025250481785,-3.49574616527521
2023,203,9,34.1375706835667,0.197299322328534,-3.58341931643327
2023,203,10,35.7681618914651,0.222417275983841,-3.5476881085349
2023,203,11,38.8021834425223,0.217386714194475,-2.11723655747772
2023,203,12,38.1078913203577,0.223249143215654,-3.05627867964225
2023,203,13,40.360211813594,0.203762744341974,-2.195458186406
2023,203,14,41.2571036210041,0.186318078178975,-2.24398637899587
2023,203,15,40.8168466423707,0.17785235775915,-2.93722335762926
2023,203,16,42.2433077311968,0.149516621973893,-2.52919226880323
2023,203,17,41.9763263054156,0.125325226743938,-2.6406136945844
2023,203,18,41.5831812803392,0.0801331866910142,-2.30188871966077
2023,203,19,41.6712164492653,0.00735245501347773,-1.42564355073467
2023,203,20,39.9161366946488,1e-05,-1.35635330535118
2023,203,21,39.4865833718096,1e-05,-1.37407662819039
2023,203,22,37.4738932700849,1e-05,-2.38164672991515
2023,203,23,35.8719736837332,1e-05,-0.901566316266752
2023,204,0,32.4255107993611,1e-05,-0.75131920063891
2023,204,1,30.7608738316554,1e-05,-0.894566168344586
2023,204,2,30.7824469760293,1e-05,-1.03587302397074
2023,204,3,30.6588173841234,1e-05,-1.1821026158766
2023,204,4,27.655928662818,1e-05,-3.83024133718199
2023,204,5,27.8896076387413,1e-05,-3.0836623612587
2023,204,6,21.5265230554586,1e-05,-8.6626969445414
2023,204,7,29.017017778352,0.0950082286750824,-3.54920222164803
2023,204,8,31.2321044575692,0.13150727525593,-2.43668554243084
2023,204,9,33.6384859617149,0.217687498925857,-2.11870403828514
2023,204,10,34.8493390710853,0.250662148715108,-1.72093092891466
2023,204,11,36.3505340685384,0.242976171647404,-1.75899593146156
2023,204,12,35.4699097343948,0.165873532432334,-2.70055026560524
2023,204,13,38.3853813648147,0.22472304507872,-1.81587863518529
2023,204,14,38.7109963046732,0.213146231643838,-2.07508369532677
2023,204,15,38.9709754578462,0.199627309220569,-2.48827454215378
2023,204,16,38.5431495180191,0.180778494263008,-2.97250048198091
2023,204,17,38.6734520869472,0.146286001386352,-3.03206791305284
2023,204,18,39.3741435122049,0.0768119490443752,-2.06922648779513
2023,204,19,38.7854198300062,0.0531847826524397,-1.78382016999385
2023,204,20,38.3436895477683,1e-05,-1.13957045223174
2023,204,21,37.4270882509427,1e-05,-1.19310174905732
2023,204,22,36.8213414408604,1e-05,-1.20148855913963
2023,204,23,36.1267545411869,1e-05,-1.18656545881314
2023,205,0,35.1680119065137,1e-05,-1.23301809348632
2023,205,1,31.8281798746681,1e-05,-3.82813012533188
2023,205,2,30.1066083142208,1e-05,-3.83876168577916
2023,205,3,22.4380486377632,1e-05,-9.89996136223684
2023,205,4,28.8146173540839,1e-05,-3.60699264591612
2023,205,5,22.0017828749875,1e-05,-10.1306071250125
2023,205,6,22.3774189754787,1e-05,-9.32793102452134
2023,205,7,31.1617058042225,0.0942556798985014,-2.49810419577748
2023,205,8,33.1084472243818,0.184243905006668,-2.30441277561819
2023,205,9,34.0644452981518,0.221949678791733,-3.13721470184815
2023,205,10,35.585655843561,0.236232201140862,-2.10369415643896
2023,205,11,37.2618866714412,0.233785370767998,-1.8693333285588
2023,205,12,38.3898393035409,0.225893684140387,-2.04079069645913
2023,205,13,39.7862588754997,0.208013835290911,-2.24664112450025
2023,205,14,39.4522543881515,0.205182238456855,-3.27407561184848
2023,205,15,41.1202948226011,0.179738386936195,-2.50275517739887
2023,205,16,38.8411340323131,0.185407795600182,-4.12692596768694
2023,205,17,41.0968474970583,0.130841233033453,-2.72954250294173
2023,205,18,40.4326256613958,0.0602742056147854,-1.76516433860419
2023,205,19,38.639698353834,0.0292713901075024,-1.03821164616604
2023,205,20,37.9794927307253,1e-05,-0.964037269274726
2023,205,21,37.6286003083574,1e-05,-1.22914969164258
2023,205,22,37.0682134242391,1e-05,-1.46719657576093
2023,205,23,26.3999653409257,1e-05,-11.2299946590743
2023,206,0,24.7535498141524,1e-05,-10.9412701858476
2023,206,1,33.4192924082638,1e-05,-1.35632759173624
2023,206,2,32.2500795443773,1e-05,-1.81847045562266
2023,206,3,32.1398733319795,1e-05,-1.22394666802055
2023,206,4,30.0960905213689,1e-05,-2.04533947863112
2023,206,5,30.675828629822,1e-05,-1.23739137017802
2023,206,6,29.4535156214563,0.0254695636392956,-1.80670437854371
2023,206,7,31.4250955998982,0.102117448360657,-1.65402440010175
2023,206,8,32.1260417363352,0.187977322832578,-2.71921826366485
2023,206,9,33.6664235813154,0.225252805736576,-2.85756641868455
2023,206,10,36.1768053555709,0.231351747196541,-2.15632464442909
2023,206,11,37.6589913539912,0.227478288604824,-2.81763864600877
2023,206,12,39.7830659016548,0.209687955996777,-1.88618409834523
2023,206,13,40.9159542717209,0.19470873912758,-1.93687572827906
2023,206,14,40.8495036975686,0.190550514730655,-2.5996263024314
2023,206,15,42.2802391749347,0.164601714787997,-2.14467082506531
2023,206,16,41.6553098159942,0.155177786028122,-2.78089018400584
2023,206,17,41.884793757869,0.125091259896981,-2.96024624213097
2023,206,18,42.0128122645395,0.0732440539456906,-2.30299773546052
2023,206,19,41.8944582353886,0.0660436302674212,-1.69086176461141
2023,206,20,41.0756186995986,1e-05,-1.2893713004014
2023,206,21,40.2104506993727,1e-05,-1.32177930062731
2023,206,22,39.5020486929171,1e-05,-1.19713130708288
2023,206,23,38.6707318614827,1e-05,-1.13877813851731
2023,207,0,37.6680246946814,1e-05,-1.1153653053186
2023,207,1,36.6171440868705,1e-05,-1.08121591312953
2023,207,2,35.2913817517382,1e-05,-1.31301824826175
2023,207,3,35.4849606972271,1e-05,-1.22882930277291
2023,207,4,23.1672304973824,1e-05,-10.7060395026176
2023,207,5,30.7062999288253,1e-05,-2.41349007117467
2023,207,6,30.3524126919207,1e-05,-2.43749730807932
2023,207,7,32.1882380543588,0.110745807019619,-2.0952019456412
2023,207,8,33.1209215706967,0.206286533726243,-2.48602842930332
2023,207,9,34.4428665202317,0.25107085571778,-2.54301347976828
2023,207,10,35.1600430651695,0.272673554743661,-3.45110693483051
2023,207,11,38.1508827224744,0.255865860405398,-2.70747727752557
2023,207,12,40.0248034563361,0.237099603266594,-2.69289654366388
2023,207,13,40.752397400455,0.228338655507292,-2.36970259954501
2023,207,14,41.8542128803513,0.208245707499963,-2.37644711964866
2023,207,15,41.629609429143,0.200940399773475,-2.60556057085699
2023,207,16,42.1137344695598,0.176812329521452,-2.80809553044024
2023,207,17,41.9596499504191,0.145347802985317,-2.84260004958092
2023,207,18,41.9891722934629,0.0849415186304766,-2.09859770653711
2023,207,19,41.6333194782902,0.0604703196550308,-1.50471052170981
2023,207,20,40.6810413124284,1e-05,-1.16205868757158
2023,207,21,40.0052239159126,1e-05,-1.23359608408742
2023,207,22,36.7422337428796,1e-05,-0.810456257120357
2023,207,23,24.7027730878465,1e-05,-0.831176912153502
2023,208,0,28.4584026227561,1e-05,-0.827307377243859
2023,208,1,28.156970226948,1e-05,-1.07425977305199
2023,208,2,21.3488200515111,1e-05,-9.12286994848893
2023,208,3,30.7400811510825,1e-05,-0.972068848917541
2023,208,4,28.9422474835457,1e-05,-0.946482516454303
2023,208,5,27.653104882256,1e-05,-1.90348511774398
2023,208,6,20.5645679689636,1e-05,-8.39325203103636
2023,208,7,29.2709477150676,0.0856118481196022,-1.26852228493238
2023,208,8,30.8477656295899,0.235694488760032,-1.72751437041007
2023,208,9,31.8063984092262,0.228343511546134,-1.87560159077375
2023,208,10,33.9624947638607,0.298146945447042,-2.09858523613934
2023,208,11,35.8387451554179,0.291121625459624,-2.26395484458211
2023,208,12,36.9657701602193,0.279785834666154,-2.22111983978066
2023,208,13,38.3305295625364,0.263084262019641,-2.52331043746358
2023,208,14,37.2113375945061,0.199446415290881,-3.62677240549389
2023,208,15,39.0874392822806,0.205319962085045,-2.87803071771944
2023,208,16,39.7195782435706,0.198798532156163,-3.13172175642944
2023,208,17,40.2998242089419,0.159552856902902,-2.8445657910581
2023,208,18,40.4422616924143,0.0947641831805939,-2.48674830758571
2023,208,19,40.1921166886102,0.0409975672688654,-1.33935331138984
2023,208,20,39.0331218403689,1e-05,-1.35463815963107
2023,208,21,38.5272584154875,1e-05,-1.06587158451254
2023,208,22,37.543000070332,1e-05,-1.10982992966801
2023,208,23,33.4835192697702,1e-05,-3.3039107302298
2023,209,0,34.1414647320007,1e-05,-1.80459526799932
2023,209,1,25.0763373266762,1e-05,-9.54179267332384
2023,209,2,33.0094624877714,1e-05,-1.04557751222863
2023,209,3,23.7196406172233,1e-05,-9.44307938277671
2023,209,4,23.392241455428,1e-05,-8.94350854457203
2023,209,5,22.4040878141926,1e-05,-9.26058218580741
2023,209,6,23.2547694563891,1e-05,-8.46413054361092
2023,209,7,29.8187028466339,0.0997885418053426,-3.96990715336612
2023,209,8,32.6941825059807,0.148012663349735,-2.28079749401934
2023,209,9,33.534524168485,0.114974825530576,-2.01005583151503
2023,209,10,32.5048104535776,0.104183209541312,-3.44171954642242
2023,209,11,35.0449836458674,0.297612501286038,-1.91212635413265
2023,209,12,36.3416348199354,0.290383931799051,-2.27605518006458
2023,209,13,38.4996333095892,0.26311448709208,-2.41971669041078
2023,209,14,38.0686732338331,0.257134046503055,-4.0750867661669
2023,209,15,40.1971569524518,0.218747641194824,-2.78965304754824
2023,209,16,40.1618230330211,0.197513066120834,-3.17437696697888
2023,209,17,40.0182523752562,0.157829034377456,-3.13240762474382
2023,209,18,40.8222666417321,0.0919509341255499,-2.32871335826785
2023,209,19,40.6990857195181,0.0623945192255303,-1.44735428048195
2023,209,20,39.8468624816553,1e-05,-1.09098751834466
2023,209,21,37.4400009685827,1e-05,-1.98341903141734
2023,209,22,36.9478691216903,1e-05,-1.45449087830966
2023,209,23,34.1848589417373,1e-05,-1.15780105826272
2023,210,0,33.498802837852,1e-05,-1.23236716214795
2023,210,1,30.0660362481491,1e-05,-3.80889375185094
2023,210,2,33.1959317233629,1e-05,-1.16812827663713
2023,210,3,23.0225623504137,1e-05,-10.2431976495863
2023,210,4,32.4880552731015,1e-05,-1.1852847268985
2023,210,5,32.3375536904125,1e-05,-1.32903630958747
2023,210,6,27.4814502535653,1e-05,-5.36491974643473
2023,210,7,30.1156136648624,0.0409659311749816,-3.51330633513764
2023,210,8,32.0732433127951,0.105402187333809,-1.80207668720492
2023,210,9,33.8343420007651,0.249443149387887,-2.68731799923489
2023,210,10,34.213101586823,0.227830116745644,-2.65043841317696
2023,210,11,36.4679455783707,0.288513355853576,-2.1883244216293
2023,210,12,37.4636977385915,0.276929184892496,-2.61765226140854
2023,210,13,38.3422774897228,0.262439620219685,-2.52737251027721
2023,210,14,39.2490848588896,0.245032843655728,-2.58053514111044
2023,210,15,40.1407055795461,0.221004174487246,-2.48409442045395
2023,210,16,40.2452638667571,0.197656158816436,-2.98928613324292
2023,210,17,39.6512585998142,0.16447787904584,-3.18155140018582
2023,210,18,40.5751980320822,0.10821702340515,-2.61047196791784
2023,210,19,41.2548074456635,0.0044441465101648,-1.0017125543365
2023,210,20,39.9035861118656,1e-05,-1.23516388813441
2023,210,21,39.5917727108458,1e-05,-1.1570572891542
2023,210,22,36.9744706464961,1e-05,-2.50605935350392
2023,210,23,37.3853201941024,1e-05,-1.41760980589756
2023,211,0,35.6916586103303,1e-05,-2.18836138966968
2023,211,1,36.3218576485833,1e-05,-1.97790235141672
2023,211,2,31.2706793964124,1e-05,-5.9612506035876
2023,211,3,31.2189306523869,1e-05,-4.26969934761306
2023,211,4,34.3777406488813,1e-05,-1.07764935111865
2023,211,5,30.2687059872867,1e-05,-4.29737401271331
2023,211,6,29.5632457607439,1e-05,-4.52252423925608
2023,211,7,32.7634459567293,0.0325027556918831,-1.10221404327068
2023,211,8,32.0577326622019,0.133503796856967,-1.74629733779814
2023,211,9,32.8506074268115,0.231789092270061,-1.81755257318845
2023,211,10,34.5608714076671,0.297973076761457,-1.67559859233288
2023,211,11,33.8051400802673,0.223010986888871,-2.13262991973272
2023,211,12,34.9058232351881,0.269368060734,-1.89819676481186
2023,211,13,35.9350633894283,0.284951722726894,-2.00048661057173
2023,211,14,37.2068028231513,0.279682960938812,-2.20144717684869
2023,211,15,35.9220156960704,0.247952524501482,-4.21814430392961
2023,211,16,38.1196482490033,0.222954357433612,-2.94707175099666
2023,211,17,38.867270267963,0.17632314456733,-3.00076973203703
2023,211,18,38.6163117322153,0.113002848722107,-2.8596682677847
2023,211,19,38.505772261507,1e-05,-1.68654773849301
2023,211,20,27.6628190028178,1e-05,-11.1319009971822
2023,211,21,35.9996187386986,1e-05,-1.41313126130142
2023,211,22,35.5539441893152,1e-05,-1.17894581068475
2023,211,23,32.2274165578647,1e-05,-0.83315344213527
2023,212,0,30.9621011180108,1e-05,-1.06389888198918
2023,212,1,19.5117404403344,1e-05,-7.41248955966558
2023,212,2,26.8523237082571,1e-05,-0.675196291742928
2023,212,3,26.3125822097679,1e-05,-0.794667790232108
2023,212,4,25.5160308629453,1e-05,-1.35849913705467
2023,212,5,25.1649669489399,1e-05,-1.4881330510601
2023,212,6,25.8747197862917,1e-05,-0.922130213708314
2023,212,7,26.6892845900791,0.154660154917893,-1.04164540992092
2023,212,8,28.2216166007571,0.266755295292703,-1.23329339924289
2023,212,9,29.8194457448571,0.310195930206722,-1.11726425514286
2023,212,10,30.9313609907973,0.334332758057036,-0.980539009202737
2023,212,11,32.6821371407729,0.333346773630428,-1.15030285922714
2023,212,12,33.3266003988783,0.331678407869349,-1.24239960112166
2023,212,13,34.6235211117839,0.313988941053559,-1.5652188882161
2023,212,14,34.7998407165182,0.301769988412664,-1.92276928348176
2023,212,15,35.3977021704963,0.27799705026426,-2.45427782950366
2023,212,16,35.454940160048,0.241869527086944,-2.85329983995202
2023,212,17,35.6446037129918,0.197099369666887,-3.0388862870082
2023,212,18,36.4520386047252,0.080829655134339,-1.87536139527483
2023,212,19,36.7719928875902,1e-05,-1.30611711240977
2023,212,20,35.9406844417232,1e-05,-1.02783555827678
2023,212,21,35.1532141799898,1e-05,-1.14303582001023
2023,212,22,34.7542314993263,1e-05,-0.843458500673734
2023,212,23,29.8266713629475,1e-05,-0.61578863705255
2023,213,0,30.1781251744802,1e-05,-1.20410482551976
2023,213,1,27.4942708901804,1e-05,-0.828599109819606
2023,213,2,27.7769436533971,1e-05,-1.00686634660293
2023,213,3,26.914844125726,1e-05,-0.917705874273988
2023,213,4,26.4393184075847,1e-05,-1.03172159241526
2023,213,5,25.554279029391,1e-05,-1.52586097060902
2023,213,6,24.3633262620811,1e-05,-2.56768373791893
2023,213,7,27.0990362972507,0.147875861109769,-1.72318370274933
2023,213,8,29.3290956670872,0.253037723334987,-1.28942433291281
2023,213,9,30.55422343064,0.291087657677608,-1.53550656935997
2023,213,10,31.393084599007,0.309537605447486,-1.860415400993
2023,213,11,33.4673202781325,0.314391070748796,-1.62606972186752
2023,213,12,34.8988684650123,0.306115519672849,-1.76501153498765
2023,213,13,35.4702251179882,0.299906712106384,-2.13103488201183
2023,213,14,35.6523815149758,0.279487759868302,-2.68744848502418
2023,213,15,36.2450120535004,0.256894411575825,-2.79957794649961
2023,213,16,37.0598418820831,0.240758401011113,-2.45472811791685
2023,213,17,36.7202303560785,0.194263881976468,-2.63608964392146
2023,213,18,36.7396826999505,0.109204189297765,-2.43915730004952
2023,213,19,36.7127783442343,1e-05,-1.34853165576573
2023,213,20,35.7766779791538,1e-05,-1.29610202084623
2023,213,21,34.4132895279029,1e-05,-2.13822047209711
2023,213,22,24.9012573339859,1e-05,-10.5115126660141
2023,213,23,32.3437115419958,1e-05,-2.01417845800415
2023,214,0,33.7080100129681,1e-05,-1.21284998703189
2023,214,1,33.2137255151647,1e-05,-1.14171448483533
2023,214,2,32.8944673422902,1e-05,-0.945962657709806
2023,214,3,32.24909029109,1e-05,-1.09305970891
2023,214,4,31.9870970446178,1e-05,-1.00524295538218
2023,214,5,31.5249115148091,1e-05,-1.04342848519093
2023,214,6,21.901720952187,1e-05,-9.96630904781296
2023,214,7,29.9548008553041,0.104149058642307,-2.64982914469587
2023,214,8,31.829880961735,0.215156073878986,-2.54992903826505
2023,214,9,32.6721551983728,0.263150137563947,-2.38682480162718
2023,214,10,33.7641835510991,0.291185025709584,-2.01916644890085
2023,214,11,34.0287044212159,0.284370687351465,-2.98767557878405
2023,214,12,35.6135980182121,0.29821934730652,-2.4644119817879
2023,214,13,36.6942147655697,0.251191687893341,-2.97839523443026
2023,214,14,37.9187690982165,0.267185939762858,-2.06867090178351
2023,214,15,38.1790516386073,0.240419637659136,-2.50989836139274
2023,214,16,38.3108917453425,0.212710293097994,-2.66995825465749
2023,214,17,38.0419571960827,0.178401518776327,-2.79625280391731
2023,214,18,37.9563335554087,0.102513570439675,-1.97038644459126
2023,214,19,37.6066874629771,0.0436418734773037,-1.27383253702288
2023,214,20,36.8714185753996,1e-05,-1.20273142460045
2023,214,21,32.9034436602574,1e-05,-4.34239633974262
2023,214,22,32.0685006462985,1e-05,-3.59133935370146
2023,214,23,32.9375063010093,1e-05,-2.39259369899067
2023,215,0,33.5627840541497,1e-05,-1.17858594585032
2023,215,1,32.6520246437113,1e-05,-1.18852535628866
2023,215,2,32.1731019446768,1e-05,-1.01899805532322
2023,215,3,31.7208329059106,1e-05,-1.1391170940894
2023,215,4,30.4980119803623,1e-05,-1.83308801963769
2023,215,5,29.9080908920777,1e-05,-1.07195910792232
2023,215,6,29.3730336853167,1e-05,-1.19803631468332
2023,215,7,27.1343610470849,0.107992206906802,-5.22623895291508
2023,215,8,29.7335670937428,0.19336856942989,-3.21355290625716
2023,215,9,31.5314745273822,0.250902854968001,-3.41507547261779
2023,215,10,33.475976986674,0.291027876363608,-2.88493301332598
2023,215,11,35.8262335465421,0.286043509955334,-2.47297645345792
2023,215,12,36.5608697719578,0.282586702352319,-2.46113022804219
2023,215,13,37.9584492093649,0.265693045114117,-2.37261079063514
2023,215,14,37.622181964442,0.239579985865868,-2.755088035558
2023,215,15,38.5528342781672,0.237815925759921,-2.55850572183279
2023,215,16,38.5164930238812,0.212187194519438,-3.10761697611879
2023,215,17,38.5183466277936,0.170852053434231,-2.7512533722064
2023,215,18,38.5347578752473,0.0972998073685679,-2.50210212475271
2023,215,19,38.5501043591724,1e-05,-1.33247564082756
2023,215,20,37.2252761319797,1e-05,-1.31403386802033
2023,215,21,35.0033237785612,1e-05,-2.42359622143877
2023,215,22,35.317758991504,1e-05,-1.33992100849597
2023,215,23,32.9627964735629,1e-05,-2.41622352643711
2023,216,0,32.6720674246684,1e-05,-1.48709257533161
2023,216,1,21.0391348980359,1e-05,-11.5948651019641
2023,216,2,28.2351530420262,1e-05,-2.15289695797382
2023,216,3,17.3909828163033,1e-05,-11.1284571836967
2023,216,4,15.9133465253442,1e-05,-10.7694734746558
2023,216,5,15.1822530124922,1e-05,-10.5745669875078
2023,216,6,16.7106660782565,1e-05,-10.0945739217435
2023,216,7,26.6935560577557,0.125709686933651,-2.60494394224435
2023,216,8,30.0170476655641,0.218374520083135,-2.44527233443592
2023,216,9,32.137136475125,0.261141210057759,-2.43362352487505
2023,216,10,34.1090652106306,0.277709297048126,-2.71259478936938
2023,216,11,35.5879572249083,0.278794011054987,-2.55150277509172
2023,216,12,36.6040853808049,0.27195019543872,-2.82223461919511
2023,216,13,37.9599820676575,0.257049400202661,-3.07455793234246
2023,216,14,37.9804266774456,0.250996398432997,-3.2122233225544
2023,216,15,38.866831282569,0.228125192805348,-3.00795871743104
2023,216,16,36.9645787452816,0.220564068742098,-5.13609125471844
2023,216,17,38.764768500156,0.16510482396388,-3.762801499844
2023,216,18,37.5524928391235,0.0967081404594383,-4.41038716087646
2023,216,19,35.555174458207,0.0418352346609399,-5.426565541793
2023,216,20,25.3660853320592,1e-05,-12.6026246679408
2023,216,21,24.7665846427453,1e-05,-12.3360253572547
2023,216,22,23.061960450416,1e-05,-12.274389549584
2023,216,23,36.2459073332798,1e-05,-1.30251266672018
2023,217,0,35.2693300468616,1e-05,-1.02111995313838
2023,217,1,33.827640989485,1e-05,-1.14185901051503
2023,217,2,31.2729514775532,1e-05,-1.49120852244679
2023,217,3,30.8582985865355,1e-05,-1.48648141346454
2023,217,4,26.4528574678012,1e-05,-4.28542253219881
2023,217,5,16.3909750953673,1e-05,-11.0809149046327
2023,217,6,16.1265488184601,1e-05,-10.0609311815399
2023,217,7,27.2000408837384,0.121659013646756,-3.23694911626161
2023,217,8,29.9914626833908,0.219340845061534,-2.23361731660918
2023,217,9,32.1064786089823,0.260552965578206,-2.84758139101766
2023,217,10,33.9556032373913,0.275186734189119,-2.81138676260871
2023,217,11,35.2119510011835,0.279494577075472,-2.93140899881649
2023,217,12,36.8531683665303,0.27020870581662,-2.91422163346971
2023,217,13,38.7174647273353,0.247588612796899,-2.81851527266472
2023,217,14,38.5949942869002,0.241919612613652,-3.7293657130998
2023,217,15,39.7917179002096,0.216424749691082,-3.12887209979041
2023,217,16,40.2125776794264,0.19067661373057,-3.11006232057358
2023,217,17,40.3019396066744,0.153376834253518,-2.94616039332562
2023,217,18,39.875927422855,0.0888125597853655,-2.513832577145
2023,217,19,39.5319674233938,0.0364252579430625,-1.82620257660625
2023,217,20,38.4398959420305,1e-05,-1.50364405796953
2023,217,21,35.6913786554481,1e-05,-3.10997134455188
2023,217,22,21.3614594305375,1e-05,-13.1759105694625
2023,217,23,33.4948219652347,1e-05,-2.74986803476527
2023,218,0,34.5638619134493,1e-05,-1.5542880865507
2023,218,1,33.2979077444678,1e-05,-1.37190225553221
2023,218,2,33.4185013874681,1e-05,-1.22886861253193
2023,218,3,33.4850378734213,1e-05,-1.10963212657873
2023,218,4,30.9629715520658,1e-05,-1.3907084479342
2023,218,5,17.1792478020693,1e-05,-12.0609821979307
2023,218,6,15.6038676755499,1e-05,-11.5703123244501
2023,218,7,27.1308673490482,0.120080399955891,-3.1824126509518
2023,218,8,29.594774586382,0.215244683667381,-3.45952541361803
2023,218,9,31.4154055209029,0.260436114959131,-3.69786447909706
2023,218,10,32.8614815918896,0.280180883058509,-3.43274840811041
2023,218,11,34.1786006618294,0.290669152147333,-2.99385933817061
2023,218,12,36.4439944355634,0.2789729868491,-2.2777155644366
2023,218,13,37.0440344403087,0.255861413339187,-2.68278555969129
2023,218,14,38.1758084979118,0.257401044768166,-2.50185150208817
2023,218,15,38.803435183529,0.245613006819557,-2.92749481647099
2023,218,16,39.3371855071645,0.215079131497895,-2.65562449283554
2023,218,17,39.7479935087921,0.185802865733701,-2.59435649120785
2023,218,18,39.1332021766676,0.119772082591752,-2.3668078233324
2023,218,19,38.7944024588778,0.0399360390775557,-1.09370754112223
2023,218,20,38.3430354460687,1e-05,-1.01778455393127
2023,218,21,37.9499616543343,1e-05,-0.923878345665727
2023,218,22,37.3174642777823,1e-05,-0.954255722217709
2023,218,23,36.588712053383,1e-05,-0.937767946616987
2023,219,0,35.7071596455701,1e-05,-0.838420354429907
2023,219,1,34.6620500182545,1e-05,-1.00459998174546
2023,219,2,33.8556484015851,1e-05,-0.893981598414953
2023,219,3,32.8952805209702,1e-05,-0.797359479029822
2023,219,4,31.4737648699578,1e-05,-0.961205130042224
2023,219,5,31.0144424555601,1e-05,-0.738357544439882
2023,219,6,30.2013663598854,1e-05,-0.95943364011459
2023,219,7,30.661917150948,0.129976207665673,-1.39364284905204
2023,219,8,30.6817247794643,0.249240936354929,-2.28586522053571
2023,219,9,32.0443232475267,0.294423095522414,-2.20494675247332
2023,219,10,33.1193274396288,0.313895121360317,-1.91148256037117
2023,219,11,35.1229678446539,0.305808902413801,-1.78711215534611
2023,219,12,36.379340755817,0.293515881727222,-1.867099244183
2023,219,13,37.1871531372432,0.279975273448498,-2.04497686275676
2023,219,14,38.2927823793187,0.257152724286459,-2.26974762068129
2023,219,15,38.4123472604039,0.241316060982824,-2.48441273959607
2023,219,16,38.1832570213924,0.218790974857293,-2.92808297860761
2023,219,17,37.9966083446546,0.176670336696803,-2.61976165534541
2023,219,18,38.9490091403738,0.0921143789430852,-1.93204085962623
2023,219,19,38.4020983348531,1e-05,-1.1984016651469
2023,219,20,37.7063176084295,1e-05,-1.13526239157054
2023,219,21,37.4546405567828,1e-05,-0.996199443217229
2023,219,22,36.8020248329116,1e-05,-0.973205167088352
2023,219,23,36.2722426735071,1e-05,-0.858497326492866
2023,220,0,34.943974727218,1e-05,-1.01578527278205
2023,220,1,33.996961736258,1e-05,-0.920118263741969
2023,220,2,33.1286284543324,1e-05,-0.834451545667605
2023,220,3,31.9238708035065,1e-05,-1.15994919649354
2023,220,4,31.8101683789398,1e-05,-1.13788162106024
2023,220,5,30.6437581756951,1e-05,-1.68069182430493
2023,220,6,28.7847863895896,1e-05,-2.1229536104104
2023,220,7,24.9990517127408,0.0562765103431207,-0.840618287259247
2023,220,8,26.9172187967603,0.286373986192257,-0.641931203239682
2023,220,9,29.9573609483404,0.324148362799077,-0.878079051659629
2023,220,10,32.5214605017977,0.319581010252044,-1.33850949820231
2023,220,11,33.9270835198641,0.319379940297483,-1.53649648013594
2023,220,12,35.3369197766511,0.305167587567561,-1.82863022334887
2023,220,13,36.4922948114299,0.293301925026554,-1.75298518857007
2023,220,14,36.6736932150689,0.284986392759649,-2.01251678493114
2023,220,15,37.8949753008289,0.253719750245243,-2.36513469917114
2023,220,16,37.6298948533015,0.229704584540576,-2.36562514669846
2023,220,17,37.7431092657288,0.182199408010571,-2.1577007342712
2023,220,18,37.5124106503256,0.098021253167895,-1.93620934967444
2023,220,19,37.0186228456642,0.0409708331368154,-1.16195715433575
2023,220,20,36.7398841102016,1e-05,-0.888025889798364
2023,220,21,32.3362680860325,1e-05,-0.831321913967528
2023,220,22,31.21808008873,1e-05,-0.859479911269972
2023,220,23,30.0091911442688,1e-05,-0.905328855731188
2023,221,0,30.095150092908,1e-05,-0.973019907091992
2023,221,1,29.8789512422454,1e-05,-1.03782875775455
2023,221,2,30.1021371395537,1e-05,-1.02929286044625
2023,221,3,29.5449281511581,1e-05,-1.03292184884189
2023,221,4,29.296795806199,1e-05,-1.10481419380096
2023,221,5,28.5588821267501,1e-05,-1.55350787324994
2023,221,6,28.7536459144225,1e-05,-1.13731408557752
2023,221,7,28.8683834249412,0.0811444490197386,-1.97156657505879
2023,221,8,31.0637852433729,0.234812149698041,-1.85640475662711
2023,221,9,32.1429350939732,0.285640604929911,-1.72011490602677
2023,221,10,33.2659947450596,0.309248224032223,-2.06207525494036
2023,221,11,34.3052834167277,0.311938881774052,-1.59605658327227
2023,221,12,35.3621245895394,0.306862825373079,-1.79190541046058
2023,221,13,36.5031259777318,0.293032826965663,-1.69601402226822
2023,221,14,35.8140082424253,0.28225257244485,-2.50396175757467
2023,221,15,37.7553590562479,0.253566710507129,-2.16788094375211
2023,221,16,36.9543130578515,0.229286714358552,-2.56964694214854
2023,221,17,37.5088640368627,0.182042140554777,-2.40675596313726
2023,221,18,37.5686379196977,0.0978267397935373,-2.02941208030231
2023,221,19,37.0260866589895,0.0343494176959787,-1.19632334101047
2023,221,20,36.4060237415085,1e-05,-1.10646625849151
2023,221,21,35.8104453715285,1e-05,-1.26980462847146
2023,221,22,35.8961142286459,1e-05,-1.12765577135409
2023,221,23,35.3547008821617,1e-05,-1.1730091178383
2023,222,0,34.7806266564217,1e-05,-1.1750633435783
2023,222,1,34.4381147308327,1e-05,-1.20997526916728
2023,222,2,34.1773693763158,1e-05,-1.04248062368422
2023,222,3,32.6760552786038,1e-05,-1.19049472139616
2023,222,4,31.8981096036354,1e-05,-1.13081039636458
2023,222,5,30.8430561977494,1e-05,-0.966223802250603
2023,222,6,29.4442258123787,1e-05,-1.0183941876213
2023,222,7,29.9095843402685,0.0992913534230422,-1.30318565973154
2023,222,8,30.2901003025004,0.221828744771166,-1.62480969749955
2023,222,9,31.2091335053551,0.288278543526788,-1.73271649464487
2023,222,10,31.9963086511565,0.28791767277878,-1.92651134884349
2023,222,11,32.8787114962673,0.30368344826997,-1.61563850373274
2023,222,12,34.1824711013451,0.318289673581708,-1.66380889865494
2023,222,13,34.6503358571394,0.30940344837066,-2.10178414286063
2023,222,14,35.4832800723936,0.296689871204784,-2.61069992760642
2023,222,15,36.1978060026545,0.268224118239383,-2.47913399734555
2023,222,16,34.7602317574203,0.249119120235946,-3.88278824257967
2023,222,17,35.9026262736129,0.18603232025845,-3.19916372638711
2023,222,18,35.0371569156475,0.113584679623223,-3.88260308435251
2023,222,19,36.8220782123903,1e-05,-1.22866178760966
2023,222,20,35.686826842877,1e-05,-1.31671315712301
2023,222,21,35.8159319531899,1e-05,-0.884148046810061
2023,222,22,33.9926439300097,1e-05,-0.957026069990292
2023,222,23,32.8133016079751,1e-05,-0.938088392024895
2023,223,0,32.0996755765094,1e-05,-0.942104423490647
2023,223,1,31.2246006439152,1e-05,-0.930359356084779
2023,223,2,30.4440092207281,1e-05,-1.05346077927194
2023,223,3,26.4393384231408,1e-05,-3.94194157685923
2023,223,4,28.6665764814215,1e-05,-1.21534351857854
2023,223,5,19.3092433809175,1e-05,-9.69599661908247
2023,223,6,27.2412096793421,1e-05,-1.68268032065788
2023,223,7,21.5746674084829,0.0127232815328291,-6.7369025915171
2023,223,8,28.1491960185791,0.143738151056546,-3.08843398142092
2023,223,9,29.6911627954629,0.219940960201015,-2.67542720453708
2023,223,10,31.0230107359988,0.287469468212144,-1.78050926400124
2023,223,11,32.2327339274073,0.290452020787195,-2.03873607259273
2023,223,12,34.4232024481672,0.313489646044551,-1.83727755183284
2023,223,13,34.8398759863995,0.311884580310597,-1.67129401360046
2023,223,14,35.3184967491349,0.291469879181512,-2.19109325086509
2023,223,15,35.561808173205,0.267860755761103,-2.23902182679503
2023,223,16,34.6762265813386,0.201190836509017,-2.67214341866136
2023,223,17,35.7293060835128,0.024437775666929,-1.27599391648718
2023,223,18,35.6308317463229,0.128635969086586,-2.13769825367712
2023,223,19,35.5126998230651,1e-05,-1.1072001769349
2023,223,20,34.8075011475311,1e-05,-1.1797388524689
2023,223,21,34.1729317688139,1e-05,-1.11373823118615
2023,223,22,33.8864262555191,1e-05,-1.06975374448091
2023,223,23,32.8376748693433,1e-05,-1.19058513065668
2023,224,0,31.9388030969369,1e-05,-1.34939690306306
2023,224,1,29.2417156622607,1e-05,-3.15051433773934
2023,224,2,21.5038324141954,1e-05,-10.3506375858046
2023,224,3,30.5109098635929,1e-05,-1.31645013640715
2023,224,4,30.1257898834813,1e-05,-1.14573011651865
2023,224,5,29.380414872263,1e-05,-1.13643512773698
2023,224,6,27.2721226797486,1e-05,-1.88675732025138
2023,224,7,28.5173077353893,0.051656850360777,-1.38721226461071
2023,224,8,28.8851014943803,0.186326265078057,-1.77408850561972
2023,224,9,29.5841470818801,0.222600270671037,-1.85725291811989
2023,224,10,32.0373714341862,0.300636697360061,-1.72987856581382
2023,224,11,32.7322877118518,0.309505658585944,-1.8200722881482
2023,224,12,33.7699880528432,0.309838076458678,-1.93153194715676
2023,224,13,34.5615498684178,0.301770867942097,-1.98539013158218
2023,224,14,34.9618357109674,0.289906044957056,-2.32898428903256
2023,224,15,35.4254798024713,0.268892002024207,-2.98690019752866
2023,224,16,36.3292850711508,0.234548167839743,-2.78903492884923
2023,224,17,35.3790168107304,0.191879367877956,-3.1538431892696
2023,224,18,35.9655487959406,0.0995170064883348,-2.33968120405937
2023,224,19,35.3711203095144,1e-05,-1.52316969048556
2023,224,20,24.0797430207545,1e-05,-11.1812269792455
2023,224,21,22.1361989587117,1e-05,-11.0603810412883
2023,224,22,32.6096912775385,1e-05,-1.25573872246148
2023,224,23,32.5337845846877,1e-05,-1.02435541531231
2023,225,0,30.6492705859927,1e-05,-1.21183941400727
2023,225,1,29.7493292246493,1e-05,-1.1990807753507
2023,225,2,28.5351627922862,1e-05,-1.86192720771383
2023,225,3,25.9367561681704,1e-05,-3.32606383182965
2023,225,4,18.4745577898705,1e-05,-10.0313322101295
2023,225,5,17.0965621731661,1e-05,-9.72484782683393
2023,225,6,18.0764172133512,1e-05,-9.75933278664884
2023,225,7,28.4371343810403,0.122774655986502,-1.67827561895972
2023,225,8,29.9133018327941,0.233109343500645,-1.90052816720586
2023,225,9,30.7485125715146,0.282834737231627,-1.78759742848544
2023,225,10,32.7138388743698,0.305380422498123,-1.96915112563023
2023,225,11,33.8710998613959,0.312793873159635,-1.76834013860408
2023,225,12,35.2965129394933,0.302910526456075,-2.10846706050672
2023,225,13,36.0237398767097,0.29166913938822,-2.30044012329025
2023,225,14,37.2869680975052,0.271566553232324,-2.54140190249483
2023,225,15,37.3401419385027,0.240876560428186,-2.65106806149726
2023,225,16,36.9648662826456,0.209788648859692,-2.32424371735444
2023,225,17,35.9128843157843,0.109404113417212,-2.12003568421569
2023,225,18,36.7918128915597,0.099931082096875,-2.37700710844027
2023,225,19,33.8617747754732,0.0563159970619885,-2.77500522452678
2023,225,20,34.0546138077757,1e-05,-1.23391619222434
2023,225,21,33.1907635141839,1e-05,-1.28542648581613
2023,225,22,31.1931085444191,1e-05,-2.08936145558094
2023,225,23,21.1004992587267,1e-05,-10.9166507412733
2023,226,0,20.117708093867,1e-05,-10.792291906133
2023,226,1,19.2402444120446,1e-05,-10.5106355879554
2023,226,2,18.8802810612674,1e-05,-10.3893189387326
2023,226,3,27.6338378332481,1e-05,-2.02665216675186
2023,226,4,29.1061737256795,1e-05,-1.15986627432052
2023,226,5,28.0669326502398,1e-05,-1.29756734976021
2023,226,6,27.3716497537942,1e-05,-1.89343024620576
2023,226,7,22.5437362362686,0.0478441763769943,-6.37790376373142
2023,226,8,26.7132700715827,0.0971526170199019,-3.72222992841732
2023,226,9,29.2239955615367,0.173157269070658,-2.92647443846327
2023,226,10,31.0677854581911,0.225666027982666,-2.52440454180892
2023,226,11,33.7914648930402,0.298057658633202,-1.9996851069598
2023,226,12,33.5442749718598,0.278555853948266,-2.19340502814015
2023,226,13,33.6044125163058,0.239248283649469,-2.60448748369418
2023,226,14,34.3104255335021,0.213885702163101,-2.62141446649792
2023,226,15,34.9993776106051,0.267069390253223,-2.6435823893949
2023,226,16,34.8178196044007,0.19084713412743,-2.87917039559926
2023,226,17,35.9225330449164,0.150388071458246,-2.57196695508355
2023,226,18,35.7864664431244,0.0726607758170606,-1.95490355687558
2023,226,19,35.2850830763358,0.0220833713178012,-1.34277692366424
2023,226,20,34.2020000728957,1e-05,-1.29328992710431
2023,226,21,33.4187658256118,1e-05,-1.34962417438816
2023,226,22,22.6026275682177,1e-05,-10.6830824317823
2023,226,23,27.2127907008669,1e-05,-5.23366929913314
2023,227,0,32.5914062203631,1e-05,-1.03903377963687
2023,227,1,32.5414583842419,1e-05,-1.08734161575813
2023,227,2,32.4018411266696,1e-05,-1.13832887333037
2023,227,3,30.8260414539277,1e-05,-0.973058546072263
2023,227,4,29.862545826498,1e-05,-0.990964173501997
2023,227,5,29.3498829887712,1e-05,-1.2166770112288
2023,227,6,27.9269239966602,1e-05,-2.19450600333977
2023,227,7,30.1376139174298,0.0409650108876905,-1.24235608257023
2023,227,8,32.0977898816447,0.234981913943223,-1.79023011835532
2023,227,9,32.7155033846799,0.262615427144618,-2.07380661532012
2023,227,10,34.6138140780367,0.29886680264424,-1.78212592196334
2023,227,11,35.8024244886314,0.305410005294869,-1.63394551136859
2023,227,12,36.6224134801391,0.288942353896484,-2.13931651986093
2023,227,13,36.9914196843334,0.283962367361157,-2.12771031566658
2023,227,14,36.4072695940618,0.230795707268454,-2.88804040593825
2023,227,15,37.9011530195483,0.243451740794814,-2.78824698045173
2023,227,16,37.0541412727951,0.204003213443801,-3.07317872720485
2023,227,17,37.6789319400636,0.0761238378678541,-1.93747805993635
2023,227,18,37.3527331779359,0.0375194761279676,-1.84266682206415
2023,227,19,36.8707067974976,1e-05,-1.19256320250239
2023,227,20,36.0362101424368,1e-05,-1.48013985756322
2023,227,21,31.8527831564052,1e-05,-1.82670684359482
2023,227,22,23.8087758636561,1e-05,-8.92012413634389
2023,227,23,31.9588778006303,1e-05,-1.03440219936974
2023,228,0,31.4981885736179,1e-05,-0.903081426382048
2023,228,1,30.8971998052501,1e-05,-1.08380019474986
2023,228,2,30.393125698854,1e-05,-0.982334301145997
2023,228,3,29.5841944812771,1e-05,-1.05918551872293
2023,228,4,25.9644433998852,1e-05,-2.91199660011476
2023,228,5,27.2144765138387,1e-05,-1.49476348616128
2023,228,6,19.526581358153,1e-05,-8.17491864184701
2023,228,7,26.8158301700781,0.115414267157642,-2.8175498299219
2023,228,8,34.0311129389067,0.192087466303375,1.46037293890667
2023,228,9,33.9672274720689,0.270243510086958,-2.15105252793105
2023,228,10,35.2569002606366,0.288935324879271,-2.2499997393634
2023,228,11,36.0182111667917,0.269814709577819,-2.35563883320827
2023,228,12,37.3550967172785,0.281577522925307,-2.2410132827215
2023,228,13,38.0119126538197,0.271280926461968,-2.48420734618028
2023,228,14,38.2235323105119,0.261429824518197,-2.97629768948808
2023,228,15,38.8146351678899,0.242503202637382,-2.73715483211008
2023,228,16,38.9180434678205,0.218489970721074,-3.34299653217946
2023,228,17,39.2948330258767,0.111152119452127,-2.38468697412334
2023,228,18,37.771873027998,1e-05,-1.21398697200201
2023,228,19,36.2261136292807,1e-05,-2.51128637071935
2023,228,20,34.0239260936434,1e-05,-1.35130390635658
2023,228,21,30.0484652962652,1e-05,-4.84886470373478
2023,228,22,33.7304466031589,1e-05,-1.29144339684107
2023,228,23,30.991877662232,1e-05,-3.37279233776801
2023,229,0,28.9460364358557,1e-05,-4.27386356414425
2023,229,1,29.5718074884068,1e-05,-3.14579251159321
2023,229,2,31.3139942012818,1e-05,-1.18895579871818
2023,229,3,30.2825724918235,1e-05,-2.26556750817651
2023,229,4,31.0979261924514,1e-05,-1.03672380754861
2023,229,5,30.4603622252834,1e-05,-1.12974777471658
2023,229,6,29.1621896415176,1e-05,-1.76589035848242
2023,229,7,29.8128867995113,0.116047014609793,-2.41214320048871
2023,229,8,31.779042198841,0.223758295049572,-2.39238780115898
2023,229,9,32.1939050113245,0.216466416812721,-2.46020498867549
2023,229,10,34.5764639191632,0.292271210854447,-2.24167608083679
2023,229,11,36.375884899667,0.287932745154451,-2.33971510033295
2023,229,12,37.3852521207926,0.279147545111995,-2.30545787920739
2023,229,13,37.856076017226,0.270971128555037,-2.597093982774
2023,229,14,39.4531259338286,0.243555853045439,-2.66841406617138
2023,229,15,39.4804252474043,0.229550044037313,-2.92291475259574
2023,229,16,37.8695241890359,0.223456524036512,-4.90198581096408
2023,229,17,40.0202018886206,0.165420546581179,-2.85069811137942
2023,229,18,39.8211800738092,0.0423055280509423,-1.73632992619076
2023,229,19,39.5694083363573,1e-05,-1.26394166364273
2023,229,20,36.4934225779313,1e-05,-0.923737422068683
2023,229,21,35.229814226993,1e-05,-1.87436577300699
2023,229,22,35.6410042470266,1e-05,-1.05717575297344
2023,229,23,34.8217019088546,1e-05,-1.01502809114545
2023,230,0,33.811123046678,1e-05,-0.943476953322012
2023,230,1,32.3371865162081,1e-05,-0.728833483791895
2023,230,2,30.8677521281888,1e-05,-1.21218787181123
2023,230,3,29.6018858150811,1e-05,-1.90462418491891
2023,230,4,27.8089803804634,1e-05,-3.25014961953661
2023,230,5,28.0750521547356,1e-05,-2.20679784526443
2023,230,6,27.1020530420809,1e-05,-2.86121695791906
2023,230,7,28.9010761986561,0.0446543636872484,-0.829463801343945
2023,230,8,29.0279898529463,0.0623213490873609,-1.0166201470537
2023,230,9,29.7058261973897,0.123956006444244,-1.32618380261029
2023,230,10,29.7417079028265,0.101789496295559,-1.58403209717355
2023,230,11,29.034904139605,0.171249509351291,-2.758565860395
2023,230,12,31.0441001784609,0.285496004265226,-2.56875982153907
2023,230,13,33.6495209601352,0.317471339397926,-2.45881903986484
2023,230,14,36.169427454146,0.301028180870508,-2.11929254585403
2023,230,15,34.8913688741678,0.241284701197339,-2.75732112583221
2023,230,16,34.1668105705146,0.241669832615857,-4.5471794294854
2023,230,17,35.4931389213781,0.153756260026076,-3.02260107862191
2023,230,18,36.2968050934876,0.0169774042632986,-1.38053490651236
2023,230,19,34.8883883339858,1e-05,-2.35708166601422
2023,230,20,33.5866507270208,1e-05,-1.02489927297921
2023,230,21,32.1797632193645,1e-05,-2.04360678063549
2023,230,22,31.5400295895812,1e-05,-1.03006041041884
2023,230,23,31.4034370945761,1e-05,-1.07240290542391
2023,231,0,30.9332813618121,1e-05,-0.998018638187851
2023,231,1,21.4867224909604,1e-05,-9.51365750903957
2023,231,2,20.4573564178176,1e-05,-9.41553358218237
2023,231,3,19.8625428149695,1e-05,-9.2850371850305
2023,231,4,27.5260156901583,1e-05,-2.21356430984169
2023,231,5,27.9274260918545,1e-05,-1.53649390814552
2023,231,6,28.1590034373025,1e-05,-1.09026656269748
2023,231,7,27.5673660054606,0.00729487431621117,-1.57570399453936
2023,231,8,27.7298120553561,0.180504003480962,-1.54430794464386
2023,231,9,29.2651795291956,0.274290259224759,-1.74876047080436
2023,231,10,30.9587932399066,0.304951757781808,-1.61831676009341
2023,231,11,30.3159805264631,0.342978688605382,-0.774229473536899
2023,231,12,31.6200917713461,0.371068116964843,-0.5367082286539
2023,231,13,30.4826422280014,0.325096246368972,-0.890897771998642
2023,231,14,29.8707934008098,0.266701605545142,-1.06070659919015
2023,231,15,29.0694240995675,0.106530966113756,-0.920675900432503
2023,231,16,29.179598469041,0.0884388897539795,-0.819821530959
2023,231,17,28.139331860646,0.0406823135689149,-0.651248139354021
2023,231,18,27.8361194529794,0.00503433665500989,-0.586170547020611
2023,231,19,27.0647957626733,1e-05,-0.824244237326674
2023,231,20,26.9534178216943,1e-05,-0.723232178305686
2023,231,21,26.6629276485639,1e-05,-0.803592351436052
2023,231,22,26.2858058703474,1e-05,-0.753664129652638
2023,231,23,25.3302424377438,1e-05,-1.49909756225615
2023,232,0,26.1002557864475,1e-05,-0.914354213552546
2023,232,1,25.9945604083859,1e-05,-0.959049591614114
2023,232,2,25.8589245729443,1e-05,-1.04045542705566
2023,232,3,24.8092193759829,1e-05,-1.99300062401706
2023,232,4,18.0666790037506,1e-05,-8.59093099624936
2023,232,5,17.9064360533967,1e-05,-8.54330394660327
2023,232,6,24.7072190885352,1e-05,-1.91424091146477
2023,232,7,19.263992670368,1e-05,-7.35068732963203
2023,232,8,26.1203033263722,0.197040603361322,-1.25582667362776
2023,232,9,27.4559916450574,0.210316408177155,-1.38881835494264
2023,232,10,30.1993455680879,0.176611519018719,-1.72201443191209
2023,232,11,32.5991820425701,0.294847655512118,-1.92616795742992
2023,232,12,32.3106685217165,0.242090363547623,-1.8469214782835
2023,232,13,33.4250272334524,0.253658199173167,-2.07484276654763
2023,232,14,34.629026936683,0.210734377004543,-1.91121306331701
2023,232,15,34.2045768345922,0.136320768002618,-1.52422316540778
2023,232,16,33.917305639606,0.140349262006773,-1.52109436039398
2023,232,17,33.5689549528642,0.0940331880490891,-1.10495504713579
2023,232,18,31.8588551061169,1e-05,-0.741904893883138
2023,232,19,30.1306991585191,1e-05,-0.60959084148093
2023,232,20,29.4058181753559,1e-05,-0.663641824644067
2023,232,21,29.2861071907785,1e-05,-0.749462809221516
2023,232,22,28.9437379758118,1e-05,-0.741612024188239
2023,232,23,28.502934635618,1e-05,-0.838965364381977
2023,233,0,28.1325400808304,1e-05,-0.852359919169562
2023,233,1,25.6191281708838,1e-05,-1.39097182911617
2023,233,2,25.804977494338,1e-05,-0.931602505662017
2023,233,3,25.2457275028896,1e-05,-0.765702497110379
2023,233,4,25.6305821955177,1e-05,-0.850817804482272
2023,233,5,18.1828366982948,1e-05,-7.48521330170517
2023,233,6,17.568221474905,1e-05,-7.33841852509504
2023,233,7,24.2274994379367,1e-05,-1.16188056206328
2023,233,8,24.2741330988009,0.0603377308179381,-1.10577690119906
2023,233,9,24.8595153422038,0.0930844521193327,-1.1430746577962
2023,233,10,25.0536946355274,0.242197941978004,-1.0526253644726
2023,233,11,24.8873204491344,0.204095740117968,-1.28678955086561
2023,233,12,27.9347760487804,0.3582268361263,-0.460423951219639
2023,233,13,28.158486580858,0.301476575614841,-1.10105341914205
2023,233,14,29.0138245596748,0.239636201478337,-1.23550544032522
2023,233,15,29.0177117657163,0.208347080432862,-1.18693823428369
2023,233,16,29.4389919400676,0.192964352154307,-1.15198805993243
2023,233,17,29.6388514418077,0.104233134812049,-1.11512855819226
2023,233,18,29.514300868367,0.045581187410847,-1.09969913163301
2023,233,19,29.2788361732474,1e-05,-0.928453826752573
2023,233,20,28.2072003991316,1e-05,-1.72669960086839
2023,233,21,25.1824540132713,1e-05,-1.00970598672866
2023,233,22,24.5676708500211,1e-05,-0.981389149978895
2023,233,23,22.9935760843897,1e-05,-1.60026391561025
2023,234,0,23.1638178468846,1e-05,-0.933252153115383
2023,234,1,15.2383224819472,1e-05,-7.64528751805277
2023,234,2,19.8358425197702,1e-05,-4.64391748022976
2023,234,3,21.2429860039706,1e-05,-2.69376399602942
2023,234,4,22.9116327226218,1e-05,-1.3573172773782
2023,234,5,23.2978874210549,1e-05,-0.96469257894509
2023,234,6,22.8585439199672,1e-05,-1.33090608003282
2023,234,7,22.856951997479,0.100613795491923,-1.99244800252105
2023,234,8,25.7784177638353,0.269626112079829,-0.89279223616473
2023,234,9,27.7787213419673,0.306925807325919,-1.01188865803267
2023,234,10,30.5527706993362,0.345707117337497,-1.09165930066381
2023,234,11,32.3125192717389,0.345660065305068,-1.28913072826114
2023,234,12,33.7709415970904,0.338320115963862,-1.31918840290957
2023,234,13,34.2487812192972,0.323147231556423,-1.76012878070282
2023,234,14,35.2438320215934,0.300649987297811,-2.21111797840661
2023,234,15,35.3268316233622,0.280954946717037,-2.53210837663781
2023,234,16,34.795661957205,0.255814466231724,-2.172938042795
2023,234,17,34.9834441170452,0.193503761906323,-1.95718588295475
2023,234,18,34.7796830385397,0.0865577642384797,-1.5282469614603
2023,234,19,33.0776003553981,0.0167664864888259,-0.961889644601946
2023,234,20,32.5226204118003,1e-05,-0.995199588199654
2023,234,21,32.0154691560556,1e-05,-1.07315084394443
2023,234,22,21.9788243235419,1e-05,-9.85037567645812
2023,234,23,30.3442814049979,1e-05,-1.18030859500213
2023,235,0,29.415380128551,1e-05,-1.928439871449
2023,235,1,21.0631218435809,1e-05,-9.37463815641906
2023,235,2,28.2576635391151,1e-05,-1.18365646088492
2023,235,3,27.8159205955998,1e-05,-1.91235940440017
2023,235,4,18.2954277823831,1e-05,-9.10782221761691
2023,235,5,24.1543595497319,1e-05,-2.77620045026806
2023,235,6,17.2908612298705,1e-05,-8.8497487701295
2023,235,7,26.2168070427182,0.0923856817113757,-1.85105295728177
2023,235,8,28.1266366827346,0.23328428738387,-2.42867331726535
2023,235,9,30.4043366651119,0.264903002927135,-2.7472533348881
2023,235,10,33.0084078612573,0.307784055619369,-2.01877213874268
2023,235,11,34.2935332987569,0.314326576681799,-1.98260670124312
2023,235,12,35.8837528963468,0.30294955982188,-2.17385710365316
2023,235,13,36.649587683648,0.287016929937763,-1.96223231635197
2023,235,14,36.620554113623,0.276391325737948,-2.33368588637701
2023,235,15,35.4101553976146,0.210582350775157,-2.50683460238541
2023,235,16,35.8976518431759,0.211722242614648,-2.55207815682407
2023,235,17,34.8067961326507,0.116893420099847,-1.79174386734925
2023,235,18,34.5180759857186,0.0743757946807891,-1.50434401428142
2023,235,19,34.0588617045218,1e-05,-1.0644282954782
2023,235,20,33.3475137088026,1e-05,-1.21849629119738
2023,235,21,32.9158536392905,1e-05,-1.11682636070947
2023,235,22,32.3772445086193,1e-05,-0.940635491380718
2023,235,23,31.7899396289057,1e-05,-1.09465037109434
2023,236,0,31.1382782114289,1e-05,-0.957771788571083
2023,236,1,29.1594230466321,1e-05,-0.975566953367895
2023,236,2,28.9417853329282,1e-05,-0.960474667071775
2023,236,3,28.7379078811832,1e-05,-1.05589211881677
2023,236,4,28.5077934622313,1e-05,-1.03294653776874
2023,236,5,28.0789146996037,1e-05,-1.04155530039627
2023,236,6,27.8873131346107,1e-05,-1.03432686538926
2023,236,7,28.2457855786433,0.019402013965054,-0.849834421356739
2023,236,8,29.6669749130494,0.247184587972028,-1.44186508695063
2023,236,9,30.3830285218105,0.281897241306912,-1.55908147818954
2023,236,10,31.9803766652228,0.325258999779784,-1.43310333477721
2023,236,11,32.1965825141133,0.321050477046362,-1.84279748588675
2023,236,12,33.5773101440976,0.331519781027485,-1.58717985590236
2023,236,13,34.2325298040654,0.323286897921249,-1.95703019593461
2023,236,14,35.0796513514307,0.304879818627192,-2.0047486485693
2023,236,15,34.8902480780081,0.285445728783654,-2.6593119219919
2023,236,16,35.7513230085299,0.241956061746672,-2.61021699147011
2023,236,17,34.249103539939,0.186115874384293,-4.30985646006095
2023,236,18,36.0417591262287,0.0718427446488366,-2.27793087377133
2023,236,19,34.7331064535673,1e-05,-2.03504354643265
2023,236,20,34.1441096651264,1e-05,-1.96511033487358
2023,236,21,33.330423629491,1e-05,-1.90722637050903
2023,236,22,32.6900679152629,1e-05,-1.88073208473708
2023,236,23,32.7307425948486,1e-05,-1.35129740515137
2023,237,0,22.2779038723376,1e-05,-9.78218612766245
2023,237,1,25.4798476405739,1e-05,-6.27069235942614
2023,237,2,21.0659131182317,1e-05,-9.74692688176831
2023,237,3,20.1210196065476,1e-05,-9.60500039345245
2023,237,4,19.2207582934969,1e-05,-9.41618170650313
2023,237,5,19.2313066022685,1e-05,-9.29266339773154
2023,237,6,24.3665557390613,1e-05,-3.65353426093871
2023,237,7,25.6440768128566,0.118426475202597,-4.74849318714337
2023,237,8,31.0500700922889,0.261954556100784,-2.09432990771109
2023,237,9,32.5978762360712,0.324207129112076,-2.51176376392882
2023,237,10,33.6018858533848,0.347491510077592,-2.87451414661516
2023,237,11,35.1786468054591,0.34923697687981,-2.7919331945409
2023,237,12,36.2084469006615,0.342371742630588,-2.88887309933847
2023,237,13,37.035815708328,0.324903800229689,-3.45662429167199
2023,237,14,37.8084457172077,0.304371152058917,-2.98440428279227
2023,237,15,37.3960607315985,0.289894808499041,-3.63621926840153
2023,237,16,38.411347094297,0.245377779375797,-3.71223290570303
2023,237,17,37.9167452556101,0.187972660605432,-3.61025474438986
2023,237,18,38.808107105148,0.0765670274195808,-2.44553289485197
2023,237,19,38.2686504763447,1e-05,-1.3306095236553
2023,237,20,37.6332144605038,1e-05,-1.3744955394962
2023,237,21,37.5734086790142,1e-05,-1.31424132098577
2023,237,22,35.8810901166219,1e-05,-1.3407998833781
2023,237,23,30.1224486672303,1e-05,-5.54411133276974
2023,238,0,33.3048535388075,1e-05,-2.04108646119251
2023,238,1,22.383932738204,1e-05,-10.769287261796
2023,238,2,32.9206548117058,1e-05,-1.05549518829424
2023,238,3,32.1310768337667,1e-05,-1.31408316623333
2023,238,4,30.888503695087,1e-05,-1.18280630491296
2023,238,5,29.8031862041785,1e-05,-1.74399379582153
2023,238,6,29.1977116715713,1e-05,-1.79136832842869
2023,238,7,30.8023730090904,0.111639613346874,-1.77287699090961
2023,238,8,31.4955034131657,0.174465757240666,-2.10853658683434
2023,238,9,33.2309063771589,0.272859360986451,-2.61334362284115
2023,238,10,35.1372840166412,0.333758183604635,-2.60840598335879
2023,238,11,34.4069581754675,0.274246166922266,-2.7769518245325
2023,238,12,36.7881422485944,0.345391600228121,-2.82142775140557
2023,238,13,36.9506835464233,0.31467155955897,-3.1192664535767
2023,238,14,37.3806521576177,0.314526322581029,-3.37832784238232
2023,238,15,37.8695141143201,0.288163123393566,-3.80198588567986
2023,238,16,38.1744676738814,0.248902129692555,-3.91716232611865
2023,238,17,37.8540048291816,0.19010449224216,-4.10341517081839
2023,238,18,38.1723680580656,0.0775643819342539,-1.78134194193439
2023,238,19,37.9470549892703,1e-05,-1.19655501072969
2023,238,20,36.9358469852996,1e-05,-1.51651301470038
2023,238,21,35.0990707838558,1e-05,-0.938039216144205
2023,238,22,34.0369629631363,1e-05,-1.07913703686369
2023,238,23,33.1572352636672,1e-05,-1.19420473633284
2023,239,0,32.3993035264597,1e-05,-1.13167647354028
2023,239,1,31.2959260926775,1e-05,-1.23413390732248
2023,239,2,29.6157526973919,1e-05,-2.22967730260806
2023,239,3,29.7418013862115,1e-05,-1.7353386137885
2023,239,4,28.366276694912,1e-05,-2.94139330508796
2023,239,5,27.3971842403854,1e-05,-3.52185575961458
2023,239,6,20.2225355466724,1e-05,-9.31142445332759
2023,239,7,28.8139209604326,0.108725680254504,-2.6451390395674
2023,239,8,31.7494374232556,0.261342313570249,-2.72126257674438
2023,239,9,33.2477439296157,0.320609455723141,-2.3958260703843
2023,239,10,34.6165985622009,0.343994756418061,-2.92952143779909
2023,239,11,35.4778089998501,0.349369254214354,-2.95511100014988
2023,239,12,37.4394867134329,0.331872121040086,-3.22133328656711
2023,239,13,37.9186595066041,0.315075164006106,-3.31692049339589
2023,239,14,37.9030364332421,0.307359740446908,-3.38222356675787
2023,239,15,37.7442069536396,0.289337053745597,-4.16447304636039
2023,239,16,38.7848427811999,0.243263915650641,-3.85433721880011
2023,239,17,38.7890816337508,0.183817019398427,-4.18797836624918
2023,239,18,39.861895829477,0.0635294032901966,-2.04000417052303
2023,239,19,38.5710547655938,1e-05,-1.3751452344062
2023,239,20,36.9815628143837,1e-05,-0.836307185616306
2023,239,21,36.0291575001288,1e-05,-1.06864249987123
2023,239,22,34.5765021468677,1e-05,-1.98683785313225
2023,239,23,24.8129565201084,1e-05,-9.75868347989158
2023,240,0,30.6964282922994,1e-05,-3.36106170770063
2023,240,1,31.3068412940775,1e-05,-2.19932870592251
2023,240,2,32.3168509710361,1e-05,-1.76096902896391
2023,240,3,32.4055502440606,1e-05,-1.36723975593944
2023,240,4,30.2854130172485,1e-05,-1.9328369827515
2023,240,5,29.8224079597228,1e-05,-1.96654204027723
2023,240,6,28.9803364657902,1e-05,-1.84380353420979
2023,240,7,31.227642088517,0.115305866826936,-1.846957911483
2023,240,8,33.2100400967753,0.245435736031025,-2.66294990322475
2023,240,9,34.8838368537138,0.297540774925107,-2.76169314628622
2023,240,10,36.0681899561906,0.318767400334511,-3.03520004380939
2023,240,11,37.214769639678,0.319763541829807,-3.38279036032198
2023,240,12,38.5349029801854,0.306635364150756,-3.45282701981461
2023,240,13,38.8298379325497,0.270913980730331,-3.82581206745031
2023,240,14,39.9656696596574,0.254534792083236,-3.84035034034255
2023,240,15,40.4339260742965,0.184817135461111,-3.68605392570346
2023,240,16,41.1201888908887,0.180106421467948,-3.52833110911128
2023,240,17,41.1610551974308,0.160172524599424,-3.56900480256919
2023,240,18,41.3710043050633,0.0705757044097294,-2.54116569493672
2023,240,19,39.9707169149293,1e-05,-1.51108308507071
2023,240,20,38.6357844438597,1e-05,-1.30745555614028
2023,240,21,32.550194370892,1e-05,-5.14191562910801
2023,240,22,35.7186526619285,1e-05,-1.47924733807145
2023,240,23,34.6488974517542,1e-05,-1.91781254824583
2023,241,0,33.3929644545683,1e-05,-2.47053554543167
2023,241,1,33.9446167925078,1e-05,-1.05612320749224
2023,241,2,32.9214976386711,1e-05,-1.13144236132889
2023,241,3,31.7981967008176,1e-05,-1.34871329918245
2023,241,4,30.4625697236827,1e-05,-1.93870027631734
2023,241,5,28.506745467464,1e-05,-3.16018453253604
2023,241,6,29.8801461604208,1e-05,-1.26484383957917
2023,241,7,30.9966284274067,0.0881617322334499,-1.36397157259329
2023,241,8,32.6444328731007,0.202067182075569,-2.03173712689932
2023,241,9,33.8260905894616,0.249882245957658,-1.93658941053844
2023,241,10,36.5727707736433,0.253734883516257,-2.04854922635666
2023,241,11,37.7086120213234,0.255009428433585,-2.09754797867664
2023,241,12,38.6515190236403,0.248256805197258,-2.25753097635973
2023,241,13,39.1714024073869,0.239897888356786,-2.28326759261314
2023,241,14,39.4686538979851,0.220854732698444,-3.05213610201493
2023,241,15,39.5570337204437,0.191620462321774,-3.40421627955632
2023,241,16,38.3895715116013,0.133216681872959,-4.70349848839874
2023,241,17,37.9423078825991,0.14854742072497,-5.07992211740089
2023,241,18,40.7080535986582,0.0474428724378095,-2.33676640134181
2023,241,19,39.5986275698638,1e-05,-1.62472243013623
2023,241,20,37.4444655736416,1e-05,-2.15996442635841
2023,241,21,25.3213101874643,1e-05,-11.3274098125357
2023,241,22,25.9462655003271,1e-05,-11.8687344996729
2023,241,23,35.3871219940518,1e-05,-2.2378280059482
2023,242,0,29.7713853929557,1e-05,-7.50094460704426
2023,242,1,22.3757454073032,1e-05,-10.5406945926968
2023,242,2,29.8937376993724,1e-05,-2.27706230062758
2023,242,3,30.8719908734311,1e-05,-2.06478912656891
2023,242,4,31.0818337307654,1e-05,-2.10348626923464
2023,242,5,31.555943422719,1e-05,-1.93892657728101
2023,242,6,29.3894764732436,1e-05,-3.72128352675638
2023,242,7,28.3165928579255,0.00589079690379944,-3.35937714207446
2023,242,8,29.2762983727633,0.0628121028207107,-3.5316816272367
2023,242,9,32.6706385590763,0.264771074756666,-2.18552144092371
2023,242,10,34.1526000748007,0.276071112811337,-2.07203992519931
2023,242,11,35.0542937903161,0.2831957967284,-2.0116962096839
2023,242,12,36.7200274946515,0.272725272003024,-2.11944250534849
2023,242,13,36.7119659188525,0.271056575819158,-2.23775408114745
2023,242,14,38.1461465054148,0.244060083979151,-2.83693349458521
2023,242,15,38.261270576371,0.226146029918564,-2.88575942362904
2023,242,16,38.6821886232098,0.193763466021114,-2.98480137679018
2023,242,17,39.1956166944967,0.139559705248633,-2.64303330550332
2023,242,18,39.8155751043757,0.0466612374253114,-1.66469489562427
2023,242,19,38.2270746699825,1e-05,-1.29412533001749
2023,242,20,25.7166542263939,1e-05,-11.3501457736061
2023,242,21,24.6016666781889,1e-05,-10.9853433218111
2023,242,22,35.6893992383233,1e-05,-1.41164076167666
2023,242,23,34.2145024712176,1e-05,-1.09459752878243
2023,243,0,29.6036885859012,1e-05,-4.80911141409876
2023,243,1,32.4863399834916,1e-05,-1.15992001650838
2023,243,2,31.4567555365053,1e-05,-1.27666446349471
2023,243,3,30.8435254654671,1e-05,-1.18492453453291
2023,243,4,25.6437780642869,1e-05,-5.02897193571311
2023,243,5,26.9524495170618,1e-05,-3.43334048293822
2023,243,6,20.1553312370886,1e-05,-9.94576876291142
2023,243,7,29.4015348379561,0.0713150168312327,-2.39645516204391
2023,243,8,31.2826855779443,0.196729721039524,-2.20540442205574
2023,243,9,32.494148655524,0.239421252722417,-1.96258134447599
2023,243,10,32.2219007557689,0.114733298362657,-1.89491924423113
2023,243,11,32.6419253357648,0.263142694484731,-2.03688466423516
2023,243,12,31.8352623640993,0.239115226922106,-2.01252763590067
2023,243,13,34.6453932675432,0.289381399938162,-1.94545673245681
2023,243,14,37.249011013047,0.258873430825392,-2.15710898695304
2023,243,15,37.4565863887791,0.235804901519849,-2.51978361122095
2023,243,16,37.7384980891645,0.205310109324216,-2.44457191083546
2023,243,17,37.6038256160714,0.152310143216233,-2.26972438392858
2023,243,18,37.8801388620313,0.0472990640207745,-1.52905113796874
2023,243,19,36.959583676875,1e-05,-0.893266323124976
2023,243,20,36.2105565757371,1e-05,-0.908703424262924
2023,243,21,25.7594614667602,1e-05,-0.439858533239835
2023,243,22,24.8890251532642,1e-05,-0.597704846735795
2023,243,23,24.3219818663114,1e-05,-1.63929813368856
2023,244,0,22.6785335295799,1e-05,-0.728506470420122
2023,244,1,23.9259177138165,1e-05,-0.992632286183472
2023,244,2,23.476710237963,1e-05,-0.814849762036978
2023,244,3,22.5721963228309,1e-05,-1.58602367716912
2023,244,4,23.1493175570537,1e-05,-1.42924244294629
2023,244,5,22.0384948993764,1e-05,-3.66548510062356
2023,244,6,23.8203975259524,1e-05,-0.846292474047626
2023,244,7,23.8620688013107,0.0201382246785182,-1.0283511986893
2023,244,8,25.4508827602682,0.208318652977633,-0.814347239731848
2023,244,9,24.969072181431,0.174631001043025,-1.37449781856897
2023,244,10,26.2820397431806,0.18684393601128,-0.963080256819389
2023,244,11,27.2107696899889,0.160237892194972,-1.10309031001106
2023,244,12,26.7068564068158,0.038616860591635,-0.603783593184172
2023,244,13,26.300533329374,0.197346567956811,-0.70055667062601
2023,244,14,26.8064366538757,0.250465961215372,-0.707563346124314
2023,244,15,26.4873893879746,0.215657494922002,-1.82873061202543
2023,244,16,28.4559392555413,0.248728043803867,-1.20684074445867
2023,244,17,26.5260718629676,0.154483391098301,-3.15670813703237
2023,244,18,27.3710013428935,1e-05,-1.59356865710645
2023,244,19,25.6486173196217,1e-05,-2.91601268037833
2023,244,20,19.8193390838984,1e-05,-8.66396091610163
2023,244,21,19.0004360806463,1e-05,-8.47060391935374
2023,244,22,18.4488478766264,1e-05,-8.34597212337362
2023,244,23,18.3773835107446,1e-05,-7.55575648925537
2023,245,0,18.6224423543578,1e-05,-7.38222764564221
2023,245,1,17.9004089268146,1e-05,-7.09538107318537
2023,245,2,17.5538140907605,1e-05,-7.51497590923952
2023,245,3,17.6104080523774,1e-05,-7.50823194762262
2023,245,4,17.7037808231326,1e-05,-7.58887917686742
2023,245,5,23.2112511912646,1e-05,-1.71018880873545
2023,245,6,20.831995468721,1e-05,-3.063824531279
2023,245,7,24.4852300494289,0.0787661712050503,-1.05600995057109
2023,245,8,25.6399227822951,0.261772911030315,-0.753747217704905
2023,245,9,28.103554365914,0.329798055523404,-0.37976563408596
2023,245,10,29.600430730478,0.342733053167733,-0.341529269522024
2023,245,11,31.3700339275944,0.347232109617809,-0.359316072405591
2023,245,12,32.0060178273472,0.350981703946662,-0.32618217265285
2023,245,13,32.4897097880956,0.341981376280964,-0.501420211904389
2023,245,14,32.4785902877434,0.314254517617547,-0.996159712256592
2023,245,15,31.8736686792098,0.22968786830203,-1.58088132079015
2023,245,16,31.9285714589209,0.223461746534446,-1.8475385410791
2023,245,17,32.6302046237218,0.173041330132491,-1.94217537627824
2023,245,18,32.0136573703816,0.0665876410415233,-0.910422629618402
2023,245,19,31.038244462956,1e-05,-0.775255537043996
2023,245,20,28.3815604891925,1e-05,-0.732129510807482
2023,245,21,27.5409375330044,1e-05,-1.01014246699564
2023,245,22,27.1617182032603,1e-05,-1.00298179673966
2023,245,23,26.8136884078611,1e-05,-0.926231592138883
2023,246,0,24.3453979836274,1e-05,-2.52235201637258
2023,246,1,25.7288459445323,1e-05,-0.939614055467743
2023,246,2,17.6795393077953,1e-05,-7.93190069220471
2023,246,3,24.7098050417448,1e-05,-1.3159449582552
2023,246,4,24.1520254819967,1e-05,-1.37339451800331
2023,246,5,22.1639828634022,1e-05,-2.55013713659779
2023,246,6,15.7418273512322,1e-05,-7.81489264876779
2023,246,7,24.1782528053841,0.10188354920557,-1.67093719461588
2023,246,8,26.7156417214153,0.239228430115919,-0.91435827858465
2023,246,9,28.6976174353779,0.296978313923509,-1.02391256462215
2023,246,10,30.6865373127124,0.319262845015772,-0.825632687287573
2023,246,11,31.8606642255502,0.323961852230433,-0.88259577444984
2023,246,12,32.8235769167064,0.319505164276491,-0.923383083293572
2023,246,13,33.2178827034834,0.310692332566373,-1.12626729651659
2023,246,14,33.722779260263,0.294866185485914,-1.49858073973701
2023,246,15,34.1190183428805,0.270724231131359,-1.86051165711955
2023,246,16,33.9020487551469,0.235382958371517,-2.2232012448531
2023,246,17,34.1148633185666,0.170544792256098,-1.99439668143336
2023,246,18,34.330291498074,0.0482886046257181,-1.32901850192603
2023,246,19,33.0657310363817,1e-05,-1.05086896361827
2023,246,20,32.4950710847452,1e-05,-1.07113891525483
2023,246,21,31.7895763042919,1e-05,-1.17657369570809
2023,246,22,29.7411087878646,1e-05,-2.13822121213538
2023,246,23,25.6905090790568,1e-05,-3.00517092094316
2023,247,0,20.1400988099124,1e-05,-9.75538119008764
2023,247,1,18.1624104061005,1e-05,-9.36150959389948
2023,247,2,18.1914736136897,1e-05,-9.55267638631026
2023,247,3,17.4140982742375,1e-05,-9.12595172576251
2023,247,4,19.0019711744174,1e-05,-9.18548882558262
2023,247,5,21.0408543543174,1e-05,-5.37304564568258
2023,247,6,26.0232644110561,1e-05,-1.42716558894386
2023,247,7,23.4765291961819,0.0832977052912593,-3.89545080381807
2023,247,8,27.5326889129425,0.227409044546803,-1.86807108705749
2023,247,9,29.8193161835323,0.287908367208653,-1.26231381646768
2023,247,10,30.8998464891133,0.317126790120116,-0.97435351088669
2023,247,11,31.9328803718675,0.323111007899313,-0.859599628132464
2023,247,12,32.7511559604929,0.31276495912763,-1.10947403950708
2023,247,13,33.5540865854161,0.30511469504564,-1.18151341458388
2023,247,14,34.3671871079863,0.283191376919676,-1.69288289201375
2023,247,15,33.7787532715956,0.252404513746762,-2.30496672840442
2023,247,16,33.8435747208643,0.234555622074946,-2.13590527913568
2023,247,17,34.0387606207332,0.165364733309459,-1.9721093792668
2023,247,18,33.7970949467651,0.0479921797518332,-1.25751505323486
2023,247,19,32.7918640877897,1e-05,-1.03070591221033
2023,247,20,32.0865229142757,1e-05,-1.14622708572428
2023,247,21,30.8813201732867,1e-05,-1.19005982671334
2023,247,22,29.313099337875,1e-05,-1.42744066212503
2023,247,23,29.5697635817946,1e-05,-1.06457641820545
2023,248,0,28.6754789581009,1e-05,-1.29231104189908
2023,248,1,23.9290867946141,1e-05,-4.60391320538591
2023,248,2,19.1052494092458,1e-05,-6.32213059075416
2023,248,3,14.7498691480972,1e-05,-10.1486308519028
2023,248,4,13.1356074439645,1e-05,-10.0615325560355
2023,248,5,16.9169456421566,1e-05,-5.97053435784339
2023,248,6,18.7197229305258,1e-05,-3.67049706947418
2023,248,7,22.6099110604012,0.0915440174536062,-1.65859893959878
2023,248,8,24.7987418224103,0.213637206146649,-1.04379817758972
2023,248,9,28.1206048378333,0.26528979196022,-1.3478751621667
2023,248,10,29.5055455549362,0.287595128835932,-1.27256444506377
2023,248,11,30.9951451405643,0.304679897040992,-1.1449448594357
2023,248,12,32.3672183915351,0.300675593001554,-1.35821160846488
2023,248,13,33.3320929399968,0.289715970447981,-1.61536706000322
2023,248,14,34.2663704839676,0.26625800768726,-2.2529495160324
2023,248,15,34.185959982163,0.250199939556248,-2.70609001783699
2023,248,16,33.8388196311381,0.217157156140185,-3.28601036886186
2023,248,17,34.685691400169,0.154297184200972,-2.69406859983096
2023,248,18,34.5067834770042,0.0361226807721558,-2.68314652299581
2023,248,19,33.1822854564406,1e-05,-1.51451454355936
2023,248,20,32.0942355958889,1e-05,-1.43443440411113
2023,248,21,31.2323202736233,1e-05,-1.32485972637668
2023,248,22,30.7653781818074,1e-05,-1.30600181819262
2023,248,23,30.4654588366303,1e-05,-1.15854116336973
2023,249,0,27.3717459372217,1e-05,-2.33168406277825
2023,249,1,16.1471403715077,1e-05,-11.0369396284923
2023,249,2,15.1233828014093,1e-05,-10.6934171985907
2023,249,3,12.7167432673229,1e-05,-10.6761167326771
2023,249,4,12.4048586487087,1e-05,-10.9030313512913
2023,249,5,12.1947004238356,1e-05,-11.0634695761644
2023,249,6,11.4013213144543,1e-05,-10.8419886855457
2023,249,7,22.9605804870209,0.0779233193146343,-2.29566951297909
2023,249,8,26.0157850491071,0.19310078914819,-1.71675495089294
2023,249,9,29.0151313451843,0.248151856760528,-1.76610865481569
2023,249,10,30.4585142010454,0.275505091924512,-1.68357579895461
2023,249,11,31.751850686881,0.286437855852847,-2.330549313119
2023,249,12,33.6281304564634,0.283668141639616,-1.96999954353656
2023,249,13,34.5267828506902,0.276755796393584,-2.0973471493098
2023,249,14,35.005740994647,0.263373354144003,-2.49581900535296
2023,249,15,34.66664318469,0.248107214525708,-2.98085681530998
2023,249,16,34.9395532233655,0.212325421093033,-3.16577677663448
2023,249,17,35.0684612992044,0.15048979174515,-3.15010870079561
2023,249,18,34.2526770102348,0.0392108108562784,-3.38360298976519
2023,249,19,33.4705823100585,1e-05,-2.16925768994148
2023,249,20,32.3875172531928,1e-05,-1.58403274680718
2023,249,21,32.2494333677405,1e-05,-1.51431663225949
2023,249,22,31.6968669518435,1e-05,-1.60369304815654
2023,249,23,16.608499718796,1e-05,-12.060070281204
2023,250,0,15.0211192973836,1e-05,-11.5180907026164
2023,250,1,13.9065079494424,1e-05,-11.0174020505576
2023,250,2,12.7680110516764,1e-05,-10.6777589483236
2023,250,3,12.5453856223853,1e-05,-10.6766143776147
2023,250,4,21.3163927384765,1e-05,-3.52170726152347
2023,250,5,12.7943754167021,1e-05,-11.3995445832979
2023,250,6,11.9722371116592,1e-05,-11.2927128883408
2023,250,7,19.4266262669022,0.06669554672181,-5.29167373309777
2023,250,8,25.2487758644349,0.189700256661168,-1.63524413556512
2023,250,9,29.0607126049444,0.245819480077156,-2.14307739505564
2023,250,10,31.4954824855522,0.270407438256922,-2.0679475144478
2023,250,11,32.5959010323893,0.280195546726555,-2.70182896761067
2023,250,12,34.3530815354175,0.274647877545339,-2.61873846458246
2023,250,13,35.4864037543419,0.263697405712692,-2.6436662456581
2023,250,14,35.8641530112022,0.251805448651589,-2.89205698879775
2023,250,15,35.9721043760612,0.231721832475891,-3.11638562393884
2023,250,16,36.6695315767596,0.194843418477489,-3.20369842324042
2023,250,17,36.9433815296351,0.135416275406447,-2.61191847036486
2023,250,18,37.2011402028297,0.0362462510984063,-1.78054979717034
2023,250,19,35.8793097934689,1e-05,-1.43632020653114
2023,250,20,34.9951187091832,1e-05,-1.62156129081681
2023,250,21,19.605626720074,1e-05,-12.178643279926
2023,250,22,32.1400644669684,1e-05,-2.35802553303158
2023,250,23,20.2099442905696,1e-05,-12.0489757094304
2023,251,0,18.8739797044064,1e-05,-11.5886402955936
2023,251,1,17.3424062977521,1e-05,-11.2922737022479
2023,251,2,15.6195471070659,1e-05,-11.5316628929341
2023,251,3,16.8125637986177,1e-05,-11.5083262013823
2023,251,4,26.0225525270565,1e-05,-2.07268747294345
2023,251,5,27.1913709893874,1e-05,-1.35326901061258
2023,251,6,24.9221188148082,1e-05,-2.23939118519176
2023,251,7,20.7608426729874,0.0537205945168858,-7.03990732701257
2023,251,8,34.9807309598914,0.22851127383996,2.85495095989137
2023,251,9,30.3734935445212,0.290292284870735,-2.61490645547884
2023,251,10,32.0188909802541,0.310415992960831,-2.88213901974591
2023,251,11,33.6382775353843,0.326820834554406,-2.96010246461569
2023,251,12,34.6149510553584,0.319930651769124,-2.97296894464158
2023,251,13,36.0105926995547,0.306290142245593,-2.98197730044525
2023,251,14,36.6928386837953,0.290986391637393,-3.45628131620466
2023,251,15,36.8947875157954,0.272099171152286,-3.73505248420455
2023,251,16,37.9180972552393,0.227151997799213,-3.47332274476065
2023,251,17,37.7482878690779,0.155842495601218,-3.36332213092206
2023,251,18,38.3612795358628,0.0315730230795675,-1.7833204641372
2023,251,19,37.6616198497711,1e-05,-1.23430015022894
2023,251,20,36.8945607674817,1e-05,-1.20144923251833
2023,251,21,31.6948249180604,1e-05,-4.53136508193957
2023,251,22,31.3091013469385,1e-05,-3.94334865306153
2023,251,23,31.9875900862002,1e-05,-2.84264991379982
2023,252,0,20.5165593828231,1e-05,-11.1571506171769
2023,252,1,22.2461583430764,1e-05,-11.2306416569236
2023,252,2,31.2610728231672,1e-05,-1.40229717683276
2023,252,3,19.2197189710107,1e-05,-10.5243710289893
2023,252,4,17.0531023056406,1e-05,-10.4213776943594
2023,252,5,16.5181685861931,1e-05,-10.2272214138069
2023,252,6,16.0549427140163,1e-05,-10.3766972859837
2023,252,7,23.5116991595258,0.0834664324594649,-5.89394084047419
2023,252,8,29.0328319305571,0.227226911884523,-3.35497806944286
2023,252,9,31.1321097804285,0.291263074999478,-2.64958021957148
2023,252,10,33.2588920350943,0.313844746038124,-2.87613796490572
2023,252,11,34.772592743756,0.318106691279659,-3.13585725624396
2023,252,12,35.9624137828182,0.311826418419524,-3.24949621718183
2023,252,13,37.776385612918,0.288756801420937,-3.269444387082
2023,252,14,38.3535683281678,0.270791566115611,-4.28468167183216
2023,252,15,38.3197481803908,0.250947124173725,-4.34108181960922
2023,252,16,39.2705067448304,0.206943075660251,-3.86692325516959
2023,252,17,39.6166475288995,0.143742124180626,-3.56711247110051
2023,252,18,40.4492799432619,0.0237721885089099,-1.85241005673806
2023,252,19,38.8314005704506,1e-05,-1.51712942954938
2023,252,20,38.1059230636692,1e-05,-1.60724693633081
2023,252,21,29.5471064519721,1e-05,-7.64058354802792
2023,252,22,33.3514540108855,1e-05,-2.92704598911446
2023,252,23,22.7607949664172,1e-05,-11.5610550335828
2023,253,0,27.3338021924564,1e-05,-5.05390780754356
2023,253,1,20.0619102681062,1e-05,-11.0921197318938
2023,253,2,18.6729074763219,1e-05,-10.7797125236781
2023,253,3,19.1018881663684,1e-05,-10.7709018336316
2023,253,4,17.9854429141276,1e-05,-10.4030870858724
2023,253,5,17.6636807291377,1e-05,-10.4995192708623
2023,253,6,17.3822074612615,1e-05,-10.2884225387385
2023,253,7,28.5887381845583,0.0878101028947066,-1.69557181544173
2023,253,8,26.5062920803501,0.155953476539779,-4.28624791964994
2023,253,9,32.2729789632095,0.2372167940803,-2.67805103679051
2023,253,10,33.9573171559863,0.310777828844302,-2.85644284401369
2023,253,11,35.6379336583126,0.312319386532749,-2.97536634168742
2023,253,12,36.4603906456261,0.304229970054911,-3.50350935437395
2023,253,13,37.0871703394412,0.296381929861444,-4.59788966055885
2023,253,14,38.4539621908514,0.275384118333419,-3.84563780914863
2023,253,15,38.7252290339456,0.155429259311222,-3.26078096605439
2023,253,16,38.6843182413743,0.158857330373165,-2.95335175862572
2023,253,17,38.2927950185586,0.0692946911051301,-1.7005049814414
2023,253,18,36.9281593411972,0.0678061521713834,-1.68899065880282
2023,253,19,35.5686849095185,1e-05,-1.58929509048147
2023,253,20,31.260915196651,1e-05,-5.08225480334896
2023,253,21,33.4626774310268,1e-05,-2.42434256897322
2023,253,22,23.3208504684692,1e-05,-11.3147895315308
2023,253,23,33.2554589010203,1e-05,-1.5182910989797
2023,254,0,32.4730250354258,1e-05,-1.27797496457415
2023,254,1,31.7219403221917,1e-05,-1.32328967780832
2023,254,2,29.4912556747058,1e-05,-2.5597943252942
2023,254,3,30.0013879406672,1e-05,-1.3040220593328
2023,254,4,19.1588431241721,1e-05,-10.6801468758279
2023,254,5,25.7444871783566,1e-05,-3.98153282164341
2023,254,6,28.5069721661132,1e-05,-1.06765783388677
2023,254,7,28.239581052694,0.0999031264841512,-1.22885894730603
2023,254,8,28.0775474109197,0.0969612445290396,-1.52871258908034
2023,254,9,28.8924301034937,0.222113865153158,-2.0424198965063
2023,254,10,31.1692349827605,0.306551539109566,-2.15251501723947
2023,254,11,32.8626325932807,0.333444573699845,-2.31269740671935
2023,254,12,35.1411584880461,0.334606335545927,-2.07262151195388
2023,254,13,34.668136720743,0.315086058669692,-2.46701327925698
2023,254,14,36.0311521041871,0.301100978636729,-2.47867789581291
2023,254,15,36.290611370914,0.28371800180692,-2.51535862908604
2023,254,16,35.9865249194145,0.235621649784517,-2.47997508058551
2023,254,17,36.2426001698925,0.159886854314523,-2.1513198301075
2023,254,18,35.95293852449,0.0263019775902125,-1.01819147551004
2023,254,19,34.952827678563,1e-05,-1.07280232143702
2023,254,20,34.5057029117758,1e-05,-0.928337088224183
2023,254,21,33.1150149597482,1e-05,-1.23191504025177
2023,254,22,22.4935634151782,1e-05,-10.8813065848218
2023,254,23,21.8960216479785,1e-05,-10.7605783520215
2023,255,0,31.6134118153603,1e-05,-1.41147818463967
2023,255,1,31.3804267552878,1e-05,-1.30328324471215
2023,255,2,31.1326918374882,1e-05,-1.04262816251184
2023,255,3,30.4577509298991,1e-05,-1.24307907010095
2023,255,4,20.1087511536566,1e-05,-10.3448288463434
2023,255,5,19.8198018416927,1e-05,-10.1931781583073
2023,255,6,19.1492052911387,1e-05,-10.1678447088613
2023,255,7,26.5992885674082,0.106737321648199,-3.03635143259184
2023,255,8,28.1742868665614,0.162407972628249,-1.19699313343857
2023,255,9,29.0894735190568,0.352253387558503,-1.07036648094317
2023,255,10,28.7906994945327,0.30534492660758,-1.17483050546729
2023,255,11,28.9638836744249,0.321282178097102,-1.25116632557507
2023,255,12,31.5547955699886,0.398782775326451,-0.902094430011434
2023,255,13,32.2439623377634,0.379681401228967,-1.35943766223663
2023,255,14,33.0794382710595,0.348512603678492,-2.00953172894048
2023,255,15,32.8344496339289,0.322384746131016,-2.57131036607109
2023,255,16,31.545473183497,0.24199644023022,-1.68259681650305
2023,255,17,31.5062474745575,0.0529512823843879,-0.998212525442494
2023,255,18,30.9762948629207,0.0708057107808463,-1.12891513707929
2023,255,19,28.2295015801112,1e-05,-0.868378419888817
2023,255,20,27.6585126172155,1e-05,-0.820257382784504
2023,255,21,21.5467143344073,1e-05,-0.868115665592651
2023,255,22,22.6404565522566,1e-05,-0.862333447743399
2023,255,23,23.1476306178414,1e-05,-1.50772938215864
2023,256,0,23.0532462070099,1e-05,-0.619073792990122
2023,256,1,23.2248811546965,1e-05,-0.655348845303518
2023,256,2,22.4863749920709,1e-05,-0.639045007929109
2023,256,3,22.8029421146543,1e-05,-0.675027885345703
2023,256,4,22.2386570834752,1e-05,-0.753432916524808
2023,256,5,22.6860619969986,1e-05,-0.667608003001373
2023,256,6,22.6505007214036,1e-05,-0.660229278596432
2023,256,7,20.5132933731144,1e-05,-0.580486626885598
2023,256,8,21.5484089902433,0.205702022582989,-0.44463100975668
2023,256,9,22.8251690328467,0.286885560515785,-0.390410967153297
2023,256,10,25.6509404190366,0.392590913145279,-0.154939580963358
2023,256,11,27.7619330166537,0.39035936979173,-0.511256983346264
2023,256,12,29.796496944357,0.418038353693538,-0.385503055643042
2023,256,13,30.6395695998224,0.401613899500405,-0.730700400177582
2023,256,14,31.5977271819848,0.376198722911854,-1.18286281801521
2023,256,15,31.95557764196,0.3344136504986,-1.62917235804004
2023,256,16,31.7540508461741,0.270835681544705,-2.01436915382588
2023,256,17,31.4180139580502,0.0787593914901084,-1.20651604194981
2023,256,18,31.4916596939566,0.0315665659034786,-1.10701030604343
2023,256,19,30.1772862520909,1e-05,-0.953803747909099
2023,256,20,29.0341365493463,1e-05,-0.856823450653714
2023,256,21,27.8223085266961,1e-05,-1.0812514733039
2023,256,22,27.6246727461875,1e-05,-0.885737253812536
2023,256,23,26.8876025333294,1e-05,-0.879427466670553
2023,257,0,26.1686307059916,1e-05,-1.05159929400837
2023,257,1,24.3482631915911,1e-05,-1.75188680840893
2023,257,2,25.0725417296409,1e-05,-1.07264827035905
2023,257,3,20.9349577801055,1e-05,-3.93325221989447
2023,257,4,21.7493629302221,1e-05,-2.91729706977788
2023,257,5,23.8276066629279,1e-05,-0.909113337072128
2023,257,6,24.3057641024595,1e-05,-0.846775897540475
2023,257,7,23.2797637296036,0.0145639512769489,-1.52023627039644
2023,257,8,25.537387031763,0.26786197915611,-1.06568296823702
2023,257,9,26.5720910808928,0.298976160064494,-1.15429891910716
2023,257,10,28.4320935218273,0.338345039529056,-1.27239647817268
2023,257,11,30.0999941110735,0.357896081468016,-1.40362588892652
2023,257,12,31.8528408862303,0.3722464822297,-1.51351911376969
2023,257,13,31.8475735479269,0.362841147180672,-1.66765645207315
2023,257,14,32.8829808427462,0.339290066510981,-1.96275915725383
2023,257,15,32.6805508279611,0.310807349111151,-2.49029917203893
2023,257,16,32.313872399768,0.265243822879902,-2.96324760023197
2023,257,17,31.6222526321057,0.181486956217937,-3.83566736789428
2023,257,18,31.4643860050683,0.0198020959662281,-3.66096399493169
2023,257,19,31.7605503018929,1e-05,-1.38239969810713
2023,257,20,30.564894701274,1e-05,-1.43418529872595
2023,257,21,18.1039987573768,1e-05,-11.8005212426232
2023,257,22,17.8319837485802,1e-05,-11.0491562514198
2023,257,23,26.0063166848533,1e-05,-2.07727331514674
2023,258,0,15.0924764904465,1e-05,-9.6126035095535
2023,258,1,24.3783790135899,1e-05,-1.8438209864101
2023,258,2,14.460740974762,1e-05,-9.98379902523799
2023,258,3,13.9353811886115,1e-05,-10.0955188113885
2023,258,4,21.8408998757746,1e-05,-3.18480012422544
2023,258,5,23.9508309759628,1e-05,-1.04000902403724
2023,258,6,23.6668120803381,1e-05,-1.02111791966191
2023,258,7,23.9232890057664,0.0843060278797877,-0.987470994233647
2023,258,8,25.7917905673561,0.247070886106829,-1.33450943264388
2023,258,9,28.4178235067152,0.312241266344787,-1.50706649328483
2023,258,10,29.8255173231215,0.342819843465878,-1.55413267687854
2023,258,11,31.2262720705716,0.354245222162484,-1.73955792942837
2023,258,12,31.8275398404879,0.354748030252956,-1.86162015951207
2023,258,13,32.6263199935935,0.343998762045639,-2.28750000640649
2023,258,14,32.6360388565308,0.324911222591376,-3.43177114346918
2023,258,15,33.6976666334859,0.292711715991176,-3.32970336651405
2023,258,16,33.0093075536193,0.252147479963768,-3.38450244638069
2023,258,17,32.0203472219487,0.170554146829065,-5.08318277805127
2023,258,18,33.6146201328302,0.00901286216607313,-1.97732986716975
2023,258,19,20.6711235343667,1e-05,-12.0022864656333
2023,258,20,19.230602879337,1e-05,-11.555127120663
2023,258,21,18.5087758079527,1e-05,-10.4359741920473
2023,258,22,17.134676762083,1e-05,-10.832543237917
2023,258,23,16.6735581047001,1e-05,-10.7411318952999
2023,259,0,15.1944157099783,1e-05,-11.0369742900217
2023,259,1,24.8825111798173,1e-05,-1.27783882018267
2023,259,2,13.3047172597484,1e-05,-10.2860227402516
2023,259,3,12.4370025153756,1e-05,-9.94165748462444
2023,259,4,12.2126788160595,1e-05,-10.0328911839405
2023,259,5,12.8640039105768,1e-05,-10.1568360894232
2023,259,6,13.2976343584555,1e-05,-9.95600564154454
2023,259,7,22.8285924129112,0.0792760617749663,-1.6704675870888
2023,259,8,25.6894472028843,0.235582411622398,-1.47715279711566
2023,259,9,28.8283044335177,0.301982214260915,-1.63434556648234
2023,259,10,29.9595978404784,0.331392948325789,-1.84319215952159
2023,259,11,31.3542018175326,0.338490329383753,-2.2742281824674
2023,259,12,32.5810506337532,0.338271159391269,-2.17378936624677
2023,259,13,33.1694617035721,0.329665752945964,-2.53670829642795
2023,259,14,34.1874295427327,0.310004341645394,-3.24668045726733
2023,259,15,34.3698182939108,0.280968981557877,-3.19779170608918
2023,259,16,34.6719184432749,0.23150083130109,-3.11462155672513
2023,259,17,34.619299978277,0.135304463169242,-2.78771002172304
2023,259,18,25.7400505719844,0.00197590783569817,-10.2773894280156
2023,259,19,20.6379803965243,1e-05,-11.9864896034757
2023,259,20,18.9702357138959,1e-05,-11.8832742861041
2023,259,21,24.3392496028486,1e-05,-6.30149039715137
2023,259,22,31.5689329839478,1e-05,-1.22100701605219
2023,259,23,30.8177399370604,1e-05,-1.25368006293957
2023,260,0,30.3757271497189,1e-05,-1.10144285028113
2023,260,1,28.893846364913,1e-05,-1.15305363508701
2023,260,2,27.3957888803681,1e-05,-1.53717111963194
2023,260,3,26.785738981766,1e-05,-1.99358101823398
2023,260,4,13.374223017331,1e-05,-11.297246982669
2023,260,5,12.5449640634906,1e-05,-10.9272359365094
2023,260,6,12.1411519274878,1e-05,-10.5293480725122
2023,260,7,22.788094740551,0.0637059281775847,-2.21952525944896
2023,260,8,24.9779362383788,0.219145129379254,-1.66892376162116
2023,260,9,28.1392678661388,0.29103420729484,-2.00254213386118
2023,260,10,30.2018991136682,0.322119649274638,-2.22334088633179
2023,260,11,31.6924862057154,0.334472865328128,-2.25226379428457
2023,260,12,32.9707471043245,0.337237796061037,-2.22654289567552
2023,260,13,33.7541741721346,0.329515060948118,-2.40866582786543
2023,260,14,34.4560754043333,0.308873183787733,-2.84818459566669
2023,260,15,34.3372386541902,0.28350019857103,-3.21624134580984
2023,260,16,34.7920044243966,0.237975463149456,-3.24976557560338
2023,260,17,34.9090428966887,0.157921825505614,-2.95898710331134
2023,260,18,35.7992029449014,0.00332753056421501,-1.30131705509864
2023,260,19,31.8540606379666,1e-05,-2.27387936203341
2023,260,20,30.9323860472182,1e-05,-2.05861395278183
2023,260,21,28.456843767562,1e-05,-3.78400623243796
2023,260,22,30.2544756498053,1e-05,-1.44409435019466
2023,260,23,29.7748316395928,1e-05,-1.37015836040715
2023,261,0,16.7146635151135,1e-05,-11.5833464848865
2023,261,1,15.0135968012719,1e-05,-11.0985131987281
2023,261,2,27.6446245006507,1e-05,-1.05902549934926
2023,261,3,13.6689331360375,1e-05,-11.2616668639625
2023,261,4,12.3855124630901,1e-05,-10.5933375369099
2023,261,5,18.1807847584159,1e-05,-4.36311524158408
2023,261,6,20.1078851403112,1e-05,-2.28233485968879
2023,261,7,21.7024935804766,0.0693261675988228,-1.96704641952345
2023,261,8,24.1877331763307,0.21840129526223,-2.14775682366932
2023,261,9,27.1399457935993,0.292317002805838,-1.8857142064007
2023,261,10,29.3370934416371,0.325373353615381,-2.48352655836294
2023,261,11,30.398020657133,0.340287996426864,-2.39970934286698
2023,261,12,31.9133935274681,0.340658642194101,-2.0693664725319
2023,261,13,32.0244652560058,0.331003331045982,-2.40552474399419
2023,261,14,33.0669978573101,0.314973474592908,-2.49959214268993
2023,261,15,32.9337676416752,0.291606082617986,-2.8594523583248
2023,261,16,32.9149482225782,0.246633104240486,-3.0190017774218
2023,261,17,32.4953873837704,0.166184400156791,-2.50642261622958
2023,261,18,33.2338149840816,0.00169047960011212,-1.05249501591838
2023,261,19,29.9102222446788,1e-05,-2.1678077553212
2023,261,20,29.101551322134,1e-05,-1.50567867786599
2023,261,21,27.1636210744077,1e-05,-2.43586892559228
2023,261,22,26.6562240238753,1e-05,-2.4891059761247
2023,261,23,20.2823648020011,1e-05,-7.64137519799893
2023,262,0,12.7316630236563,1e-05,-11.7794169763437
2023,262,1,13.7055709756988,1e-05,-11.6228990243012
2023,262,2,11.5218884849251,1e-05,-11.1034015150749
2023,262,3,17.6082768367008,1e-05,-5.02831316329924
2023,262,4,18.0226824135182,1e-05,-3.31651758648177
2023,262,5,9.69943335091264,1e-05,-10.9006566490874
2023,262,6,14.2716739848485,1e-05,-6.66293601515146
2023,262,7,20.4834565059966,0.0682580692696898,-2.2006034940034
2023,262,8,22.8972900313198,0.20776166299661,-1.38327996868022
2023,262,9,25.7486629732106,0.279154687650118,-1.55081702678945
2023,262,10,27.9996090173677,0.324456378828555,-1.50953098263227
2023,262,11,29.3970504367634,0.338490617328209,-1.71110956323662
2023,262,12,30.535912357952,0.346240434108017,-1.87526764204801
2023,262,13,31.0587534236297,0.335882942266548,-2.02761657637034
2023,262,14,31.7680601314413,0.317033661316023,-2.54199986855868
2023,262,15,31.9502638847733,0.28679895624371,-3.1261361152267
2023,262,16,31.6766255353713,0.244628494369064,-3.37268446462868
2023,262,17,30.6677283529883,0.163630248091141,-4.58186164701174
2023,262,18,26.3409228110915,0.0953789575779698,-8.41203718890847
2023,262,19,17.8697482329979,1e-05,-13.3383817670021
2023,262,20,27.398253025674,1e-05,-2.55145697432595
2023,262,21,28.406992065096,1e-05,-1.47206793490397
2023,262,22,15.4515504806456,1e-05,-12.2593395193544
2023,262,23,12.1956704327199,1e-05,-11.5208795672801
2023,263,0,10.8350647723606,1e-05,-11.7495452276394
2023,263,1,18.9096282884698,1e-05,-4.12025171153024
2023,263,2,9.31161790125319,1e-05,-11.5845620987468
2023,263,3,9.7184099403925,1e-05,-11.8942800596075
2023,263,4,22.0757289886464,1e-05,-1.24346101135356
2023,263,5,20.8005256482423,1e-05,-1.40661435175769
2023,263,6,20.6071187469388,1e-05,-1.88903125306123
2023,263,7,17.7955067282494,0.0340999005911519,-4.2059532717506
2023,263,8,18.7159695559699,0.0183233448061977,-3.8690004440301
2023,263,9,22.219576480385,0.0754722859271007,-1.44676351961497
2023,263,10,23.676748202592,0.110305245863255,-1.53371179740796
2023,263,11,27.7791566743445,0.326514746706041,-1.40687332565545
2023,263,12,29.5384809795642,0.336601829467767,-1.90529902043581
2023,263,13,30.693705604489,0.331824686782511,-2.12793439551098
2023,263,14,30.2187645882076,0.278825758022085,-2.7602554117924
2023,263,15,31.757958606527,0.298230058147763,-3.03080139347303
2023,263,16,32.2320290260406,0.241130942845179,-3.12338097395942
2023,263,17,32.8762958534277,0.0587324802076728,-1.82629414657234
2023,263,18,32.9338016908876,0.0485994760470552,-1.38160830911242
2023,263,19,31.17782934602,1e-05,-1.47847065398001
2023,263,20,29.4512727428789,1e-05,-2.29926725712108
2023,263,21,24.0692099010061,1e-05,-5.03770009899387
2023,263,22,27.045213354125,1e-05,-1.57486664587496
2023,263,23,13.5640793938373,1e-05,-12.2505206061627
2023,264,0,22.0321509039979,1e-05,-2.33055909600207
2023,264,1,22.3335139489219,1e-05,-2.05704605107814
2023,264,2,11.4029245119377,1e-05,-11.8326354880623
2023,264,3,10.0610541981769,1e-05,-11.3595158018231
2023,264,4,14.0984113336799,1e-05,-5.80099866632007
2023,264,5,15.8302130612356,1e-05,-3.13795693876443
2023,264,6,16.113914806707,1e-05,-3.29275519329303
2023,264,7,15.7298670781756,0.0419638072924068,-4.66906292182439
2023,264,8,20.6914651442811,0.184686162160892,-2.31355485571889
2023,264,9,24.6445892937282,0.264662630479191,-1.90146070627177
2023,264,10,27.6965482658083,0.312842082338064,-1.62293173419166
2023,264,11,28.6500391759116,0.332306116296484,-1.64729082408837
2023,264,12,30.5086534830568,0.337794466299262,-1.77671651694322
2023,264,13,30.530542475392,0.334416985737065,-1.85926752460795
2023,264,14,31.5039881365528,0.318703151235554,-2.50852186344716
2023,264,15,31.1983639141051,0.284306845726004,-3.19257608589487
2023,264,16,29.4620041958019,0.231112100443733,-4.32228580419808
2023,264,17,30.3573924389415,0.165006778551991,-4.49428756105855
2023,264,18,30.6417470629379,1e-05,-2.36599293706214
2023,264,19,28.5989804925327,1e-05,-3.82712950746734
2023,264,20,29.4913069655906,1e-05,-2.19822303440943
2023,264,21,25.5613973602457,1e-05,-3.43706263975431
2023,264,22,15.6420481944125,1e-05,-11.4142418055875
2023,264,23,15.765271833737,1e-05,-11.586538166263
2023,265,0,25.243692780134,1e-05,-2.40617721986604
2023,265,1,22.1445180272918,1e-05,-2.05792197270824
2023,265,2,11.5312580947714,1e-05,-11.3968519052286
2023,265,3,11.3305226222281,1e-05,-11.1998373777719
2023,265,4,10.7650929213378,1e-05,-11.2250670786622
2023,265,5,9.39149726717151,1e-05,-11.1633927328285
2023,265,6,9.46818155433933,1e-05,-11.0573184456607
2023,265,7,18.6352664268356,0.10699754432338,-2.19311357316443
2023,265,8,20.8053129750648,0.0983182688052753,-1.05826702493522
2023,265,9,24.3774065114502,0.279527415814136,-0.899273488549788
2023,265,10,26.8821307571771,0.275548595298005,-2.63833924282291
2023,265,11,29.2399439490099,0.315790549821238,-1.96929605099013
2023,265,12,29.0950311677118,0.298062755057186,-2.27454883228822
2023,265,13,30.8382328790647,0.319768886313673,-2.35471712093527
2023,265,14,30.9892513280873,0.313549754710906,-2.59138867191274
2023,265,15,31.2089357362612,0.275417509065752,-2.74307426373879
2023,265,16,31.3927949335493,0.155522954663196,-2.36603506645073
2023,265,17,31.3004766850309,0.101764645486124,-2.18371331496908
2023,265,18,30.8906703237723,0.0593598360669302,-1.58826967622766
2023,265,19,28.934150765419,1e-05,-2.461639234581
2023,265,20,28.1861596386798,1e-05,-2.46851036132021
2023,265,21,22.6877515192333,1e-05,-5.76390848076667
2023,265,22,27.0999625290351,1e-05,-2.21030747096493
2023,265,23,13.5797219754724,1e-05,-11.6521480245276
