year,julian-day,standard-time,leaftemp,GW,leaf-air-temp-diff
2023,201,0,35.0789501358782,1e-05,-1.41904986412177
2023,201,1,32.3834306598254,1e-05,-2.24056934017465
2023,201,2,20.4948787127851,1e-05,-10.3791212872149
2023,201,3,20.6904090950928,1e-05,-10.2345909049073
2023,201,4,20.2960620260062,1e-05,-9.99693797399384
2023,201,5,18.9877320707332,1e-05,-10.0772679292668
2023,201,6,22.0961905094634,1e-05,-8.87980949053661
2023,201,7,31.6742340948307,0.106393579099653,-1.92576590516935
2023,201,8,33.7855795772096,0.184612785166171,-2.38742042279041
2023,201,9,34.8337959749966,0.222675886318527,-3.19820402500335
2023,201,10,35.6656761861417,0.231453080129825,-3.37157381385835
2023,201,11,38.2995805767988,0.220044080413496,-2.10652942320117
2023,201,12,39.9760740939613,0.205924269959098,-2.00261590603871
2023,201,13,41.421140199952,0.186816934760605,-2.09575980004804
2023,201,14,41.9933301467486,0.17507213097273,-2.14019985325139
2023,201,15,42.5802965667717,0.159300368214375,-2.59903343322833
2023,201,16,42.9867337799033,0.142269617457381,-2.50203622009668
2023,201,17,42.2642801584413,0.122940048214059,-2.49039984155872
2023,201,18,42.323295169525,0.0739124218903882,-2.28005483047501
2023,201,19,42.257223770671,1e-05,-1.48554622932898
2023,201,20,40.8567153287067,1e-05,-1.38625467129333
2023,201,21,39.999125038564,1e-05,-1.45554496143605
2023,201,22,38.7141059891404,1e-05,-1.54600401085963
2023,201,23,37.3947847090253,1e-05,-1.45938529097472
2023,202,0,36.6577015830409,1e-05,-1.34962841695911
2023,202,1,35.9644477396784,1e-05,-1.34579226032162
2023,202,2,33.7023716688261,1e-05,-1.55310833117391
2023,202,3,33.5943411219454,1e-05,-1.27053887805462
2023,202,4,20.0939651914831,1e-05,-11.3649848085169
2023,202,5,28.0524929562774,1e-05,-2.1751370437226
2023,202,6,31.2547136433557,0.0246792639674572,-0.859596356644278
2023,202,7,30.6687619862115,0.100265539257372,-1.18796801378852
2023,202,8,31.2698189457551,0.199112000910817,-1.32966105424486
2023,202,9,32.6315783627733,0.241458937069303,-1.25399163722675
2023,202,10,33.8847032964513,0.256666399432555,-1.36346670354872
2023,202,11,35.9088669758425,0.250632989960594,-1.69758302415754
2023,202,12,37.5024370782957,0.236011073289735,-1.79061292170432
2023,202,13,39.3340953851823,0.219985729026309,-1.63720461481768
2023,202,14,40.0580908755454,0.199330629760274,-1.8686491244546
2023,202,15,40.4676574980701,0.186622447939702,-2.08475250192986
2023,202,16,40.692998296141,0.166632191981735,-2.45615170385902
2023,202,17,41.3073746008488,0.123422333564806,-2.56632539915118
2023,202,18,41.4197294433699,0.0735780448549276,-2.19270055663012
2023,202,19,41.1817569447906,0.046821737664024,-1.55363305520945
2023,202,20,39.1979738877988,1e-05,-2.35560611220119
2023,202,21,36.4057119037787,1e-05,-1.91607809622133
2023,202,22,36.8628254887875,1e-05,-1.42835451121255
2023,202,23,36.4387641378312,1e-05,-0.738385862168755
2023,203,0,35.7841917332877,1e-05,-1.13610826671228
2023,203,1,34.5029591090786,1e-05,-1.44901089092136
2023,203,2,34.1032818565123,1e-05,-1.02099814348773
2023,203,3,23.2005727426269,1e-05,-10.3630172573731
2023,203,4,22.7720884356728,1e-05,-10.4131915643272
2023,203,5,21.9846940608673,1e-05,-10.2358159391327
2023,203,6,30.0264043623024,1e-05,-2.3929456376976
2023,203,7,30.3339465029405,0.0935297565377503,-2.9824234970595
2023,203,8,32.5318209224683,0.19402497180754,-3.49564907753171
2023,203,9,34.1376750332569,0.197298872110594,-3.58331496674311
2023,203,10,35.7688514729632,0.222412752171461,-3.54699852703678
2023,203,11,38.8022263328027,0.217386260514876,-2.11719366719729
2023,203,12,38.1092048490812,0.223236416337277,-3.05496515091877
2023,203,13,40.3603418820813,0.203761178823264,-2.19532811791873
2023,203,14,41.2571456784734,0.186317567253446,-2.24394432152661
2023,203,15,40.8169221653395,0.177851546979634,-2.93714783466045
2023,203,16,42.2433133490931,0.149516563656002,-2.52918665090694
2023,203,17,41.9763273064067,0.125325218685885,-2.6406126935933
2023,203,18,41.583181288716,0.0801331866517927,-2.30188871128396
2023,203,19,41.6712164492653,0.00735245501347773,-1.42564355073466
2023,203,20,39.9161366946488,1e-05,-1.35635330535118
2023,203,21,39.4865833718096,1e-05,-1.37407662819039
2023,203,22,37.4738932700849,1e-05,-2.38164672991514
2023,203,23,35.8719736837333,1e-05,-0.901566316266745
2023,204,0,32.4255107993611,1e-05,-0.75131920063891
2023,204,1,30.7608738316554,1e-05,-0.894566168344586
2023,204,2,30.7824469760293,1e-05,-1.03587302397073
2023,204,3,30.6588173841234,1e-05,-1.1821026158766
2023,204,4,27.655928662818,1e-05,-3.83024133718198
2023,204,5,27.8896076387413,1e-05,-3.0836623612587
2023,204,6,21.5265230554586,1e-05,-8.66269694454138
2023,204,7,29.017017778352,0.0950082286750824,-3.54920222164803
2023,204,8,31.2321049865542,0.131507274264002,-2.43668501344575
2023,204,9,33.6384920199184,0.217687473289622,-2.11869798008164
2023,204,10,34.8493660524729,0.250661980567402,-1.72090394752708
2023,204,11,36.3505571439427,0.24297598346658,-1.7589728560573
2023,204,12,35.4699124956609,0.16587351916668,-2.70054750433908
2023,204,13,38.38540038295,0.224722847635151,-1.81585961705002
2023,204,14,38.711013285818,0.213146058275869,-2.07506671418204
2023,204,15,38.9710004287931,0.199627066150711,-2.48824957120694
2023,204,16,38.54317217428,0.180778310737491,-2.97247782571996
2023,204,17,38.6734564138781,0.146285973497032,-3.03206358612186
2023,204,18,39.374143513946,0.0768119490380675,-2.06922648605398
2023,204,19,38.7854198300062,0.0531847826524397,-1.78382016999385
2023,204,20,38.3436895477683,1e-05,-1.13957045223174
2023,204,21,37.4270882509427,1e-05,-1.19310174905731
2023,204,22,36.8213414408604,1e-05,-1.20148855913963
2023,204,23,36.1267545411869,1e-05,-1.18656545881314
2023,205,0,35.1680119065137,1e-05,-1.23301809348631
2023,205,1,31.8281798746681,1e-05,-3.82813012533187
2023,205,2,30.1066083142208,1e-05,-3.83876168577916
2023,205,3,22.4380486377632,1e-05,-9.89996136223684
2023,205,4,28.8146173540839,1e-05,-3.60699264591612
2023,205,5,22.0017828749875,1e-05,-10.1306071250125
2023,205,6,22.3774189754787,1e-05,-9.32793102452134
2023,205,7,31.1617058472606,0.0942556798293548,-2.49810415273935
2023,205,8,33.1084488093446,0.184243899661543,-2.30441119065537
2023,205,9,34.0646599408158,0.221948683999161,-3.13700005918422
2023,205,10,35.585686431482,0.236231991538063,-2.10366356851797
2023,205,11,37.2619124037254,0.233785136323255,-1.86930759627461
2023,205,12,38.3899191145262,0.225892856620148,-2.04071088547384
2023,205,13,39.7863616841226,0.208012662526956,-2.24653831587737
2023,205,14,39.4532074430932,0.205172130353684,-3.27312255690681
2023,205,15,41.1203325492318,0.17973795923494,-2.50271745076824
2023,205,16,38.841644834666,0.185403410489337,-4.12641516533398
2023,205,17,41.0968490473728,0.130841221253317,-2.72954095262723
2023,205,18,40.4326256613958,0.0602742056147854,-1.76516433860419
2023,205,19,38.639698353834,0.0292713901075024,-1.03821164616604
2023,205,20,37.9794927307253,1e-05,-0.964037269274726
2023,205,21,37.6286003083574,1e-05,-1.22914969164258
2023,205,22,37.0682134242391,1e-05,-1.46719657576093
2023,205,23,26.3999653409258,1e-05,-11.2299946590742
2023,206,0,24.7535498141524,1e-05,-10.9412701858476
2023,206,1,33.4192924082638,1e-05,-1.35632759173623
2023,206,2,32.2500795443773,1e-05,-1.81847045562265
2023,206,3,32.1398733319795,1e-05,-1.22394666802055
2023,206,4,30.0960905213689,1e-05,-2.04533947863112
2023,206,5,30.675828629822,1e-05,-1.23739137017802
2023,206,6,29.4535156214563,0.0254695636392956,-1.80670437854371
2023,206,7,31.425095601018,0.102117448358622,-1.65402439898203
2023,206,8,32.1260535564364,0.187977292443805,-2.71920644356359
2023,206,9,33.6665525956033,0.225252256645214,-2.85743740439668
2023,206,10,36.1768319098963,0.231351548267312,-2.15629809010372
2023,206,11,37.6597020565155,0.227471709144309,-2.81692794348447
2023,206,12,39.7830910866423,0.209687663551308,-1.8861589133577
2023,206,13,40.9159785862623,0.194708440111368,-1.9368514137377
2023,206,14,40.8496603479318,0.190548674149547,-2.59946965206822
2023,206,15,42.2802458408601,0.164601635763452,-2.14466415913989
2023,206,16,41.6553234979319,0.155177648378308,-2.78087650206806
2023,206,17,41.8847967299414,0.125091236413475,-2.96024327005862
2023,206,18,42.0128122705751,0.0732440539187859,-2.30299772942489
2023,206,19,41.8944582353886,0.0660436302674212,-1.69086176461141
2023,206,20,41.0756186995986,1e-05,-1.28937130040139
2023,206,21,40.2104506993727,1e-05,-1.32177930062731
2023,206,22,39.5020486929171,1e-05,-1.19713130708288
2023,206,23,38.6707318614827,1e-05,-1.1387781385173
2023,207,0,37.6680246946814,1e-05,-1.11536530531859
2023,207,1,36.6171440868705,1e-05,-1.08121591312953
2023,207,2,35.2913817517383,1e-05,-1.31301824826174
2023,207,3,35.4849606972271,1e-05,-1.2288293027729
2023,207,4,23.1672304973824,1e-05,-10.7060395026176
2023,207,5,30.7062999288253,1e-05,-2.41349007117466
2023,207,6,30.3265764967219,1e-05,-2.46333350327815
2023,207,7,31.8853848590464,0.136515395129584,-2.39805514095356
2023,207,8,32.6691759839853,0.252292462219126,-2.93777401601465
2023,207,9,33.8997711669615,0.307319289412404,-3.08610883303845
2023,207,10,34.4097909475296,0.33539582355818,-4.20135905247037
2023,207,11,37.4180960275751,0.317907802338225,-3.44026397242489
2023,207,12,39.2277183929355,0.297828915954588,-3.48998160706451
2023,207,13,40.0134309803129,0.286996344269404,-3.10866901968712
2023,207,14,41.1316795041906,0.262875444613625,-3.09898049580939
2023,207,15,40.929407156753,0.252968347165158,-3.30576284324699
2023,207,16,41.4484780849234,0.222574950883571,-3.47335191507664
2023,207,17,41.3883884562093,0.181981128249205,-3.41386154379068
2023,207,18,41.6362255385706,0.106106433127365,-2.45154446142943
2023,207,19,41.6945028001625,1e-05,-1.44352719983745
2023,207,20,40.6810413124284,1e-05,-1.16205868757158
2023,207,21,40.0052239159126,1e-05,-1.23359608408742
2023,207,22,36.7422337428796,1e-05,-0.810456257120357
2023,207,23,24.7027730878465,1e-05,-0.831176912153502
2023,208,0,28.4584026227561,1e-05,-0.827307377243859
2023,208,1,28.156970226948,1e-05,-1.074259773052
2023,208,2,21.3488200515111,1e-05,-9.12286994848893
2023,208,3,30.7400811510825,1e-05,-0.972068848917537
2023,208,4,28.9422474835457,1e-05,-0.946482516454303
2023,208,5,27.653104882256,1e-05,-1.90348511774398
2023,208,6,20.5645679689636,1e-05,-8.39325203103635
2023,208,7,29.1075821237598,0.106276350913092,-1.43188787624024
2023,208,8,30.4875474260341,0.28746931743301,-2.08773257396586
2023,208,9,31.4257351973873,0.278609095857528,-2.25626480261274
2023,208,10,33.3711197596722,0.364591778918099,-2.6899602403278
2023,208,11,35.1653319614328,0.358288797862302,-2.93736803856723
2023,208,12,36.2868062933808,0.345534924470129,-2.90008370661917
2023,208,13,37.5738918135035,0.327451791221779,-3.27994818649648
2023,208,14,36.5548733160276,0.246768698652093,-4.28323668397242
2023,208,15,38.4686579293984,0.254921675824876,-3.49681207060156
2023,208,16,39.0497586833615,0.247878838548506,-3.80154131663854
2023,208,17,39.7475610921927,0.19846772082441,-3.3968289078073
2023,208,18,40.0359347521624,0.118111444326356,-2.89307524783764
2023,208,19,40.1506113050292,0.0477448527362643,-1.38085869497083
2023,208,20,39.0331218403689,1e-05,-1.35463815963106
2023,208,21,38.5272584154875,1e-05,-1.06587158451254
2023,208,22,37.543000070332,1e-05,-1.10982992966801
2023,208,23,33.4835192697702,1e-05,-3.3039107302298
2023,209,0,34.1414647320007,1e-05,-1.80459526799932
2023,209,1,25.0763373266762,1e-05,-9.54179267332384
2023,209,2,33.0094624877714,1e-05,-1.04557751222863
2023,209,3,23.7196406172233,1e-05,-9.44307938277671
2023,209,4,23.392241455428,1e-05,-8.94350854457202
2023,209,5,22.4040878141926,1e-05,-9.26058218580741
2023,209,6,23.2547694563891,1e-05,-8.46413054361092
2023,209,7,29.3993365374684,0.123501594144481,-4.38927346253162
2023,209,8,32.3289003691288,0.181844953823107,-2.64607963087118
2023,209,9,33.2266328620306,0.141772422404836,-2.31794713796943
2023,209,10,32.078260898902,0.128990693863129,-3.86826910109801
2023,209,11,34.4590685160318,0.36477661519435,-2.49804148396821
2023,209,12,35.6332848711721,0.35826751585454,-2.9844051288279
2023,209,13,37.7601964083421,0.327568033962432,-3.15915359165787
2023,209,14,37.1347800706234,0.321791779190619,-5.00897992937659
2023,209,15,39.488095430419,0.273785044520286,-3.49871456958098
2023,209,16,39.4664347640589,0.246987199702602,-3.86976523594107
2023,209,17,39.4289748963518,0.196542562239214,-3.72168510364817
2023,209,18,40.4376179577279,0.114635939600925,-2.71336204227212
2023,209,19,40.6494652591547,0.0725478348852142,-1.49697474084532
2023,209,20,39.8468624816553,1e-05,-1.09098751834466
2023,209,21,37.4400009685827,1e-05,-1.98341903141733
2023,209,22,36.9478691216904,1e-05,-1.45449087830965
2023,209,23,34.1848589417373,1e-05,-1.15780105826272
2023,210,0,33.4988028378521,1e-05,-1.23236716214794
2023,210,1,30.0660362481491,1e-05,-3.80889375185094
2023,210,2,33.1959317233629,1e-05,-1.16812827663712
2023,210,3,23.0225623504137,1e-05,-10.2431976495863
2023,210,4,32.4880552731015,1e-05,-1.1852847268985
2023,210,5,32.3375536904125,1e-05,-1.32903630958747
2023,210,6,27.4814502535653,1e-05,-5.36491974643473
2023,210,7,29.818141210247,0.0522841983545598,-3.810778789753
2023,210,8,31.8098489798449,0.130095396992549,-2.06547102015507
2023,210,9,33.2851288342359,0.305173329352989,-3.23653116576414
2023,210,10,33.698498895413,0.278993306187147,-3.16504110458699
2023,210,11,35.7769425111258,0.355869280130394,-2.87932748887425
2023,210,12,36.6668937163751,0.343959052995648,-3.41445628362488
2023,210,13,37.5905174906285,0.326614526022927,-3.27913250937151
2023,210,14,38.5175680222124,0.305829150014778,-3.3120519777876
2023,210,15,39.4903564359302,0.27576342042794,-3.13444356406984
2023,210,16,39.57803227953,0.246918425237759,-3.65651772047003
2023,210,17,39.0524238862953,0.204638268819796,-3.78038611370473
2023,210,18,40.1301089454508,0.134759592670726,-3.0555610545492
2023,210,19,41.1743261997098,0.0082602603168649,-1.08219380029016
2023,210,20,39.9035861118656,1e-05,-1.2351638881344
2023,210,21,39.5917727108458,1e-05,-1.1570572891542
2023,210,22,36.9744706464961,1e-05,-2.50605935350392
2023,210,23,37.3853201941025,1e-05,-1.41760980589755
2023,211,0,35.6916586103303,1e-05,-2.18836138966967
2023,211,1,36.3218576485833,1e-05,-1.97790235141672
2023,211,2,31.2706793964124,1e-05,-5.96125060358759
2023,211,3,31.2189306523869,1e-05,-4.26969934761306
2023,211,4,34.3777406488813,1e-05,-1.07764935111865
2023,211,5,30.2687059872867,1e-05,-4.2973740127133
2023,211,6,29.5632457607439,1e-05,-4.52252423925607
2023,211,7,32.6547777262092,0.0419313686252277,-1.21088227379076
2023,211,8,31.7766325381107,0.164096740884261,-2.02739746188929
2023,211,9,32.4684570269799,0.282993383699049,-2.1997029730201
2023,211,10,34.0498311299731,0.364348183149366,-2.18663887002685
2023,211,11,33.3758968945742,0.272849067461374,-2.56187310542578
2023,211,12,34.4267626780588,0.329534744158148,-2.37725732194117
2023,211,13,35.3490681349124,0.350013038171158,-2.58648186508763
2023,211,14,36.5191092416661,0.345840834228393,-2.88914075833392
2023,211,15,35.1441303042967,0.306216259825489,-4.99602969570333
2023,211,16,37.4792388398892,0.276186805089856,-3.5874811601108
2023,211,17,38.2946924542141,0.218600970905987,-3.57334754578589
2023,211,18,38.1570882619528,0.140308100657992,-3.31889173804722
2023,211,19,38.477110540569,1e-05,-1.71520945943099
2023,211,20,27.6628190028178,1e-05,-11.1319009971822
2023,211,21,35.9996187386986,1e-05,-1.41313126130141
2023,211,22,35.5539441893153,1e-05,-1.17894581068474
2023,211,23,32.2274165578647,1e-05,-0.83315344213527
2023,212,0,30.9621011180108,1e-05,-1.06389888198918
2023,212,1,19.5117404403344,1e-05,-7.41248955966558
2023,212,2,26.8523237082571,1e-05,-0.675196291742925
2023,212,3,26.3125822097679,1e-05,-0.794667790232104
2023,212,4,25.5160308629453,1e-05,-1.35849913705467
2023,212,5,25.1649669489399,1e-05,-1.48813305106009
2023,212,6,25.8646168996296,1e-05,-0.932233100370411
2023,212,7,26.520216052164,0.190052764886678,-1.210713947836
2023,212,8,27.9116448400562,0.324731390526929,-1.54326515994376
2023,212,9,29.4418790893098,0.37673649078447,-1.4948309106902
2023,212,10,30.4783813479039,0.406046962905552,-1.4335186520961
2023,212,11,32.157890229093,0.40599128462015,-1.67454977090697
2023,212,12,32.6886074912777,0.404936092132918,-1.88039250872233
2023,212,13,34.0394099944984,0.384291974492214,-2.14933000550159
2023,212,14,34.1927719187687,0.369704885418608,-2.52983808123125
2023,212,15,34.772631376163,0.341413792090115,-3.07934862383696
2023,212,16,34.8657783377551,0.297234370129546,-3.44246166224493
2023,212,17,35.0989620772808,0.24250761085795,-3.58452792271919
2023,212,18,36.1763455387625,0.100476491736767,-2.15105446123749
2023,212,19,36.7361946244031,1e-05,-1.34191537559694
2023,212,20,35.9406844417232,1e-05,-1.02783555827678
2023,212,21,35.1532141799898,1e-05,-1.14303582001023
2023,212,22,34.7542314993263,1e-05,-0.843458500673727
2023,212,23,29.8266713629475,1e-05,-0.61578863705255
2023,213,0,30.1781251744802,1e-05,-1.20410482551976
2023,213,1,27.4942708901804,1e-05,-0.828599109819603
2023,213,2,27.7769436533971,1e-05,-1.00686634660292
2023,213,3,26.914844125726,1e-05,-0.917705874273985
2023,213,4,26.4393184075847,1e-05,-1.03172159241526
2023,213,5,25.554279029391,1e-05,-1.52586097060902
2023,213,6,24.3062255949711,0.0327852221069173,-2.62478440502891
2023,213,7,26.8504607307847,0.181571281323212,-1.97175926921533
2023,213,8,29.0252384954298,0.308083327664518,-1.59328150457025
2023,213,9,30.131535706064,0.353533017537659,-1.95819429393596
2023,213,10,30.7995755764126,0.375921093870653,-2.45392442358736
2023,213,11,32.8955810552206,0.383537581338704,-2.19780894477939
2023,213,12,34.2873687462582,0.37500143191175,-2.37651125374182
2023,213,13,34.776867530583,0.368709771963387,-2.82439246941704
2023,213,14,34.9644198457308,0.343877331830178,-3.3754101542692
2023,213,15,35.5998774693105,0.316383492551221,-3.44471253068946
2023,213,16,36.493542930298,0.296590849479675,-3.02102706970195
2023,213,17,36.2175542804655,0.239063789503274,-3.13876571953451
2023,213,18,36.3593814286002,0.135132286812022,-2.81945857139977
2023,213,19,36.5941183257587,0.0600709864107469,-1.46719167424132
2023,213,20,35.7766779791538,1e-05,-1.29610202084623
2023,213,21,34.4132895279029,1e-05,-2.1382204720971
2023,213,22,24.9012573339859,1e-05,-10.5115126660141
2023,213,23,32.3437115419959,1e-05,-2.01417845800415
2023,214,0,33.7080100129681,1e-05,-1.21284998703189
2023,214,1,33.2137255151647,1e-05,-1.14171448483533
2023,214,2,32.8944673422902,1e-05,-0.945962657709799
2023,214,3,32.24909029109,1e-05,-1.09305970891
2023,214,4,31.9870970446178,1e-05,-1.00524295538218
2023,214,5,31.5249115148091,1e-05,-1.04342848519093
2023,214,6,21.9017209521871,1e-05,-9.96630904781295
2023,214,7,29.6243490384932,0.128608425513296,-2.98028096150684
2023,214,8,31.3731477778669,0.262721203915752,-3.00666222213313
2023,214,9,32.1562559839586,0.321025216631919,-2.90272401604145
2023,214,10,33.2174650094962,0.355622615468117,-2.56588499050382
2023,214,11,33.3442352509611,0.348297329784829,-3.67214474903894
2023,214,12,34.838349884711,0.367508010450842,-3.23966011528899
2023,214,13,36.0223933917035,0.310059789285063,-3.65021660829654
2023,214,14,37.2858084071481,0.330528507143038,-2.70163159285192
2023,214,15,37.5594518401656,0.297534408809832,-3.12949815983444
2023,214,16,37.7366954832997,0.26301325473038,-3.24415451670034
2023,214,17,37.5155492893086,0.220377202327498,-3.32266071069137
2023,214,18,37.6376618565048,0.12684469257671,-2.28905814349523
2023,214,19,37.5672173756608,0.0510107340838403,-1.31330262433917
2023,214,20,36.8714185753996,1e-05,-1.20273142460045
2023,214,21,32.9034436602574,1e-05,-4.34239633974261
2023,214,22,32.0685006462985,1e-05,-3.59133935370147
2023,214,23,32.9375063010093,1e-05,-2.39259369899066
2023,215,0,33.5627840541497,1e-05,-1.17858594585031
2023,215,1,32.6520246437113,1e-05,-1.18852535628865
2023,215,2,32.1731019446768,1e-05,-1.01899805532322
2023,215,3,31.7208329059106,1e-05,-1.1391170940894
2023,215,4,30.4980119803623,1e-05,-1.83308801963768
2023,215,5,29.9080908920777,1e-05,-1.07195910792232
2023,215,6,29.3595870638192,1e-05,-1.21148293618084
2023,215,7,26.7802366826817,0.133004768392984,-5.58036331731831
2023,215,8,29.266745953859,0.236006599269242,-3.68037404614102
2023,215,9,30.943584881736,0.305666949206774,-4.00296511826403
2023,215,10,32.7838799913734,0.35565587410754,-3.57703000862656
2023,215,11,35.1264075349102,0.352092378415913,-3.17280246508975
2023,215,12,35.8296497011949,0.348957611302444,-3.1923502988051
2023,215,13,37.2503699869629,0.329572304918001,-3.08069001303709
2023,215,14,36.9851435830651,0.296197195874086,-3.39212641693493
2023,215,15,37.9133837352271,0.294864319884674,-3.1979562647729
2023,215,16,37.8652721086805,0.263220502163765,-3.75883789131952
2023,215,17,38.0044068034529,0.211175708257679,-3.26519319654708
2023,215,18,38.1504981202203,0.120804270232485,-2.88636187977966
2023,215,19,38.439715958227,0.0485727474341949,-1.44286404177304
2023,215,20,37.2252761319797,1e-05,-1.31403386802033
2023,215,21,35.0033237785612,1e-05,-2.42359622143877
2023,215,22,35.317758991504,1e-05,-1.33992100849596
2023,215,23,32.9627964735629,1e-05,-2.4162235264371
2023,216,0,32.6720674246684,1e-05,-1.48709257533161
2023,216,1,21.0391348980359,1e-05,-11.5948651019641
2023,216,2,28.2351530420262,1e-05,-2.15289695797382
2023,216,3,17.3909828163034,1e-05,-11.1284571836966
2023,216,4,15.9133465253443,1e-05,-10.7694734746557
2023,216,5,15.1822530124922,1e-05,-10.5745669875078
2023,216,6,16.7106660782565,1e-05,-10.0945739217435
2023,216,7,26.3707041879044,0.154025278086972,-2.92779581209563
2023,216,8,29.5829878132563,0.265533401900104,-2.87933218674365
2023,216,9,31.619488695583,0.317706753681933,-2.95127130441699
2023,216,10,33.4678769601966,0.339554610887531,-3.35378303980339
2023,216,11,34.9118288090403,0.342491196304908,-3.22763119095971
2023,216,12,35.8520174815041,0.335889673404872,-3.57430251849586
2023,216,13,37.1489485248142,0.319893349138881,-3.88559147518583
2023,216,14,37.1844815734565,0.312226409509768,-4.00816842654351
2023,216,15,38.1626540370996,0.283809918567214,-3.71213596290039
2023,216,16,36.1160293823378,0.273866893093774,-5.98464061766216
2023,216,17,38.1172821087596,0.205223672508207,-4.41028789124037
2023,216,18,36.9764183059716,0.120702490198597,-4.98646169402844
2023,216,19,35.6662110143163,1e-05,-5.31552898568371
2023,216,20,25.3660853320592,1e-05,-12.6026246679408
2023,216,21,24.7665846427453,1e-05,-12.3360253572547
2023,216,22,23.061960450416,1e-05,-12.2743895495841
2023,216,23,36.2459073332798,1e-05,-1.30251266672018
2023,217,0,35.2693300468616,1e-05,-1.02111995313837
2023,217,1,33.827640989485,1e-05,-1.14185901051503
2023,217,2,31.2729514775532,1e-05,-1.49120852244679
2023,217,3,30.8582985865355,1e-05,-1.48648141346453
2023,217,4,26.4528574678012,1e-05,-4.2854225321988
2023,217,5,16.3909750953673,1e-05,-11.0809149046327
2023,217,6,16.1265488184602,1e-05,-10.0609311815398
2023,217,7,26.8300170848351,0.149159969363996,-3.6069729151649
2023,217,8,29.5820860761045,0.266719144701217,-2.64299392389547
2023,217,9,31.5353776415014,0.317106903234002,-3.41868235849856
2023,217,10,33.3109561861309,0.336278690952026,-3.45603381386907
2023,217,11,34.4806636505968,0.343291433057143,-3.66269634940318
2023,217,12,36.0773268611471,0.334311681357239,-3.69006313885293
2023,217,13,37.9499863510157,0.308620310491505,-3.58599364898435
2023,217,14,37.7124241251953,0.302742604430938,-4.61193587480474
2023,217,15,39.0567112669581,0.270617101053323,-3.86387873304187
2023,217,16,39.557044393227,0.237949752552274,-3.76559560677302
2023,217,17,39.7575506288669,0.190696445188015,-3.49054937113306
2023,217,18,39.4948650862571,0.110611225906165,-2.89489491374289
2023,217,19,39.5747127755204,1e-05,-1.78345722447961
2023,217,20,38.4398959420305,1e-05,-1.50364405796952
2023,217,21,35.6913786554481,1e-05,-3.10997134455188
2023,217,22,21.3614594305375,1e-05,-13.1759105694625
2023,217,23,33.4948219652347,1e-05,-2.74986803476527
2023,218,0,34.5638619134493,1e-05,-1.5542880865507
2023,218,1,33.2979077444678,1e-05,-1.3719022555322
2023,218,2,33.4185013874681,1e-05,-1.22886861253193
2023,218,3,33.4850378734213,1e-05,-1.10963212657872
2023,218,4,30.9629715520658,1e-05,-1.3907084479342
2023,218,5,17.1792478020693,1e-05,-12.0609821979307
2023,218,6,15.6038676755499,1e-05,-11.5703123244501
2023,218,7,26.7663931326505,0.147236617466277,-3.54688686734951
2023,218,8,29.0726527611493,0.261510436960831,-3.98164723885073
2023,218,9,30.7743745358833,0.316500027851837,-4.33889546411672
2023,218,10,32.1489650801787,0.341494872721243,-4.14526491982134
2023,218,11,33.4241402584976,0.355914172209286,-3.74831974150243
2023,218,12,35.7775239536536,0.343617961518189,-2.9441860463464
2023,218,13,36.384326352818,0.315814106260002,-3.34249364718197
2023,218,14,37.4760853503916,0.319458326697361,-3.20157464960838
2023,218,15,38.0350921403018,0.306427900583387,-3.69583785969818
2023,218,16,38.7205611740487,0.267201417769496,-3.27224882595131
2023,218,17,39.1980067202782,0.230635733647712,-3.14434327972176
2023,218,18,38.7223161575965,0.148456590290377,-2.77769384240349
2023,218,19,38.7593971427189,0.0467123705651205,-1.12871285728114
2023,218,20,38.3430354460687,1e-05,-1.01778455393126
2023,218,21,37.9499616543343,1e-05,-0.92387834566572
2023,218,22,37.3174642777823,1e-05,-0.954255722217702
2023,218,23,36.588712053383,1e-05,-0.937767946616979
2023,219,0,35.7071596455701,1e-05,-0.838420354429907
2023,219,1,34.6620500182545,1e-05,-1.00459998174546
2023,219,2,33.8556484015851,1e-05,-0.893981598414946
2023,219,3,32.8952805209702,1e-05,-0.797359479029815
2023,219,4,31.4737648699578,1e-05,-0.96120513004222
2023,219,5,31.0144424555601,1e-05,-0.738357544439882
2023,219,6,30.2013663598854,1e-05,-0.959433640114586
2023,219,7,30.4396171947395,0.160008924295916,-1.61594280526051
2023,219,8,30.2396856421912,0.304179299246645,-2.72790435780878
2023,219,9,31.5075841963884,0.3590645497881,-2.74168580361164
2023,219,10,32.4934509618216,0.383429573580155,-2.53735903817844
2023,219,11,34.5200467054195,0.375049795919779,-2.39003329458045
2023,219,12,35.7502356284094,0.361371321702179,-2.49620437159064
2023,219,13,36.536937714987,0.345742241539129,-2.69519228501296
2023,219,14,37.6410311737728,0.318735367179028,-2.92149882622719
2023,219,15,37.7826331073684,0.298987997334647,-3.11412689263163
2023,219,16,37.5545459373278,0.270988999960142,-3.55679406267219
2023,219,17,37.4978670621297,0.218093241209894,-3.11850293787035
2023,219,18,38.6366206218347,0.114330299982861,-2.24442937816528
2023,219,19,38.3033685825589,0.0460666090552012,-1.29713141744114
2023,219,20,37.7063176084295,1e-05,-1.13526239157053
2023,219,21,37.4546405567828,1e-05,-0.996199443217222
2023,219,22,36.8020248329116,1e-05,-0.973205167088352
2023,219,23,36.2722426735071,1e-05,-0.858497326492859
2023,220,0,34.943974727218,1e-05,-1.01578527278204
2023,220,1,33.996961736258,1e-05,-0.920118263741962
2023,220,2,33.1286284543324,1e-05,-0.834451545667598
2023,220,3,31.9238708035065,1e-05,-1.15994919649354
2023,220,4,31.8101683789398,1e-05,-1.13788162106023
2023,220,5,30.6437581756951,1e-05,-1.68069182430493
2023,220,6,28.7847863895896,1e-05,-2.1229536104104
2023,220,7,24.984519413987,0.067814351055734,-0.855150586013032
2023,220,8,26.7154334170541,0.349726532552661,-0.843716582945881
2023,220,9,29.6279462608312,0.394533517983274,-1.20749373916884
2023,220,10,32.0465568289961,0.389179203006182,-1.81341317100392
2023,220,11,33.3459628940118,0.390276275755051,-2.11761710598816
2023,220,12,34.7110534319139,0.374625990651111,-2.45449656808614
2023,220,13,35.8914752230553,0.36095897315712,-2.35380477694466
2023,220,14,36.04660290085,0.351208314786099,-2.63960709915005
2023,220,15,37.2725003808324,0.313867938726627,-2.98760961916759
2023,220,16,37.0896617439536,0.283281497414807,-2.90585825604644
2023,220,17,37.3129671950855,0.224303553000758,-2.58784280491447
2023,220,18,37.2028627918398,0.121401666201742,-2.24575720816021
2023,220,19,36.9830857056734,0.0479905532596785,-1.1974942943266
2023,220,20,36.7398841102016,1e-05,-0.888025889798357
2023,220,21,32.3362680860325,1e-05,-0.831321913967528
2023,220,22,31.21808008873,1e-05,-0.859479911269965
2023,220,23,30.0091911442688,1e-05,-0.905328855731184
2023,221,0,30.095150092908,1e-05,-0.973019907091992
2023,221,1,29.8789512422454,1e-05,-1.03782875775455
2023,221,2,30.1021371395537,1e-05,-1.02929286044625
2023,221,3,29.5449281511581,1e-05,-1.03292184884189
2023,221,4,29.296795806199,1e-05,-1.10481419380096
2023,221,5,28.5588821267501,1e-05,-1.55350787324994
2023,221,6,28.7536459144225,1e-05,-1.13731408557752
2023,221,7,28.6390505071405,0.100803790100627,-2.20089949285954
2023,221,8,30.6833630739628,0.286333631652134,-2.23682692603718
2023,221,9,31.6977177080493,0.347962705757229,-2.16533229195068
2023,221,10,32.6452041499351,0.377769806016159,-2.68286585006487
2023,221,11,33.7461546040399,0.381386938468634,-2.15518539596015
2023,221,12,34.7252181398103,0.376764929877694,-2.4288118601897
2023,221,13,35.921143680866,0.360453073329136,-2.27799631913402
2023,221,14,35.1450366692178,0.347393700644253,-3.17293333078221
2023,221,15,37.181170211385,0.312987279433296,-2.74206978861496
2023,221,16,36.39751118263,0.282453831040541,-3.12644881736995
2023,221,17,37.0432715095768,0.224254139353858,-2.87234849042318
2023,221,18,37.2468986190913,0.121201609522528,-2.35115138090865
2023,221,19,36.992908253053,0.0402219091396148,-1.22950174694704
2023,221,20,36.4060237415085,1e-05,-1.1064662584915
2023,221,21,35.8104453715285,1e-05,-1.26980462847146
2023,221,22,35.8961142286459,1e-05,-1.12765577135408
2023,221,23,35.3547008821617,1e-05,-1.1730091178383
2023,222,0,34.7806266564217,1e-05,-1.17506334357829
2023,222,1,34.4381147308327,1e-05,-1.20997526916728
2023,222,2,34.1773693763158,1e-05,-1.04248062368421
2023,222,3,32.6760552786038,1e-05,-1.19049472139616
2023,222,4,31.8981096036354,1e-05,-1.13081039636458
2023,222,5,30.8430561977494,1e-05,-0.9662238022506
2023,222,6,29.4442258123787,1e-05,-1.0183941876213
2023,222,7,29.7241698516226,0.122606466954748,-1.48860014837735
2023,222,8,29.9615443393943,0.270299954214314,-1.95336566060568
2023,222,9,30.7538007949184,0.350384860844541,-2.18804920508163
2023,222,10,31.501919140091,0.350404813178836,-2.42090085990901
2023,222,11,32.2943628462712,0.370249817028997,-2.19998715372879
2023,222,12,33.4545197054102,0.389872561294521,-2.39176029458978
2023,222,13,33.9126133606892,0.379682038733911,-2.83950663931081
2023,222,14,34.6999948854352,0.365509820141929,-3.39398511456476
2023,222,15,35.5715613350352,0.330091062617353,-3.10537866496479
2023,222,16,34.0529662616307,0.306136788449666,-4.59005373836926
2023,222,17,35.3479038727561,0.229120682071751,-3.75388612724393
2023,222,18,34.5190216697179,0.140765980273749,-4.40073833028207
2023,222,19,36.7907133461402,1e-05,-1.26002665385982
2023,222,20,35.686826842877,1e-05,-1.31671315712301
2023,222,21,35.8159319531899,1e-05,-0.884148046810061
2023,222,22,33.9926439300097,1e-05,-0.957026069990285
2023,222,23,32.8133016079751,1e-05,-0.938088392024888
2023,223,0,32.0996755765094,1e-05,-0.942104423490647
2023,223,1,31.2246006439152,1e-05,-0.930359356084775
2023,223,2,30.4440092207281,1e-05,-1.05346077927194
2023,223,3,26.4393384231408,1e-05,-3.94194157685922
2023,223,4,28.6665764814215,1e-05,-1.21534351857855
2023,223,5,19.3092433809175,1e-05,-9.69599661908247
2023,223,6,27.2412096793421,1e-05,-1.68268032065788
2023,223,7,21.5746674084829,0.0175232349556228,-6.7369025915171
2023,223,8,27.8034047429056,0.172993160621035,-3.43422525709441
2023,223,9,29.2841291056933,0.263172147266371,-3.0824608943067
2023,223,10,30.6149617780438,0.343169219587482,-2.18855822195619
2023,223,11,31.7695571283486,0.347363930826992,-2.50191287165139
2023,223,12,33.8531963284588,0.376693791508242,-2.40728367154125
2023,223,13,34.3149703082355,0.374913278750864,-2.1961996917645
2023,223,14,34.7662505511693,0.351094841696126,-2.74333944883075
2023,223,15,35.0693928405574,0.322530740944132,-2.73143715944263
2023,223,16,34.2372930051801,0.242305596832993,-3.11107699481989
2023,223,17,35.6169551502718,0.0314639177262329,-1.38834484972818
2023,223,18,35.3134264607255,0.155559876430366,-2.45510353927452
2023,223,19,35.4880407255003,1e-05,-1.13185927449972
2023,223,20,34.8075011475311,1e-05,-1.1797388524689
2023,223,21,34.1729317688139,1e-05,-1.11373823118615
2023,223,22,33.8864262555191,1e-05,-1.06975374448091
2023,223,23,32.8376748693433,1e-05,-1.19058513065668
2023,224,0,31.9388030969369,1e-05,-1.34939690306306
2023,224,1,29.2417156622607,1e-05,-3.15051433773935
2023,224,2,21.5038324141954,1e-05,-10.3506375858046
2023,224,3,30.5109098635929,1e-05,-1.31645013640714
2023,224,4,30.1257898834813,1e-05,-1.14573011651865
2023,224,5,29.380414872263,1e-05,-1.13643512773698
2023,224,6,27.2721226797486,1e-05,-1.88675732025137
2023,224,7,28.3908071879794,0.0637013040819233,-1.51371281202059
2023,224,8,28.6059696305284,0.223202947559,-2.05322036947164
2023,224,9,29.260869712359,0.266231568366662,-2.18053028764096
2023,224,10,31.5906654047958,0.358903602080212,-2.17658459520424
2023,224,11,32.2175301420627,0.369970158044648,-2.33482985793728
2023,224,12,33.2058330223432,0.371449183154347,-2.49568697765676
2023,224,13,34.0100759853224,0.362463107863172,-2.53686401467759
2023,224,14,34.3890378441486,0.348778414685027,-2.90178215585144
2023,224,15,34.8145561543107,0.32431817562355,-3.59782384568934
2023,224,16,35.8059250375519,0.283159574719219,-3.31239496244812
2023,224,17,34.8874802264376,0.231541149791591,-3.64537977356237
2023,224,18,35.6531209244994,0.120849241487126,-2.6521090755006
2023,224,19,35.3474821113181,1e-05,-1.54680788868188
2023,224,20,24.0797430207545,1e-05,-11.1812269792455
2023,224,21,22.1361989587117,1e-05,-11.0603810412883
2023,224,22,32.6096912775385,1e-05,-1.25573872246148
2023,224,23,32.5337845846877,1e-05,-1.02435541531231
2023,225,0,30.6492705859927,1e-05,-1.21183941400727
2023,225,1,29.7493292246493,1e-05,-1.1990807753507
2023,225,2,28.5351627922862,1e-05,-1.86192720771383
2023,225,3,25.9367561681704,1e-05,-3.32606383182965
2023,225,4,18.4745577898705,1e-05,-10.0313322101295
2023,225,5,17.0965621731661,1e-05,-9.72484782683391
2023,225,6,18.0764172133512,1e-05,-9.75933278664884
2023,225,7,28.2196976602257,0.148182109761168,-1.89571233977426
2023,225,8,29.5730180964052,0.278778429434364,-2.24081190359482
2023,225,9,30.3496603557179,0.337577673331846,-2.18644964428209
2023,225,10,32.2069475638667,0.365414873283517,-2.47604243613329
2023,225,11,33.3459862093623,0.375140322786276,-2.29345379063773
2023,225,12,34.6935390459193,0.365098773531162,-2.71144095408066
2023,225,13,35.403513868595,0.352392758487962,-2.92066613140497
2023,225,14,36.6547124220316,0.329544522277785,-3.17365757796838
2023,225,15,36.7971712874913,0.291565853126078,-3.19403871250874
2023,225,16,36.5380312987561,0.253010381857108,-2.75107870124389
2023,225,17,35.6162535157037,0.132541298019793,-2.41666648429628
2023,225,18,36.4694945122978,0.121408460865192,-2.69932548770218
2023,225,19,33.942079206089,1e-05,-2.694700793911
2023,225,20,34.0546138077757,1e-05,-1.23391619222434
2023,225,21,33.1907635141839,1e-05,-1.28542648581612
2023,225,22,31.1931085444191,1e-05,-2.08936145558094
2023,225,23,21.1004992587267,1e-05,-10.9166507412733
2023,226,0,20.117708093867,1e-05,-10.792291906133
2023,226,1,19.2402444120447,1e-05,-10.5106355879553
2023,226,2,18.8802810612674,1e-05,-10.3893189387326
2023,226,3,27.6338378332481,1e-05,-2.02665216675186
2023,226,4,29.1061737256795,1e-05,-1.15986627432052
2023,226,5,28.0669326502398,1e-05,-1.29756734976021
2023,226,6,27.3716497537942,1e-05,-1.89343024620575
2023,226,7,22.5437362362686,0.0592863313069047,-6.37790376373141
2023,226,8,26.3860439287225,0.117645060791441,-4.0494560712775
2023,226,9,28.8424182080596,0.207700489206623,-3.30805179194042
2023,226,10,30.6552725767434,0.270179754115093,-2.93691742325665
2023,226,11,33.2860209953535,0.357350960507056,-2.50512900464648
2023,226,12,33.0689809914673,0.333877486041847,-2.66869900853271
2023,226,13,33.1415997640059,0.287209790809885,-3.0673002359941
2023,226,14,33.8692392525566,0.257183955489048,-3.06260074744338
2023,226,15,34.456042023254,0.321414858671898,-3.18691797674599
2023,226,16,34.3650179180299,0.229990063780139,-3.33197208197009
2023,226,17,35.5335402484538,0.181710024970085,-2.96095975154624
2023,226,18,35.5441423398068,0.0887896123900189,-2.19722766019319
2023,226,19,35.2611167278784,0.02553474485428,-1.36674327212164
2023,226,20,34.2020000728957,1e-05,-1.29328992710431
2023,226,21,33.4187658256118,1e-05,-1.34962417438815
2023,226,22,22.6026275682177,1e-05,-10.6830824317823
2023,226,23,27.2127907008669,1e-05,-5.23366929913312
2023,227,0,32.5914062203631,1e-05,-1.03903377963686
2023,227,1,32.5414583842419,1e-05,-1.08734161575812
2023,227,2,32.4018411266696,1e-05,-1.13832887333036
2023,227,3,30.8260414539277,1e-05,-0.973058546072259
2023,227,4,29.862545826498,1e-05,-0.990964173501993
2023,227,5,29.3498829887712,1e-05,-1.2166770112288
2023,227,6,27.9269239966602,1e-05,-2.19450600333977
2023,227,7,30.0291107783965,0.0510692102925442,-1.35085922160347
2023,227,8,31.761303338926,0.281469961303623,-2.12671666107398
2023,227,9,32.2998213449845,0.314606785012013,-2.48948865501555
2023,227,10,34.1373758898531,0.358881074091119,-2.25856411014691
2023,227,11,35.2772652282433,0.367948291748412,-2.15910477175665
2023,227,12,36.026253650438,0.349589742911438,-2.73547634956201
2023,227,13,36.3989618489789,0.343862756909478,-2.72016815102105
2023,227,14,35.874706365931,0.278891631659183,-3.42060363406901
2023,227,15,37.3089134556261,0.295679722133687,-3.38048654437394
2023,227,16,36.5270934863784,0.246990424185341,-3.60022651362161
2023,227,17,37.4220465641405,0.0929879387330306,-2.19436343585951
2023,227,18,37.1597323106881,0.0470617396968749,-2.03566768931185
2023,227,19,36.7984791132328,0.0327396363186898,-1.26479088676719
2023,227,20,36.0362101424368,1e-05,-1.48013985756322
2023,227,21,31.8527831564052,1e-05,-1.82670684359481
2023,227,22,23.8087758636561,1e-05,-8.9201241363439
2023,227,23,31.9588778006303,1e-05,-1.03440219936974
2023,228,0,31.4981885736179,1e-05,-0.903081426382048
2023,228,1,30.8971998052501,1e-05,-1.08380019474985
2023,228,2,30.393125698854,1e-05,-0.982334301145993
2023,228,3,29.5841944812771,1e-05,-1.05918551872292
2023,228,4,25.9644433998852,1e-05,-2.91199660011476
2023,228,5,27.2144765138387,1e-05,-1.49476348616127
2023,228,6,19.526581358153,1e-05,-8.17491864184696
2023,228,7,26.8158301700781,0.139718142557835,-2.8175498299219
2023,228,8,34.0311129389067,0.229749505683012,1.46037293890667
2023,228,9,33.5139519648114,0.324406181991559,-2.60432803518855
2023,228,10,34.7096187767989,0.34805350222419,-2.79728122320109
2023,228,11,35.4889381394927,0.325480609190153,-2.88491186050727
2023,228,12,36.7268630320699,0.34177652399334,-2.86924696793014
2023,228,13,37.3425781562608,0.330491588349872,-3.15354184373917
2023,228,14,37.5026164926762,0.319341729610207,-3.69721350732377
2023,228,15,38.1883156301318,0.295751061114653,-3.36347436986821
2023,228,16,38.2701142369675,0.266819907076332,-3.99092576303249
2023,228,17,38.9332443115973,0.135238281266867,-2.74627568840265
2023,228,18,37.7384950924497,1e-05,-1.24736490755027
2023,228,19,36.2261136292807,1e-05,-2.51128637071934
2023,228,20,34.0239260936434,1e-05,-1.35130390635658
2023,228,21,30.0484652962652,1e-05,-4.84886470373478
2023,228,22,33.7304466031589,1e-05,-1.29144339684107
2023,228,23,30.991877662232,1e-05,-3.37279233776801
2023,229,0,28.9460364358558,1e-05,-4.27386356414425
2023,229,1,29.5718074884068,1e-05,-3.14579251159321
2023,229,2,31.3139942012818,1e-05,-1.18895579871818
2023,229,3,30.2825724918235,1e-05,-2.26556750817651
2023,229,4,31.0979261924514,1e-05,-1.03672380754861
2023,229,5,30.4603622252834,1e-05,-1.12974777471658
2023,229,6,29.1621896415176,1e-05,-1.76589035848242
2023,229,7,29.5244782380658,0.140366511594847,-2.70055176193419
2023,229,8,31.3787052914223,0.268367399784887,-2.79272470857765
2023,229,9,31.7895954337386,0.25983909814684,-2.8645145662614
2023,229,10,34.0371479849368,0.351425808157034,-2.78099201506323
2023,229,11,35.7622987882501,0.348339958729327,-2.95330121174986
2023,229,12,36.7543603109038,0.338875445628066,-2.93634968909623
2023,229,13,37.1752307626485,0.330035052375178,-3.27793923735155
2023,229,14,38.7861153880113,0.298238231500304,-3.33542461198874
2023,229,15,38.8319214978665,0.280856125575593,-3.57141850213352
2023,229,16,37.083907236108,0.273255094617622,-5.68760276389202
2023,229,17,39.5201732319234,0.20158489113108,-3.35072676807663
2023,229,18,39.617307184871,0.0527827915187782,-1.940202815129
2023,229,19,39.5694083363573,1e-05,-1.26394166364273
2023,229,20,36.4934225779313,1e-05,-0.923737422068683
2023,229,21,35.229814226993,1e-05,-1.87436577300698
2023,229,22,35.6410042470266,1e-05,-1.05717575297344
2023,229,23,34.8217019088546,1e-05,-1.01502809114544
2023,230,0,33.811123046678,1e-05,-0.943476953322005
2023,230,1,32.3371865162081,1e-05,-0.728833483791888
2023,230,2,30.8677521281888,1e-05,-1.21218787181123
2023,230,3,29.6018858150811,1e-05,-1.90462418491891
2023,230,4,27.8089803804634,1e-05,-3.25014961953661
2023,230,5,28.0750521547356,1e-05,-2.20679784526443
2023,230,6,27.1020530420809,1e-05,-2.86121695791907
2023,230,7,28.8409306376909,0.053585465625198,-0.889609362309127
2023,230,8,28.9419176633771,0.0740096674925312,-1.10269233662294
2023,230,9,29.5535373508802,0.145227354016015,-1.47847264911976
2023,230,10,29.5794123385314,0.119648384485116,-1.74632766146857
2023,230,11,28.7441214862725,0.199870559127785,-3.04934851372753
2023,230,12,30.6408696924252,0.331633037155869,-2.97199030757482
2023,230,13,33.1247828835001,0.370277264754747,-2.98355711649989
2023,230,14,35.6882702482546,0.352666624996504,-2.60044975174539
2023,230,15,34.4812401940344,0.281948071227857,-3.16744980596555
2023,230,16,33.6360314220003,0.282695469258068,-5.07795857799969
2023,230,17,35.1299718235372,0.180333730488376,-3.38576817646283
2023,230,18,36.2069494671376,0.0216531736442669,-1.47039053286239
2023,230,19,34.8883883339858,1e-05,-2.35708166601422
2023,230,20,33.5866507270208,1e-05,-1.02489927297921
2023,230,21,32.1797632193645,1e-05,-2.04360678063548
2023,230,22,31.5400295895812,1e-05,-1.03006041041884
2023,230,23,31.4034370945761,1e-05,-1.0724029054239
2023,231,0,30.9332813618122,1e-05,-0.998018638187848
2023,231,1,21.4867224909604,1e-05,-9.51365750903957
2023,231,2,20.4573564178176,1e-05,-9.41553358218236
2023,231,3,19.8625428149695,1e-05,-9.28503718503046
2023,231,4,27.5260156901583,1e-05,-2.21356430984169
2023,231,5,27.9274260918545,1e-05,-1.53649390814552
2023,231,6,28.1590034373025,1e-05,-1.09026656269748
2023,231,7,27.5193319341827,0.0104059190408757,-1.62373806581728
2023,231,8,27.5322207729152,0.210369564420519,-1.74189922708477
2023,231,9,29.0057797576447,0.318316239840273,-2.00816024235528
2023,231,10,30.6314826234439,0.353895771952816,-1.94562737655606
2023,231,11,30.0723469861312,0.397595567605747,-1.01786301386876
2023,231,12,31.3285053840687,0.430304601083994,-0.828294615931345
2023,231,13,30.2549759522714,0.377163567523603,-1.11856404772855
2023,231,14,29.6752861272396,0.309954700535774,-1.25621387276035
2023,231,15,28.9680364923642,0.125129916475027,-1.02206350763578
2023,231,16,29.0958632515452,0.104213730505536,-0.903556748454815
2023,231,17,28.0959157089637,0.0490135947650276,-0.694664291036315
2023,231,18,27.820055291842,0.0077893287221358,-0.602234708157962
2023,231,19,27.0647957626733,1e-05,-0.824244237326674
2023,231,20,26.9534178216943,1e-05,-0.723232178305683
2023,231,21,26.662927648564,1e-05,-0.803592351436048
2023,231,22,26.2858058703474,1e-05,-0.753664129652634
2023,231,23,25.3302424377438,1e-05,-1.49909756225615
2023,232,0,26.1002557864475,1e-05,-0.914354213552546
2023,232,1,25.9945604083859,1e-05,-0.959049591614111
2023,232,2,25.8589245729443,1e-05,-1.04045542705565
2023,232,3,24.8092193759829,1e-05,-1.99300062401705
2023,232,4,18.0666790037506,1e-05,-8.59093099624936
2023,232,5,17.9064360533967,1e-05,-8.54330394660327
2023,232,6,24.7072190885352,1e-05,-1.91424091146477
2023,232,7,19.263992670368,1e-05,-7.35068732963203
2023,232,8,25.9488493304942,0.229571019763278,-1.42728066950584
2023,232,9,27.2586470879312,0.244863542006022,-1.58616291206878
2023,232,10,29.9773426076588,0.206101865210314,-1.94401739234123
2023,232,11,32.240673644206,0.342981619352969,-2.28467635579402
2023,232,12,32.0232052355547,0.281837419795113,-2.13438476444531
2023,232,13,33.0934044561161,0.295513197333543,-2.4064655438839
2023,232,14,34.3447691399018,0.245859680743765,-2.19547086009816
2023,232,15,34.0092904096689,0.159495550113722,-1.71950959033114
2023,232,16,33.721268742965,0.164150986453143,-1.71713125703499
2023,232,17,33.4418849932405,0.110546734841177,-1.23202500675947
2023,232,18,31.7831350039384,0.0964743891314796,-0.817624996061639
2023,232,19,30.1306991585191,1e-05,-0.60959084148093
2023,232,20,29.4058181753559,1e-05,-0.663641824644067
2023,232,21,29.2861071907785,1e-05,-0.749462809221516
2023,232,22,28.9437379758118,1e-05,-0.741612024188235
2023,232,23,28.502934635618,1e-05,-0.838965364381977
2023,233,0,28.1325400808304,1e-05,-0.852359919169558
2023,233,1,25.6191281708838,1e-05,-1.39097182911616
2023,233,2,25.804977494338,1e-05,-0.931602505662013
2023,233,3,25.2457275028896,1e-05,-0.765702497110375
2023,233,4,25.6305821955177,1e-05,-0.850817804482269
2023,233,5,18.1828366982948,1e-05,-7.48521330170517
2023,233,6,17.568221474905,1e-05,-7.33841852509504
2023,233,7,24.2199812535578,1e-05,-1.16939874644221
2023,233,8,24.2181497822369,0.0720035468461295,-1.16176021776307
2023,233,9,24.7765500514677,0.109963844180463,-1.22603994853235
2023,233,10,24.8879580175277,0.282171991640994,-1.21836198247232
2023,233,11,24.7259072782806,0.238126111350868,-1.44820272171937
2023,233,12,27.7058374815355,0.415384553104805,-0.689362518464524
2023,233,13,27.9164645868887,0.349864742856816,-1.34307541311133
2023,233,14,28.812735156572,0.278738002169085,-1.43659484342796
2023,233,15,28.8409766976818,0.242722556624,-1.36367330231818
2023,233,16,29.2730220073407,0.224929579162405,-1.31795799265932
2023,233,17,29.5174106858535,0.122410993128112,-1.23656931414649
2023,233,18,29.4317945173066,0.0546149847578555,-1.18220548269342
2023,233,19,29.2788361732474,1e-05,-0.92845382675257
2023,233,20,28.2072003991316,1e-05,-1.72669960086839
2023,233,21,25.1824540132713,1e-05,-1.00970598672866
2023,233,22,24.5676708500211,1e-05,-0.981389149978895
2023,233,23,22.9935760843898,1e-05,-1.60026391561025
2023,234,0,23.1638178468846,1e-05,-0.933252153115379
2023,234,1,15.2383224819472,1e-05,-7.64528751805277
2023,234,2,19.8358425197702,1e-05,-4.64391748022976
2023,234,3,21.2429860039706,1e-05,-2.69376399602941
2023,234,4,22.9116327226218,1e-05,-1.3573172773782
2023,234,5,23.2978874210549,1e-05,-0.964692578945087
2023,234,6,22.8585439199672,1e-05,-1.33090608003282
2023,234,7,22.7296829690806,0.118423802876913,-2.11971703091937
2023,234,8,25.5940140594401,0.313090977700147,-1.07719594055995
2023,234,9,27.5364480411501,0.355913079794712,-1.25416195884989
2023,234,10,30.1676842014073,0.400728798641263,-1.47674579859274
2023,234,11,31.9021019493412,0.401569646816813,-1.6995480506588
2023,234,12,33.3720443361544,0.393808847090094,-1.71808566384563
2023,234,13,33.8041423310699,0.376690720277924,-2.20476766893015
2023,234,14,34.7790097554439,0.351331030796102,-2.67594024455614
2023,234,15,34.8710779302075,0.328434121093849,-2.9878620697925
2023,234,16,34.4373851605873,0.298463829929132,-2.53121483941268
2023,234,17,34.7034319641593,0.225936202674816,-2.23719803584075
2023,234,18,34.6113814690041,0.101955752090865,-1.69654853099593
2023,234,19,33.0659065245933,0.0190076327179389,-0.973583475406741
2023,234,20,32.5226204118003,1e-05,-0.995199588199654
2023,234,21,32.0154691560556,1e-05,-1.07315084394443
2023,234,22,21.9788243235419,1e-05,-9.85037567645811
2023,234,23,30.3442814049979,1e-05,-1.18030859500213
2023,235,0,29.415380128551,1e-05,-1.928439871449
2023,235,1,21.0631218435809,1e-05,-9.37463815641906
2023,235,2,28.2576635391151,1e-05,-1.18365646088492
2023,235,3,27.8159205955998,1e-05,-1.91235940440017
2023,235,4,18.2954277823831,1e-05,-9.10782221761691
2023,235,5,24.1543595497319,1e-05,-2.77620045026805
2023,235,6,17.2908612298705,1e-05,-8.8497487701295
2023,235,7,26.0654442501596,0.108816000104243,-2.00241574984038
2023,235,8,27.8167509309897,0.270905142553516,-2.73855906901029
2023,235,9,30.0181372894156,0.307625881012821,-3.13345271058441
2023,235,10,32.5994085234632,0.357995715437692,-2.42777147653683
2023,235,11,33.845368216241,0.366509235553755,-2.43077178375902
2023,235,12,35.3921931964125,0.354727000294914,-2.66541680358748
2023,235,13,36.2233049635886,0.335971350328234,-2.38851503641138
2023,235,14,36.1673801784681,0.323821105925882,-2.78685982153194
2023,235,15,35.0533696849537,0.246072865372072,-2.86362031504632
2023,235,16,35.5305489394724,0.247549488226253,-2.91918106052763
2023,235,17,34.5942661730248,0.137030899481818,-2.00427382697519
2023,235,18,34.3626709995925,0.0878537388914831,-1.65974900040751
2023,235,19,34.0588617045218,1e-05,-1.06442829547819
2023,235,20,33.3475137088026,1e-05,-1.21849629119738
2023,235,21,32.9158536392905,1e-05,-1.11682636070947
2023,235,22,32.3772445086193,1e-05,-0.940635491380711
2023,235,23,31.7899396289057,1e-05,-1.09465037109434
2023,236,0,31.1382782114289,1e-05,-0.95777178857108
2023,236,1,29.1594230466321,1e-05,-0.975566953367892
2023,236,2,28.9417853329282,1e-05,-0.960474667071779
2023,236,3,28.7379078811832,1e-05,-1.05589211881676
2023,236,4,28.5077934622313,1e-05,-1.03294653776874
2023,236,5,28.0789146996037,1e-05,-1.04155530039627
2023,236,6,27.8873131346107,1e-05,-1.03432686538926
2023,236,7,28.2055142121967,0.0243966233679416,-0.890105787803325
2023,236,8,29.4324662064074,0.28718557478231,-1.6763737935926
2023,236,9,30.0988271182934,0.327154380480919,-1.84328288170661
2023,236,10,31.6296136715155,0.377521986202114,-1.7838663284845
2023,236,11,31.7827268956621,0.372929466937538,-2.25665310433791
2023,236,12,33.1446021105901,0.385889234947341,-2.01988788940989
2023,236,13,33.7481449883668,0.377121091852169,-2.4414150116332
2023,236,14,34.6421531686506,0.355983692198436,-2.44224683134937
2023,236,15,34.4182538477365,0.333527258785146,-3.13130615226354
2023,236,16,35.3449283480846,0.282962500949191,-3.01661165191543
2023,236,17,33.7791544506682,0.218051546423175,-4.7798055493318
2023,236,18,35.8119730951405,0.0851232670318748,-2.50771690485952
2023,236,19,34.7331064535673,1e-05,-2.03504354643265
2023,236,20,34.1441096651264,1e-05,-1.96511033487357
2023,236,21,33.330423629491,1e-05,-1.90722637050902
2023,236,22,32.6900679152629,1e-05,-1.88073208473708
2023,236,23,32.7307425948486,1e-05,-1.35129740515136
2023,237,0,22.2779038723376,1e-05,-9.78218612766242
2023,237,1,25.4798476405739,1e-05,-6.27069235942614
2023,237,2,21.0659131182317,1e-05,-9.74692688176827
2023,237,3,20.1210196065476,1e-05,-9.60500039345245
2023,237,4,19.2207582934969,1e-05,-9.4161817065031
2023,237,5,19.2313066022685,1e-05,-9.29266339773153
2023,237,6,24.3665557390613,1e-05,-3.65353426093871
2023,237,7,25.6779000559229,0.1158072934413,-4.71466994407707
2023,237,8,31.0893420933043,0.256444030180594,-2.05505790669568
2023,237,9,32.6514355980161,0.317380941301519,-2.45820440198388
2023,237,10,33.66844758157,0.340083145695443,-2.80795241842996
2023,237,11,35.250012919968,0.341608685412055,-2.72056708003197
2023,237,12,36.2847310910652,0.334731795384783,-2.81258890893484
2023,237,13,37.1210425935447,0.317458520506383,-3.37139740645529
2023,237,14,37.880870443945,0.297449788192085,-2.91197955605499
2023,237,15,37.4729592365473,0.283295614958991,-3.55932076345271
2023,237,16,38.4831507065877,0.239742597330129,-3.64042929341229
2023,237,17,37.977471871351,0.183720431159952,-3.54952812864899
2023,237,18,38.842341730871,0.0747455511093301,-2.41129826912901
2023,237,19,38.2686504763447,1e-05,-1.3306095236553
2023,237,20,37.6332144605038,1e-05,-1.3744955394962
2023,237,21,37.5734086790142,1e-05,-1.31424132098576
2023,237,22,35.8810901166219,1e-05,-1.3407998833781
2023,237,23,30.1224486672303,1e-05,-5.54411133276975
2023,238,0,33.3048535388075,1e-05,-2.04108646119251
2023,238,1,22.383932738204,1e-05,-10.769287261796
2023,238,2,32.9206548117058,1e-05,-1.05549518829423
2023,238,3,32.1310768337667,1e-05,-1.31408316623332
2023,238,4,30.888503695087,1e-05,-1.18280630491296
2023,238,5,29.8031862041785,1e-05,-1.74399379582152
2023,238,6,29.1977116715713,1e-05,-1.79136832842869
2023,238,7,30.8268183137558,0.109140479513443,-1.74843168624417
2023,238,8,31.5291026327435,0.170696469852544,-2.07493736725651
2023,238,9,33.2802328835594,0.267056952820212,-2.5640171164406
2023,238,10,35.1994169514885,0.326533346086211,-2.54627304851154
2023,238,11,34.4601915029883,0.268355294819694,-2.72371849701171
2023,238,12,36.8698509878116,0.33754706081876,-2.73971901218844
2023,238,13,37.0239902520763,0.307592162935607,-3.04595974792369
2023,238,14,37.4614534246915,0.307318303127677,-3.29752657530851
2023,238,15,37.9508897116286,0.28149673404539,-3.72061028837143
2023,238,16,38.2491875901974,0.24317445987009,-3.84244240980258
2023,238,17,37.9211954851337,0.185764114859769,-4.0362245148663
2023,238,18,38.1981270096385,0.0757454047073515,-1.75558299036154
2023,238,19,37.9470549892703,1e-05,-1.19655501072968
2023,238,20,36.9358469852996,1e-05,-1.51651301470038
2023,238,21,35.0990707838558,1e-05,-0.938039216144197
2023,238,22,34.0369629631363,1e-05,-1.07913703686368
2023,238,23,33.1572352636672,1e-05,-1.19420473633283
2023,239,0,32.3993035264597,1e-05,-1.13167647354028
2023,239,1,31.2959260926775,1e-05,-1.23413390732248
2023,239,2,29.6157526973919,1e-05,-2.22967730260806
2023,239,3,29.7418013862115,1e-05,-1.7353386137885
2023,239,4,28.366276694912,1e-05,-2.94139330508796
2023,239,5,27.3971842403854,1e-05,-3.52185575961458
2023,239,6,20.2225355466724,1e-05,-9.31142445332758
2023,239,7,28.8449319147478,0.106275826211676,-2.61412808525216
2023,239,8,31.7975112915662,0.255805987867225,-2.67318870843384
2023,239,9,33.2996793464614,0.313830106958113,-2.34389065353857
2023,239,10,34.685688705683,0.336541616255076,-2.86043129431701
2023,239,11,35.5537641769861,0.341659530534324,-2.87915582301392
2023,239,12,37.5273933785162,0.324166879939453,-3.13342662148382
2023,239,13,38.0029033808952,0.307740316802153,-3.23267661910484
2023,239,14,37.9847146752361,0.300241222756009,-3.30054532476388
2023,239,15,37.8310115771031,0.282600588378446,-4.07766842289687
2023,239,16,38.8598740749684,0.23761034874911,-3.77930592503158
2023,239,17,38.8588253208163,0.179554488455674,-4.11823467918369
2023,239,18,39.8904835885316,0.0619792988866309,-2.01141641146844
2023,239,19,38.5710547655938,1e-05,-1.3751452344062
2023,239,20,36.9815628143837,1e-05,-0.836307185616306
2023,239,21,36.0291575001288,1e-05,-1.06864249987123
2023,239,22,34.5765021468678,1e-05,-1.98683785313224
2023,239,23,24.8129565201084,1e-05,-9.75868347989157
2023,240,0,30.6964282922994,1e-05,-3.36106170770063
2023,240,1,31.3068412940775,1e-05,-2.19932870592251
2023,240,2,32.3168509710361,1e-05,-1.76096902896391
2023,240,3,32.4055502440606,1e-05,-1.36723975593944
2023,240,4,30.2854130172485,1e-05,-1.9328369827515
2023,240,5,29.8224079597228,1e-05,-1.96654204027723
2023,240,6,28.9803364657902,1e-05,-1.84380353420979
2023,240,7,31.2535204936568,0.112734113882898,-1.82107950634317
2023,240,8,33.2574623261251,0.240196657617169,-2.61552767387492
2023,240,9,34.940698011798,0.291134431010762,-2.70483198820205
2023,240,10,36.1373052394069,0.311730286096482,-2.96608476059307
2023,240,11,37.2970098789466,0.312442194261865,-3.30055012105343
2023,240,12,38.6237700437507,0.299353469536818,-3.36395995624932
2023,240,13,38.9118899341433,0.264533558272673,-3.74376006585668
2023,240,14,40.0500927146259,0.248382398407739,-3.75592728537409
2023,240,15,40.5013136099994,0.180464221457828,-3.61866639000063
2023,240,16,41.1863230630978,0.175832015972852,-3.46219693690225
2023,240,17,41.2247300379318,0.156375299586746,-3.50532996206817
2023,240,18,41.4080518993039,0.0688516967844291,-2.50411810069608
2023,240,19,39.9707169149293,1e-05,-1.5110830850707
2023,240,20,38.6357844438597,1e-05,-1.30745555614028
2023,240,21,32.550194370892,1e-05,-5.141915629108
2023,240,22,35.7186526619286,1e-05,-1.47924733807145
2023,240,23,34.6488974517542,1e-05,-1.91781254824582
2023,241,0,33.3929644545683,1e-05,-2.47053554543167
2023,241,1,33.9446167925078,1e-05,-1.05612320749223
2023,241,2,32.9214976386711,1e-05,-1.13144236132889
2023,241,3,31.7981967008176,1e-05,-1.34871329918244
2023,241,4,30.4625697236827,1e-05,-1.93870027631734
2023,241,5,28.506745467464,1e-05,-3.16018453253604
2023,241,6,29.8801461604208,1e-05,-1.26484383957917
2023,241,7,30.7529053148331,0.115167212522534,-1.6076946851669
2023,241,8,32.1457386833881,0.259855540936728,-2.53043131661193
2023,241,9,33.2449139569604,0.320992812704547,-2.51776604303958
2023,241,10,35.8735141258183,0.328711400477833,-2.74780587418172
2023,241,11,36.9103771677508,0.332669057693839,-2.89578283224924
2023,241,12,37.755185348786,0.326410401155779,-3.15386465121402
2023,241,13,38.2772305571555,0.316197122177117,-3.17743944284445
2023,241,14,38.4904638501323,0.292561058711275,-4.03032614986775
2023,241,15,38.650354199075,0.253216070977632,-4.31089580092501
2023,241,16,37.5026530332264,0.175813548668252,-5.59041696677355
2023,241,17,36.9976791753293,0.195792573283297,-6.02455082467073
2023,241,18,40.3028880352789,0.0641116028015878,-2.74193196472115
2023,241,19,39.5986275698638,1e-05,-1.62472243013623
2023,241,20,37.4444655736416,1e-05,-2.15996442635841
2023,241,21,25.3213101874643,1e-05,-11.3274098125357
2023,241,22,25.9462655003271,1e-05,-11.8687344996729
2023,241,23,35.3871219940518,1e-05,-2.2378280059482
2023,242,0,29.7713853929557,1e-05,-7.50094460704426
2023,242,1,22.3757454073032,1e-05,-10.5406945926968
2023,242,2,29.8937376993724,1e-05,-2.27706230062758
2023,242,3,30.8719908734311,1e-05,-2.06478912656891
2023,242,4,31.0818337307654,1e-05,-2.10348626923464
2023,242,5,31.555943422719,1e-05,-1.93892657728101
2023,242,6,29.3894764732436,1e-05,-3.72128352675638
2023,242,7,28.1354414167601,0.0109386100946866,-3.54052858323993
2023,242,8,28.8461216564922,0.0832041257097914,-3.96185834350783
2023,242,9,32.0102991146631,0.339428331001392,-2.84586088533692
2023,242,10,33.4344754264656,0.355131415185112,-2.79016457353443
2023,242,11,34.2645795313007,0.36564978431542,-2.80141046869928
2023,242,12,35.8597430156005,0.355026044327544,-2.97972698439953
2023,242,13,35.8315884378263,0.35304011878303,-3.11813156217373
2023,242,14,37.1881535538139,0.320819667700425,-3.79492644618615
2023,242,15,37.3940005575169,0.296494674618043,-3.75302944248313
2023,242,16,37.8972961846586,0.253862376586025,-3.76969381534138
2023,242,17,38.5859636238826,0.182578755372959,-3.25268637611737
2023,242,18,39.5254512512757,0.0627721812565277,-1.9548187487243
2023,242,19,38.2270746699825,1e-05,-1.29412533001749
2023,242,20,25.7166542263939,1e-05,-11.3501457736061
2023,242,21,24.6016666781889,1e-05,-10.9853433218111
2023,242,22,35.6893992383233,1e-05,-1.41164076167666
2023,242,23,34.2145024712176,1e-05,-1.09459752878243
2023,243,0,29.6036885859012,1e-05,-4.80911141409876
2023,243,1,32.4863399834916,1e-05,-1.15992001650838
2023,243,2,31.4567555365053,1e-05,-1.2766644634947
2023,243,3,30.8435254654671,1e-05,-1.18492453453292
2023,243,4,25.6437780642869,1e-05,-5.0289719357131
2023,243,5,26.9524495170618,1e-05,-3.43334048293822
2023,243,6,20.1553312370886,1e-05,-9.94576876291143
2023,243,7,29.0686607962963,0.0939301524615792,-2.72932920370365
2023,243,8,30.7754461395426,0.252693477844928,-2.71264386045738
2023,243,9,31.9479731964525,0.306972215151471,-2.50875680354746
2023,243,10,31.8553292482489,0.14898485123496,-2.26149075175105
2023,243,11,32.0237680327347,0.337638636147134,-2.65504196726528
2023,243,12,31.2891119329792,0.306805731512595,-2.55867806702084
2023,243,13,33.8679270565286,0.373316151678585,-2.72292294347136
2023,243,14,36.4429855783793,0.337155365300838,-2.96313442162072
2023,243,15,36.6763036707514,0.307222477591433,-3.30006632924856
2023,243,16,37.0670487059572,0.267078058904918,-3.11602129404279
2023,243,17,37.0700508986365,0.197949121071001,-2.80349910136354
2023,243,18,37.6228604638955,0.0634696090657825,-1.78632953610451
2023,243,19,36.959583676875,1e-05,-0.893266323124969
2023,243,20,36.2105565757371,1e-05,-0.908703424262924
2023,243,21,25.7594614667602,1e-05,-0.439858533239832
2023,243,22,24.8890251532642,1e-05,-0.597704846735791
2023,243,23,24.3219818663114,1e-05,-1.63929813368856
2023,244,0,22.6785335295799,1e-05,-0.728506470420122
2023,244,1,23.9259177138165,1e-05,-0.992632286183468
2023,244,2,23.476710237963,1e-05,-0.814849762036975
2023,244,3,22.5721963228309,1e-05,-1.58602367716911
2023,244,4,23.1493175570537,1e-05,-1.42924244294629
2023,244,5,22.0384948993764,1e-05,-3.66548510062355
2023,244,6,23.8203975259524,1e-05,-0.846292474047626
2023,244,7,23.8091502878992,0.0290326527707483,-1.0812697121008
2023,244,8,25.2181427681779,0.267762809661131,-1.04708723182213
2023,244,9,24.6844779920623,0.224895366988781,-1.65909200793772
2023,244,10,26.0407624334461,0.240553952253998,-1.20435756655387
2023,244,11,26.9661113790434,0.206906198869516,-1.34774862095661
2023,244,12,26.6453270794562,0.0525256105466183,-0.66531292054378
2023,244,13,26.1096014323964,0.25445949351434,-0.891488567603552
2023,244,14,26.5526701945493,0.321492023655485,-0.961329805450745
2023,244,15,26.1621710388032,0.276761853546701,-2.15394896119676
2023,244,16,28.0751156095897,0.318397594602838,-1.58766439041027
2023,244,17,26.1209624607595,0.199115264243115,-3.56181753924053
2023,244,18,27.3373299862113,1e-05,-1.62724001378865
2023,244,19,25.6486173196217,1e-05,-2.91601268037833
2023,244,20,19.8193390838984,1e-05,-8.66396091610163
2023,244,21,19.0004360806463,1e-05,-8.47060391935373
2023,244,22,18.4488478766264,1e-05,-8.34597212337361
2023,244,23,18.3773835107446,1e-05,-7.55575648925537
2023,245,0,18.6224423543578,1e-05,-7.3822276456422
2023,245,1,17.9004089268147,1e-05,-7.09538107318534
2023,245,2,17.5538140907605,1e-05,-7.51497590923952
2023,245,3,17.6104080523774,1e-05,-7.50823194762262
2023,245,4,17.7037808231326,1e-05,-7.58887917686742
2023,245,5,23.2112511912646,1e-05,-1.71018880873545
2023,245,6,20.831995468721,1e-05,-3.063824531279
2023,245,7,24.3661066376948,0.103999485435786,-1.17513336230516
2023,245,8,25.334808497428,0.335382221480852,-1.058861502572
2023,245,9,27.7224787750135,0.42103620316759,-0.760841224986475
2023,245,10,29.1488559790031,0.436918416698705,-0.793104020996882
2023,245,11,30.7952607025208,0.443483908758755,-0.934089297479208
2023,245,12,31.4929927000244,0.448433595718089,-0.83920729997558
2023,245,13,31.9279603476834,0.437396136528929,-1.06316965231657
2023,245,14,31.9473591780088,0.40207395843712,-1.52739082199124
2023,245,15,31.4298989137449,0.294833003355934,-2.02465108625506
2023,245,16,31.4397379330966,0.286990570327197,-2.33637206690336
2023,245,17,32.1843332899897,0.223054336177889,-2.38804671001026
2023,245,18,32.0313008638213,1e-05,-0.892779136178667
2023,245,19,31.038244462956,1e-05,-0.775255537043996
2023,245,20,28.3815604891925,1e-05,-0.732129510807482
2023,245,21,27.5409375330044,1e-05,-1.01014246699563
2023,245,22,27.1617182032603,1e-05,-1.00298179673965
2023,245,23,26.8136884078611,1e-05,-0.92623159213888
2023,246,0,24.3453979836274,1e-05,-2.52235201637258
2023,246,1,25.7288459445323,1e-05,-0.939614055467747
2023,246,2,17.6795393077953,1e-05,-7.9319006922047
2023,246,3,24.7098050417448,1e-05,-1.3159449582552
2023,246,4,24.1520254819967,1e-05,-1.37339451800331
2023,246,5,22.1639828634022,1e-05,-2.55013713659778
2023,246,6,15.7418273512322,1e-05,-7.81489264876778
2023,246,7,23.9645940678904,0.133026466859118,-1.8845959321096
2023,246,8,26.4285714824863,0.306285575510824,-1.20142851751374
2023,246,9,28.1844769500457,0.378273140127917,-1.53705304995429
2023,246,10,30.041549979616,0.407155389685642,-1.47062002038402
2023,246,11,31.2405504241815,0.41378373272041,-1.50270957581851
2023,246,12,32.2375426890861,0.408740700323437,-1.50941731091387
2023,246,13,32.6019702091946,0.397891977473626,-1.74217979080536
2023,246,14,33.0756303721255,0.378364397346081,-2.14572962787446
2023,246,15,33.4827044771359,0.347923735516112,-2.49682552286414
2023,246,16,33.2939875043493,0.302793944961144,-2.83126249565072
2023,246,17,33.6504788798471,0.220022011590591,-2.45878112015288
2023,246,18,34.1260213621762,0.0645882701089103,-1.5332886378238
2023,246,19,33.0657310363817,1e-05,-1.05086896361827
2023,246,20,32.4950710847452,1e-05,-1.07113891525483
2023,246,21,31.7895763042919,1e-05,-1.17657369570809
2023,246,22,29.7411087878646,1e-05,-2.13822121213537
2023,246,23,25.6905090790568,1e-05,-3.00517092094316
2023,247,0,20.1400988099124,1e-05,-9.75538119008764
2023,247,1,18.1624104061005,1e-05,-9.36150959389949
2023,247,2,18.1914736136897,1e-05,-9.55267638631026
2023,247,3,17.4140982742375,1e-05,-9.12595172576251
2023,247,4,19.0019711744174,1e-05,-9.18548882558262
2023,247,5,21.0408543543174,1e-05,-5.37304564568258
2023,247,6,26.0232644110561,1e-05,-1.42716558894386
2023,247,7,23.4765291961819,0.109458525131431,-3.89545080381806
2023,247,8,27.0682781173365,0.290581605634094,-2.33248188266349
2023,247,9,29.3152102490731,0.367316286629338,-1.76641975092686
2023,247,10,30.2538247140514,0.404586068439742,-1.62037528594862
2023,247,11,31.3536676260896,0.412658152952851,-1.43881237391036
2023,247,12,32.1122159271997,0.400010936381392,-1.7484140728003
2023,247,13,32.9430217808455,0.390901140294742,-1.79257821915451
2023,247,14,33.6988643539758,0.363917081436689,-2.36120564602422
2023,247,15,33.1105743834574,0.324320847990267,-2.9731456165426
2023,247,16,33.2561153388983,0.301412876268955,-2.72336466110166
2023,247,17,33.5872332843133,0.213290189165956,-2.42363671568669
2023,247,18,33.6065481609784,0.0641925924468453,-1.44806183902159
2023,247,19,32.7918640877897,1e-05,-1.03070591221033
2023,247,20,32.0865229142757,1e-05,-1.14622708572428
2023,247,21,30.8813201732867,1e-05,-1.19005982671334
2023,247,22,29.313099337875,1e-05,-1.42744066212503
2023,247,23,29.5697635817946,1e-05,-1.06457641820545
2023,248,0,28.6754789581009,1e-05,-1.29231104189908
2023,248,1,23.9290867946141,1e-05,-4.6039132053859
2023,248,2,19.1052494092459,1e-05,-6.32213059075414
2023,248,3,14.7498691480972,1e-05,-10.1486308519028
2023,248,4,13.1356074439646,1e-05,-10.0615325560354
2023,248,5,16.9169456421566,1e-05,-5.97053435784337
2023,248,6,18.7197229305258,1e-05,-3.67049706947418
2023,248,7,22.3877436648373,0.119115356559997,-1.88076633516271
2023,248,8,24.4798862959609,0.272235724946456,-1.36265370403914
2023,248,9,27.6278373312606,0.336654958255751,-1.84064266873943
2023,248,10,28.9372358561727,0.364787168272947,-1.84087414382729
2023,248,11,30.3790783798563,0.387617713468285,-1.76101162014373
2023,248,12,31.7058018567432,0.383787986960408,-2.01962814325679
2023,248,13,32.654453164822,0.370838701686829,-2.29300683517804
2023,248,14,33.5329741510592,0.342039379223954,-2.98634584894076
2023,248,15,33.4348885862136,0.321783094341988,-3.45716141378644
2023,248,16,33.0974772288278,0.279603694335832,-4.02735277117222
2023,248,17,34.1286313509336,0.199546139392534,-3.25112864906644
2023,248,18,34.1788588226313,0.0493607895217117,-3.01107117736868
2023,248,19,33.1822854564406,1e-05,-1.51451454355936
2023,248,20,32.0942355958889,1e-05,-1.43443440411113
2023,248,21,31.2323202736233,1e-05,-1.32485972637668
2023,248,22,30.7653781818074,1e-05,-1.30600181819261
2023,248,23,30.4654588366303,1e-05,-1.15854116336973
2023,249,0,27.3717459372218,1e-05,-2.33168406277825
2023,249,1,16.1471403715077,1e-05,-11.0369396284923
2023,249,2,15.1233828014093,1e-05,-10.6934171985907
2023,249,3,12.7167432673229,1e-05,-10.6761167326771
2023,249,4,12.4048586487087,1e-05,-10.9030313512913
2023,249,5,12.1947004238356,1e-05,-11.0634695761644
2023,249,6,11.4013213144543,1e-05,-10.8419886855457
2023,249,7,22.6882481078445,0.101559054244719,-2.56800189215552
2023,249,8,25.6143301747731,0.245684804881214,-2.11820982522685
2023,249,9,28.4942307503791,0.315096365126464,-2.28700924962092
2023,249,10,29.8578777611333,0.350025252074305,-2.28421223886671
2023,249,11,30.9014712841132,0.365023777568365,-3.18092871588677
2023,249,12,32.8741446700518,0.363661648980386,-2.72398532994816
2023,249,13,33.7581420457216,0.356048567665617,-2.86598795427842
2023,249,14,34.206120909468,0.339713437822279,-3.29543909053195
2023,249,15,33.8590005133083,0.319996151401449,-3.7884994866917
2023,249,16,34.200041049401,0.274296352802849,-3.90528895059902
2023,249,17,34.4399345401665,0.195184894255437,-3.7786354598335
2023,249,18,33.8439311808596,0.0533809280509799,-3.79234881914036
2023,249,19,33.4705823100585,1e-05,-2.16925768994148
2023,249,20,32.3875172531928,1e-05,-1.58403274680717
2023,249,21,32.2494333677405,1e-05,-1.51431663225948
2023,249,22,31.6968669518435,1e-05,-1.60369304815654
2023,249,23,16.608499718796,1e-05,-12.060070281204
2023,250,0,15.0211192973836,1e-05,-11.5180907026164
2023,250,1,13.9065079494424,1e-05,-11.0174020505575
2023,250,2,12.7680110516764,1e-05,-10.6777589483236
2023,250,3,12.5453856223853,1e-05,-10.6766143776147
2023,250,4,21.3163927384765,1e-05,-3.52170726152347
2023,250,5,12.7943754167021,1e-05,-11.3995445832979
2023,250,6,11.9722371116592,1e-05,-11.2927128883408
2023,250,7,19.4266262669022,0.0882526094663967,-5.29167373309778
2023,250,8,24.8637450350702,0.241229353713102,-2.02027496492977
2023,250,9,28.4766958497004,0.312056879443644,-2.72709415029962
2023,250,10,30.8333513261988,0.34452881354626,-2.73007867380124
2023,250,11,31.7268656640873,0.358305201825533,-3.57086433591271
2023,250,12,33.4767120246149,0.353653321765337,-3.49510797538511
2023,250,13,34.6231797833679,0.341096014096608,-3.5068902166321
2023,250,14,35.0027583322698,0.32633893286306,-3.75345166773022
2023,250,15,35.1551338327339,0.300333044030278,-3.93335616726606
2023,250,16,35.9231009999057,0.253096427152675,-3.95012900009428
2023,250,17,36.400457022594,0.17599998987787,-3.154842977406
2023,250,18,36.9534596442165,0.0494411190942664,-2.02823035578354
2023,250,19,35.8793097934689,1e-05,-1.43632020653114
2023,250,20,34.9951187091832,1e-05,-1.62156129081681
2023,250,21,19.605626720074,1e-05,-12.178643279926
2023,250,22,32.1400644669684,1e-05,-2.35802553303158
2023,250,23,20.2099442905696,1e-05,-12.0489757094304
2023,251,0,18.8739797044064,1e-05,-11.5886402955936
2023,251,1,17.3424062977521,1e-05,-11.2922737022479
2023,251,2,15.6195471070659,1e-05,-11.5316628929341
2023,251,3,16.8125637986177,1e-05,-11.5083262013823
2023,251,4,26.0225525270566,1e-05,-2.07268747294345
2023,251,5,27.1913709893874,1e-05,-1.35326901061258
2023,251,6,24.9221188148082,1e-05,-2.23939118519175
2023,251,7,20.7608426729874,0.0566426029479179,-7.03990732701257
2023,251,8,34.9807309598914,0.238688404598376,2.85495095989138
2023,251,9,30.2623616192586,0.303277349571369,-2.72603838074136
2023,251,10,31.8877595746288,0.324453998899516,-3.0132704253712
2023,251,11,33.4864695554685,0.341976630856189,-3.1119104445315
2023,251,12,34.4613177235477,0.334996054631724,-3.12660227645233
2023,251,13,35.856463001537,0.321062593461604,-3.13610699846296
2023,251,14,36.5270190220522,0.305294397752392,-3.62210097794779
2023,251,15,36.7315384046974,0.285521836460643,-3.89830159530257
2023,251,16,37.7769900885968,0.238390642161993,-3.61442991140319
2023,251,17,37.631823283486,0.163539454161813,-3.47978671651398
2023,251,18,38.3199369424949,0.0335303963156752,-1.82466305750506
2023,251,19,37.6616198497711,1e-05,-1.23430015022894
2023,251,20,36.8945607674817,1e-05,-1.20144923251832
2023,251,21,31.6948249180604,1e-05,-4.53136508193957
2023,251,22,31.3091013469385,1e-05,-3.94334865306152
2023,251,23,31.9875900862002,1e-05,-2.84264991379982
2023,252,0,20.5165593828231,1e-05,-11.1571506171769
2023,252,1,22.2461583430764,1e-05,-11.2306416569236
2023,252,2,31.2610728231672,1e-05,-1.40229717683276
2023,252,3,19.2197189710107,1e-05,-10.5243710289893
2023,252,4,17.0531023056406,1e-05,-10.4213776943594
2023,252,5,16.5181685861931,1e-05,-10.2272214138069
2023,252,6,16.0549427140163,1e-05,-10.3766972859837
2023,252,7,23.5116991595258,0.087678283875592,-5.89394084047419
2023,252,8,28.9250836235912,0.237529235587776,-3.46272637640877
2023,252,9,31.0189061282946,0.304419411887753,-2.76278387170541
2023,252,10,33.1227408869802,0.328315517218509,-3.0122891130198
2023,252,11,34.6153995731145,0.333192558583165,-3.29305042688554
2023,252,12,35.7943638460634,0.326995165059997,-3.41754615393661
2023,252,13,37.6053977492608,0.303310205108323,-3.44043225073923
2023,252,14,38.1555746273042,0.284903013579345,-4.48267537269582
2023,252,15,38.1363825754923,0.26385535366009,-4.52444742450767
2023,252,16,39.1157614994194,0.217522854960188,-4.02166850058055
2023,252,17,39.4907828961884,0.151045970182489,-3.69297710381164
2023,252,18,40.4076714898578,0.0254053898480527,-1.89401851014223
2023,252,19,38.8314005704506,1e-05,-1.51712942954937
2023,252,20,38.1059230636692,1e-05,-1.6072469363308
2023,252,21,29.5471064519721,1e-05,-7.64058354802791
2023,252,22,33.3514540108855,1e-05,-2.92704598911446
2023,252,23,22.7607949664172,1e-05,-11.5610550335828
2023,253,0,27.3338021924565,1e-05,-5.05390780754355
2023,253,1,20.0619102681062,1e-05,-11.0921197318938
2023,253,2,18.6729074763219,1e-05,-10.7797125236781
2023,253,3,19.1018881663684,1e-05,-10.7709018336316
2023,253,4,17.9854429141275,1e-05,-10.4030870858724
2023,253,5,17.6636807291377,1e-05,-10.4995192708623
2023,253,6,17.3822074612615,1e-05,-10.2884225387385
2023,253,7,28.5445153680316,0.0921988910247906,-1.73979463196839
2023,253,8,26.4112762920779,0.16320748292678,-4.3812637079221
2023,253,9,32.1714119042704,0.248163619465314,-2.77961809572956
2023,253,10,33.820517515294,0.325243438967885,-2.993242484706
2023,253,11,35.4834790986033,0.327314320784691,-3.12982090139673
2023,253,12,36.2847158526584,0.319240407893008,-3.67918414734157
2023,253,13,36.8788018844819,0.3115256518301,-4.80625811551815
2023,253,14,38.2637129908102,0.289675185413225,-4.03588700918976
2023,253,15,38.6082620817163,0.163170003042605,-3.37774791828375
2023,253,16,38.5757513560695,0.166703527087406,-3.0619186439305
2023,253,17,38.2414128382299,0.0728901050200709,-1.75188716177005
2023,253,18,37.0214127486681,1e-05,-1.59573725133188
2023,253,19,35.5686849095185,1e-05,-1.58929509048146
2023,253,20,31.260915196651,1e-05,-5.08225480334896
2023,253,21,33.4626774310268,1e-05,-2.42434256897323
2023,253,22,23.3208504684692,1e-05,-11.3147895315308
2023,253,23,33.2554589010203,1e-05,-1.5182910989797
2023,254,0,32.4730250354259,1e-05,-1.27797496457414
2023,254,1,31.7219403221917,1e-05,-1.32328967780832
2023,254,2,29.4912556747058,1e-05,-2.5597943252942
2023,254,3,30.0013879406672,1e-05,-1.3040220593328
2023,254,4,19.1588431241721,1e-05,-10.6801468758279
2023,254,5,25.7444871783566,1e-05,-3.9815328216434
2023,254,6,28.5069721661132,1e-05,-1.06765783388677
2023,254,7,28.3059315867016,1e-05,-1.16250841329837
2023,254,8,28.0359397781623,0.101752201889322,-1.57032022183766
2023,254,9,28.8158854259103,0.232256950993264,-2.11896457408966
2023,254,10,31.0664765338626,0.320388915830219,-2.25527346613738
2023,254,11,32.7362450434786,0.348698015654068,-2.43908495652137
2023,254,12,35.0106651585983,0.350343762023568,-2.20311484140169
2023,254,13,34.5399001888014,0.329842935320685,-2.59524981119858
2023,254,14,35.902629220224,0.315455574266952,-2.60720077977602
2023,254,15,36.1683980535674,0.297256457946625,-2.63757194643263
2023,254,16,35.8825689598086,0.246790888600693,-2.58393104019139
2023,254,17,36.1633239570743,0.167537877295537,-2.23059604292572
2023,254,18,35.9313514963376,0.0280093181530427,-1.03977850366238
2023,254,19,34.952827678563,1e-05,-1.07280232143702
2023,254,20,34.5057029117758,1e-05,-0.928337088224183
2023,254,21,33.1150149597482,1e-05,-1.23191504025176
2023,254,22,22.4935634151782,1e-05,-10.8813065848218
2023,254,23,21.8960216479785,1e-05,-10.7605783520215
2023,255,0,31.6134118153603,1e-05,-1.41147818463967
2023,255,1,31.3804267552878,1e-05,-1.30328324471215
2023,255,2,31.1326918374882,1e-05,-1.04262816251184
2023,255,3,30.4577509298991,1e-05,-1.24307907010095
2023,255,4,20.1087511536566,1e-05,-10.3448288463434
2023,255,5,19.8198018416927,1e-05,-10.1931781583073
2023,255,6,19.1492052911387,1e-05,-10.1678447088613
2023,255,7,26.7105846694668,1e-05,-2.92505533053322
2023,255,8,28.1319106287538,0.17006704582736,-1.23936937124619
2023,255,9,29.0161279588152,0.368072684308053,-1.14371204118476
2023,255,10,28.7283413332977,0.319252256033876,-1.23718866670231
2023,255,11,28.8943427123969,0.335877278790498,-1.32070728760314
2023,255,12,31.4513904136184,0.41676456530582,-1.0054995863816
2023,255,13,32.1311356500579,0.396951129278855,-1.47226434994214
2023,255,14,32.9591207572684,0.364574496959752,-2.12984924273163
2023,255,15,32.7083777074607,0.337251913088962,-2.69738229253934
2023,255,16,31.4742085990827,0.253153699963138,-1.75386140091731
2023,255,17,31.4820832727481,0.055825372584214,-1.02237672725192
2023,255,18,30.9685849044719,0.0736011792704318,-1.1366250955281
2023,255,19,28.2295015801112,1e-05,-0.868378419888813
2023,255,20,27.6585126172155,1e-05,-0.820257382784504
2023,255,21,21.5467143344073,1e-05,-0.868115665592651
2023,255,22,22.6404565522566,1e-05,-0.862333447743396
2023,255,23,23.1476306178414,1e-05,-1.50772938215864
2023,256,0,23.0532462070099,1e-05,-0.619073792990122
2023,256,1,23.2248811546965,1e-05,-0.655348845303518
2023,256,2,22.4863749920709,1e-05,-0.639045007929109
2023,256,3,22.8029421146543,1e-05,-0.675027885345703
2023,256,4,22.2386570834752,1e-05,-0.753432916524805
2023,256,5,22.6860619969986,1e-05,-0.667608003001369
2023,256,6,22.6505007214036,1e-05,-0.660229278596429
2023,256,7,20.5132933731144,1e-05,-0.580486626885595
2023,256,8,21.5315509406722,0.215584166309957,-0.46148905932781
2023,256,9,22.7991011543003,0.30026913634341,-0.416478845699721
2023,256,10,25.6002307106981,0.410161453007473,-0.205649289301849
2023,256,11,27.6960994266804,0.407774490800413,-0.577090573319623
2023,256,12,29.7088070590539,0.436653964830069,-0.473192940946142
2023,256,13,30.5520422391135,0.419601005036403,-0.818227760886536
2023,256,14,31.5044003219799,0.393195677922146,-1.27618967802005
2023,256,15,31.8634385206083,0.349639694255824,-1.72131147939173
2023,256,16,31.6660768875629,0.283293412944751,-2.10234311243707
2023,256,17,31.3840767964018,0.0827673739181127,-1.24045320359822
2023,256,18,31.4704237291018,0.033506169344613,-1.12824627089822
2023,256,19,30.1772862520909,1e-05,-0.953803747909095
2023,256,20,29.0341365493463,1e-05,-0.85682345065371
2023,256,21,27.8223085266961,1e-05,-1.0812514733039
2023,256,22,27.6246727461875,1e-05,-0.885737253812536
2023,256,23,26.8876025333294,1e-05,-0.879427466670553
2023,257,0,26.1686307059916,1e-05,-1.05159929400836
2023,257,1,24.3482631915911,1e-05,-1.75188680840892
2023,257,2,25.0725417296409,1e-05,-1.07264827035905
2023,257,3,20.9349577801055,1e-05,-3.93325221989446
2023,257,4,21.7493629302221,1e-05,-2.91729706977788
2023,257,5,23.8276066629279,1e-05,-0.909113337072128
2023,257,6,24.3057641024595,1e-05,-0.846775897540471
2023,257,7,23.2681787993312,0.0157489207035693,-1.53182120066883
2023,257,8,25.4841110913582,0.279987390795695,-1.11895890864176
2023,257,9,26.507766254076,0.312357233040462,-1.21862374592396
2023,257,10,28.3504734820993,0.353400192397578,-1.35401651790066
2023,257,11,30.0026745263881,0.373870512631825,-1.50094547361194
2023,257,12,31.7342672901065,0.389078568434713,-1.63209270989354
2023,257,13,31.7283251109908,0.379213696602832,-1.7869048890092
2023,257,14,32.7683635800992,0.354784056174844,-2.07737641990079
2023,257,15,32.5617665708714,0.325043428184961,-2.6090834291286
2023,257,16,32.1977047401155,0.277468382182814,-3.07941525988445
2023,257,17,31.5077841157259,0.190052896494212,-3.95013588427415
2023,257,18,31.4104333250085,0.0212453671574576,-3.71491667499147
2023,257,19,31.7605503018929,1e-05,-1.38239969810713
2023,257,20,30.564894701274,1e-05,-1.43418529872595
2023,257,21,18.1039987573768,1e-05,-11.8005212426232
2023,257,22,17.8319837485802,1e-05,-11.0491562514198
2023,257,23,26.0063166848533,1e-05,-2.07727331514674
2023,258,0,15.0924764904465,1e-05,-9.61260350955349
2023,258,1,24.3783790135899,1e-05,-1.8438209864101
2023,258,2,14.460740974762,1e-05,-9.98379902523796
2023,258,3,13.9353811886115,1e-05,-10.0955188113885
2023,258,4,21.8408998757746,1e-05,-3.18480012422544
2023,258,5,23.9508309759628,1e-05,-1.04000902403724
2023,258,6,23.6668120803381,1e-05,-1.02111791966191
2023,258,7,23.9003233135962,0.0885659867927126,-1.01043668640377
2023,258,8,25.7325592234076,0.258188159301297,-1.39374077659241
2023,258,9,28.3358270991592,0.326085269865206,-1.58906290084083
2023,258,10,29.726949904125,0.358002724960842,-1.65270009587502
2023,258,11,31.1099769305924,0.370090757814776,-1.85585306940763
2023,258,12,31.702995022911,0.370713606270704,-1.98616497708896
2023,258,13,32.4911617312582,0.359672812935844,-2.42265826874184
2023,258,14,32.479240666749,0.339812354895238,-3.588569333251
2023,258,15,33.5569668500894,0.306342482489952,-3.47040314991057
2023,258,16,32.8839625323738,0.263851120850957,-3.50984746762617
2023,258,17,31.8872049652678,0.178680652253883,-5.21632503473224
2023,258,18,33.5894870662988,0.00998431473625703,-2.0024629337012
2023,258,19,20.6711235343667,1e-05,-12.0022864656333
2023,258,20,19.2306028793371,1e-05,-11.5551271206629
2023,258,21,18.5087758079527,1e-05,-10.4359741920473
2023,258,22,17.134676762083,1e-05,-10.832543237917
2023,258,23,16.6735581047002,1e-05,-10.7411318952998
2023,259,0,15.1944157099783,1e-05,-11.0369742900217
2023,259,1,24.8825111798173,1e-05,-1.27783882018267
2023,259,2,13.3047172597484,1e-05,-10.2860227402516
2023,259,3,12.4370025153756,1e-05,-9.94165748462444
2023,259,4,12.2126788160595,1e-05,-10.0328911839405
2023,259,5,12.8640039105768,1e-05,-10.1568360894232
2023,259,6,13.2976343584555,1e-05,-9.95600564154453
2023,259,7,22.7947879931679,0.0832749969537362,-1.70427200683208
2023,259,8,25.6275309996504,0.246136588743379,-1.5390690003496
2023,259,9,28.7452392499732,0.315371537169559,-1.7174107500268
2023,259,10,29.8542450802212,0.346038583402083,-1.94854491977879
2023,259,11,31.2247913764507,0.353610714029142,-2.40363862354927
2023,259,12,32.4541016295621,0.353602521917439,-2.3007383704379
2023,259,13,33.0328406172419,0.344764778012033,-2.6733293827581
2023,259,14,34.0362592938748,0.324522906915349,-3.39785070612519
2023,259,15,34.2350035386697,0.294134154053828,-3.33260646133033
2023,259,16,34.5544048601719,0.242402937892713,-3.23213513982806
2023,259,17,34.5309519904193,0.141843295058912,-2.8760580095807
2023,259,18,25.7400505719844,0.00262553981149724,-10.2773894280156
2023,259,19,20.6379803965243,1e-05,-11.9864896034757
2023,259,20,18.9702357138959,1e-05,-11.8832742861041
2023,259,21,24.3392496028486,1e-05,-6.30149039715137
2023,259,22,31.5689329839478,1e-05,-1.22100701605219
2023,259,23,30.8177399370604,1e-05,-1.25368006293957
2023,260,0,30.3757271497189,1e-05,-1.10144285028113
2023,260,1,28.893846364913,1e-05,-1.153053635087
2023,260,2,27.3957888803681,1e-05,-1.53717111963194
2023,260,3,26.785738981766,1e-05,-1.99358101823398
2023,260,4,13.374223017331,1e-05,-11.297246982669
2023,260,5,12.5449640634906,1e-05,-10.9272359365094
2023,260,6,12.1411519274878,1e-05,-10.5293480725122
2023,260,7,22.7493727371289,0.0670002454126661,-2.25824726287107
2023,260,8,24.9132966119134,0.228903617707275,-1.73356338808659
2023,260,9,28.0458480004205,0.303816382411587,-2.09596199957949
2023,260,10,30.0872197869358,0.336361909294231,-2.3380202130642
2023,260,11,31.5671932423917,0.34947126940324,-2.37755675760826
2023,260,12,32.8418414533624,0.352619874101407,-2.35544854663757
2023,260,13,33.6209970136966,0.344731030428762,-2.54184298630341
2023,260,14,34.3173846707596,0.323321138989033,-2.98687532924042
2023,260,15,34.2010004706001,0.296768121005427,-3.35247952939989
2023,260,16,34.668667778052,0.24920593096903,-3.373102221948
2023,260,17,34.8113884337864,0.16548934373495,-3.05664156621361
2023,260,18,35.7842668060772,0.00406126563213753,-1.31625319392277
2023,260,19,31.8540606379666,1e-05,-2.2738793620334
2023,260,20,30.9323860472182,1e-05,-2.05861395278183
2023,260,21,28.456843767562,1e-05,-3.78400623243796
2023,260,22,30.2544756498053,1e-05,-1.44409435019466
2023,260,23,29.7748316395928,1e-05,-1.37015836040715
2023,261,0,16.7146635151135,1e-05,-11.5833464848865
2023,261,1,15.0135968012719,1e-05,-11.0985131987281
2023,261,2,27.6446245006507,1e-05,-1.05902549934926
2023,261,3,13.6689331360375,1e-05,-11.2616668639625
2023,261,4,12.3855124630901,1e-05,-10.5933375369099
2023,261,5,18.1807847584159,1e-05,-4.36311524158407
2023,261,6,20.1078851403112,1e-05,-2.28233485968879
2023,261,7,21.6674689567701,0.0728581813860241,-2.00207104322994
2023,261,8,24.1112944571396,0.227998297241505,-2.22419554286035
2023,261,9,27.0475553792694,0.305043050370142,-1.97810462073064
2023,261,10,29.20970719234,0.339591575372096,-2.61091280765998
2023,261,11,30.2591543032799,0.355285629984803,-2.53857569672014
2023,261,12,31.7898206744854,0.355953645714247,-2.19293932551465
2023,261,13,31.8943287403532,0.345885633679119,-2.53566125964678
2023,261,14,32.9428186246023,0.329345043361459,-2.62377137539772
2023,261,15,32.8100166350351,0.304962625193255,-2.98320336496487
2023,261,16,32.800945797364,0.258032537937368,-3.13300420263596
2023,261,17,32.4119030103511,0.174006229597393,-2.58990698964893
2023,261,18,33.223788874197,0.00234492593094793,-1.06252112580304
2023,261,19,29.9102222446788,1e-05,-2.1678077553212
2023,261,20,29.101551322134,1e-05,-1.50567867786599
2023,261,21,27.1636210744077,1e-05,-2.43586892559227
2023,261,22,26.6562240238753,1e-05,-2.4891059761247
2023,261,23,20.2823648020011,1e-05,-7.64137519799893
2023,262,0,12.7316630236563,1e-05,-11.7794169763437
2023,262,1,13.7055709756988,1e-05,-11.6228990243012
2023,262,2,11.5218884849251,1e-05,-11.1034015150749
2023,262,3,17.6082768367008,1e-05,-5.02831316329923
2023,262,4,18.0226824135182,1e-05,-3.31651758648177
2023,262,5,9.69943335091264,1e-05,-10.9006566490874
2023,262,6,14.2716739848485,1e-05,-6.66293601515146
2023,262,7,20.4470130384939,0.0717046731345865,-2.23704696150608
2023,262,8,22.8408631377773,0.216932736578621,-1.43970686222267
2023,262,9,25.6678343123503,0.291198233869335,-1.63164568764972
2023,262,10,27.9042247485279,0.338521493313667,-1.60491525147209
2023,262,11,29.285735047596,0.353241097683738,-1.82242495240398
2023,262,12,30.4138973045505,0.361517275700513,-1.99728269544947
2023,262,13,30.9403026007986,0.350782339150311,-2.14606739920141
2023,262,14,31.6438620596764,0.331253797845625,-2.66619794032364
2023,262,15,31.8241393277308,0.299756733440983,-3.25226067226922
2023,262,16,31.5585521583931,0.255781684094808,-3.49075784160694
2023,262,17,30.5484529489362,0.171314756133891,-4.70113705106385
2023,262,18,26.5202783863535,1e-05,-8.23268161364648
2023,262,19,17.8697482329979,1e-05,-13.3383817670021
2023,262,20,27.398253025674,1e-05,-2.55145697432595
2023,262,21,28.406992065096,1e-05,-1.47206793490397
2023,262,22,15.4515504806456,1e-05,-12.2593395193544
2023,262,23,12.1956704327199,1e-05,-11.5208795672801
2023,263,0,10.8350647723606,1e-05,-11.7495452276394
2023,263,1,18.9096282884698,1e-05,-4.12025171153023
2023,263,2,9.31161790125319,1e-05,-11.5845620987468
2023,263,3,9.71840994039249,1e-05,-11.8942800596075
2023,263,4,22.0757289886464,1e-05,-1.24346101135356
2023,263,5,20.8005256482423,1e-05,-1.40661435175768
2023,263,6,20.6071187469388,1e-05,-1.88903125306122
2023,263,7,17.8471067538615,1e-05,-4.15435324613851
2023,263,8,18.6875549136201,0.0196004143377041,-3.89741508637994
2023,263,9,22.1895439747117,0.0792648695099072,-1.47679602528826
2023,263,10,23.6367760402065,0.115577620009678,-1.57368395979348
2023,263,11,27.681085867772,0.340531767360394,-1.50494413222803
2023,263,12,29.4188273500481,0.351240111114213,-2.02495264995187
2023,263,13,30.5739122485876,0.346478986209692,-2.24772775141242
2023,263,14,30.1077563560145,0.291274573343299,-2.8712636439855
2023,263,15,31.6294048973918,0.311701520920771,-3.15935510260825
2023,263,16,32.1186428637753,0.252213451929216,-3.23676713622471
2023,263,17,32.8323755250157,0.0618414940228833,-1.8702144749843
2023,263,18,32.9885366208103,1e-05,-1.32687337918974
2023,263,19,31.17782934602,1e-05,-1.47847065398001
2023,263,20,29.4512727428789,1e-05,-2.29926725712108
2023,263,21,24.0692099010061,1e-05,-5.03770009899387
2023,263,22,27.045213354125,1e-05,-1.57486664587496
2023,263,23,13.5640793938373,1e-05,-12.2505206061627
2023,264,0,22.0321509039979,1e-05,-2.33055909600207
2023,264,1,22.3335139489219,1e-05,-2.05704605107813
2023,264,2,11.4029245119377,1e-05,-11.8326354880623
2023,264,3,10.0610541981769,1e-05,-11.3595158018231
2023,264,4,14.0984113336799,1e-05,-5.80099866632007
2023,264,5,15.8302130612356,1e-05,-3.13795693876443
2023,264,6,16.113914806707,1e-05,-3.29275519329302
2023,264,7,15.6949734885892,0.0440948073901263,-4.70395651141081
2023,264,8,20.6183963226993,0.192500407191771,-2.38662367730072
2023,264,9,24.5523814258527,0.275831647956115,-1.99366857414731
2023,264,10,27.601246254463,0.326324242842836,-1.71823374553702
2023,264,11,28.5412911686551,0.346645750986708,-1.75603883134491
2023,264,12,30.3984082397478,0.352668638969102,-1.88696176025217
2023,264,13,30.4196450973613,0.349152466092704,-1.9701649026387
2023,264,14,31.3803524253425,0.332960458944866,-2.63215757465754
2023,264,15,31.0727135302142,0.297104339601246,-3.31822646978583
2023,264,16,29.3359195554376,0.24152827378586,-4.44837044456242
2023,264,17,30.2398185896813,0.172748850755515,-4.61186141031874
2023,264,18,30.5291886517943,0.0615104292495337,-2.47855134820572
2023,264,19,28.5989804925327,1e-05,-3.82712950746734
2023,264,20,29.4913069655906,1e-05,-2.19822303440943
2023,264,21,25.5613973602457,1e-05,-3.4370626397543
2023,264,22,15.6420481944125,1e-05,-11.4142418055875
2023,264,23,15.765271833737,1e-05,-11.586538166263
2023,265,0,25.243692780134,1e-05,-2.40617721986604
2023,265,1,22.1445180272918,1e-05,-2.05792197270824
2023,265,2,11.5312580947714,1e-05,-11.3968519052286
2023,265,3,11.3305226222281,1e-05,-11.1998373777719
2023,265,4,10.7650929213378,1e-05,-11.2250670786622
2023,265,5,9.3914972671715,1e-05,-11.1633927328285
2023,265,6,9.46818155433934,1e-05,-11.0573184456607
2023,265,7,18.702109550472,1e-05,-2.12627044952796
2023,265,8,20.7630728001769,0.106189521010622,-1.1005071998231
2023,265,9,24.2697693926271,0.299398314246749,-1.0069106073729
2023,265,10,26.7034592274255,0.294981318786884,-2.81701077257448
2023,265,11,29.057222464977,0.338281930360422,-2.15201753502304
2023,265,12,28.916427306276,0.319368902842299,-2.45315269372405
2023,265,13,30.631234457625,0.342912689318597,-2.56171554237498
2023,265,14,30.778794988759,0.336357245362116,-2.80184501124095
2023,265,15,31.0247957990262,0.295730051111159,-2.92721420097382
2023,265,16,31.2692921216955,0.167491471273924,-2.48953787830454
2023,265,17,31.2009089911816,0.109931462422371,-2.28328100881838
2023,265,18,30.8743805811708,0.0630198510599414,-1.60455941882918
2023,265,19,28.934150765419,1e-05,-2.46163923458101
2023,265,20,28.1861596386798,1e-05,-2.46851036132021
2023,265,21,22.6877515192333,1e-05,-5.76390848076667
2023,265,22,27.0999625290351,1e-05,-2.21030747096493
2023,265,23,13.5797219754724,1e-05,-11.6521480245276
