year,julian-day,standard-time,leaftemp
2023,205,17,38.995555555555555
2023,205,18,36.855555555555554
2023,205,19,37.27055555555555
2023,205,20,37.275000000000006
2023,205,21,36.78388888888889
2023,205,22,36.08777777777778
2023,205,23,35.10944444444445
2023,206,0,32.871111111111105
2023,206,1,32.126666666666665
2023,206,2,32.31722222222223
2023,206,3,31.52722222222222
2023,206,4,30.36111111111111
2023,206,5,29.488888888888887
2023,206,6,28.731666666666666
2023,206,7,29.220555555555556
2023,206,8,31.311666666666667
2023,206,9,32.58095238095238
2023,206,10,34.55904761904762
2023,206,11,36.29888888888889
2023,206,12,38.080555555555556
2023,206,13,38.99333333333333
2023,206,14,39.57111111111111
2023,206,15,40.21388888888889
2023,206,16,39.904444444444444
2023,206,17,39.571666666666665
2023,206,18,38.73222222222223
2023,206,19,38.23722222222222
2023,206,20,38.71222222222222
2023,206,21,38.47222222222222
2023,206,22,38.15611111111111
2023,206,23,37.324444444444445
2023,207,0,36.85277777777778
2023,207,1,36.18611111111111
2023,207,2,34.885
2023,207,3,33.85277777777778
2023,207,4,30.44722222222222
2023,207,5,29.967777777777776
2023,207,6,29.52777777777778
2023,207,7,31.018888888888892
2023,207,8,32.986666666666665
2023,207,9,34.52722222222222
2023,207,10,36.14
2023,207,11,37.31944444444444
2023,207,12,39.294999999999995
2023,207,13,40.48388888888889
2023,207,14,40.86833333333333
2023,207,15,41.05166666666666
2023,207,16,41.67055555555555
2023,207,17,40.90555555555555
2023,207,18,40.18388888888889
2023,207,19,39.44166666666667
2023,207,20,39.08
2023,207,21,38.80944444444444
2023,207,22,32.303333333333335
2023,207,23,25.341666666666665
2023,208,0,28.64611111111111
2023,208,1,28.798333333333332
2023,208,2,29.606111111111108
2023,208,3,29.91111111111111
2023,208,4,28.51611111111111
2023,208,5,27.691111111111113
2023,208,6,26.590555555555554
2023,208,7,29.757777777777775
2023,208,8,32.70222222222222
2023,208,9,34.68444444444444
2023,208,10,37.88388888888889
2023,208,11,38.507222222222225
2023,208,12,39.69722222222222
2023,208,13,40.24777777777778
2023,208,14,38.89055555555555
2023,208,15,39.81333333333333
2023,208,16,40.84444444444445
2023,208,17,40.51444444444444
2023,208,18,39.517222222222216
2023,208,19,38.29611111111112
2023,208,20,37.666111111111114
2023,208,21,37.34388888888889
2023,208,22,36.22
2023,208,23,34.371111111111105
2023,209,0,32.968333333333334
2023,209,1,31.907222222222224
2023,209,2,32.071666666666665
2023,209,3,30.715555555555554
2023,209,4,30.21833333333333
2023,209,5,28.720555555555556
2023,209,6,29.442777777777778
2023,209,7,30.207222222222224
2023,209,8,32.410555555555554
2023,209,9,31.671666666666667
2023,209,10,32.32944444444445
2023,209,11,34.84833333333333
2023,209,12,35.846666666666664
2023,209,13,36.708888888888886
2023,209,14,37.39277777777777
2023,209,15,38.38111111111111
2023,209,16,38.778888888888886
2023,209,17,38.13
2023,209,18,37.44388888888889
2023,209,19,36.88722222222222
2023,209,20,37.998333333333335
2023,209,21,36.52722222222222
2023,209,22,36.101111111111116
2023,209,23,34.13722222222222
2023,210,0,33.263333333333335
2023,210,1,32.16888888888889
2023,210,2,32.785555555555554
2023,210,3,31.049999999999997
2023,210,4,31.720000000000002
2023,210,5,31.544999999999998
2023,210,6,30.01166666666667
2023,210,7,29.121666666666663
2023,210,8,30.50111111111111
2023,210,9,33.19777777777777
2023,210,10,34.05166666666666
2023,210,11,37.105
2023,210,12,36.992777777777775
2023,210,13,37.61277777777778
2023,210,14,37.89055555555555
2023,210,15,38.474999999999994
2023,210,16,38.995
2023,210,17,37.68333333333333
2023,210,18,37.101111111111116
2023,210,19,37.08777777777778
2023,210,20,38.025000000000006
2023,210,21,38.09833333333333
2023,210,22,36.235
2023,210,23,36.178333333333335
2023,211,0,35.44277777777778
2023,211,1,35.486111111111114
2023,211,2,33.30722222222222
2023,211,3,33.23888888888889
2023,211,4,33.70222222222222
2023,211,5,32.467777777777776
2023,211,6,31.214444444444446
2023,211,7,30.641666666666666
2023,211,8,30.867222222222225
2023,211,9,33.33444444444444
2023,211,10,35.73166666666666
2023,211,11,33.14111111111111
2023,211,12,34.0
2023,211,13,35.17666666666667
2023,211,14,35.67666666666667
2023,211,15,35.36944444444444
2023,211,16,36.44833333333334
2023,211,17,36.99055555555556
2023,211,18,36.04333333333333
2023,211,19,35.39
2023,211,20,34.03888888888889
2023,211,21,34.90222222222222
2023,211,22,34.34888888888889
2023,211,23,32.63722222222222
2023,212,0,31.234444444444446
2023,212,1,25.197222222222223
2023,212,2,27.20888888888889
2023,212,3,26.490555555555556
2023,212,4,26.09777777777778
2023,212,5,25.631666666666668
2023,212,6,26.022222222222222
2023,212,7,26.99277777777778
2023,212,8,29.127777777777776
2023,212,9,30.82
2023,212,10,32.403333333333336
2023,212,11,33.63055555555556
2023,212,12,34.22555555555555
2023,212,13,35.42111111111112
2023,212,14,35.13666666666667
2023,212,15,36.00222222222222
2023,212,16,36.14277777777778
2023,212,17,35.92333333333333
2023,212,18,34.910555555555554
2023,212,19,34.40277777777778
2023,212,20,34.94611111111111
2023,212,21,34.74777777777778
2023,212,22,33.516666666666666
2023,212,23,30.648888888888887
2023,213,0,30.022777777777776
2023,213,1,28.163888888888888
2023,213,2,27.837777777777777
2023,213,3,27.25722222222222
2023,213,4,26.703333333333333
2023,213,5,26.04111111111111
2023,213,6,25.89611111111111
2023,213,7,27.5
2023,213,8,29.474444444444444
2023,213,9,31.16277777777778
2023,213,10,32.47555555555555
2023,213,11,33.73777777777778
2023,213,12,34.92444444444445
2023,213,13,35.41222222222222
2023,213,14,35.202777777777776
2023,213,15,35.18944444444444
2023,213,16,36.60333333333333
2023,213,17,36.294444444444444
2023,213,18,34.555
2023,213,19,34.33166666666667
2023,213,20,34.037777777777784
2023,213,21,32.76555555555555
2023,213,22,31.38666666666667
2023,213,23,32.702777777777776
2023,214,0,33.255
2023,214,1,32.795
2023,214,2,32.50333333333333
2023,214,3,31.782222222222224
2023,214,4,31.606111111111108
2023,214,5,30.778333333333332
2023,214,6,28.404444444444444
2023,214,7,28.38222222222222
2023,214,8,31.055555555555557
2023,214,9,32.43555555555556
2023,214,10,33.95611111111111
2023,214,11,33.711666666666666
2023,214,12,34.73
2023,214,13,34.61555555555556
2023,214,14,37.12166666666666
2023,214,15,36.474444444444444
2023,214,16,36.946666666666665
2023,214,17,37.05222222222223
2023,214,18,35.71722222222222
2023,214,19,35.19166666666667
2023,214,20,35.31611111111111
2023,214,21,33.92388888888889
2023,214,22,32.63333333333333
2023,214,23,32.96888888888889
2023,215,0,32.50611111111111
2023,215,1,31.633888888888887
2023,215,2,31.533333333333335
2023,215,3,31.116666666666667
2023,215,4,29.51055555555556
2023,215,5,28.803333333333335
2023,215,6,27.798333333333332
2023,215,7,27.86888888888889
2023,215,8,29.509999999999998
2023,215,9,31.455000000000002
2023,215,10,33.166666666666664
2023,215,11,34.17888888888889
2023,215,12,34.67388888888889
2023,215,13,35.599444444444444
2023,215,14,35.407222222222224
2023,215,15,36.906111111111116
2023,215,16,37.26111111111111
2023,215,17,36.20111111111111
2023,215,18,35.38055555555556
2023,215,19,35.001666666666665
2023,215,20,34.99333333333333
2023,215,21,33.34111111111111
2023,215,22,32.650555555555556
2023,215,23,31.77722222222222
2023,216,0,29.705000000000002
2023,216,1,27.262222222222224
2023,216,2,27.070555555555554
2023,216,3,24.380555555555556
2023,216,4,22.38111111111111
2023,216,5,22.076666666666668
2023,216,6,23.48111111111111
2023,216,7,26.384444444444444
2023,216,8,29.61
2023,216,9,32.023888888888884
2023,216,10,33.757222222222225
2023,216,11,34.327777777777776
2023,216,12,35.39611111111111
2023,216,13,36.272777777777776
2023,216,14,36.35111111111111
2023,216,15,37.42777777777778
2023,216,16,37.321666666666665
2023,216,17,35.599444444444444
2023,216,18,34.352222222222224
2023,216,19,32.404444444444444
2023,216,20,31.845000000000002
2023,216,21,30.967777777777776
2023,216,22,28.954444444444448
2023,216,23,33.775000000000006
2023,217,0,33.58
2023,217,1,32.73722222222222
2023,217,2,30.397777777777776
2023,217,3,28.272222222222222
2023,217,4,25.77777777777778
2023,217,5,23.013333333333335
2023,217,6,22.751666666666665
2023,217,7,25.617222222222225
2023,217,8,29.584999999999997
2023,217,9,31.629444444444445
2023,217,10,33.43
2023,217,11,34.19777777777777
2023,217,12,34.66111111111111
2023,217,13,36.224999999999994
2023,217,14,36.92666666666666
2023,217,15,38.54611111111112
2023,217,16,39.138888888888886
2023,217,17,38.16
2023,217,18,36.90166666666667
2023,217,19,35.74166666666667
2023,217,20,35.99333333333333
2023,217,21,32.79777777777778
2023,217,22,29.188333333333333
2023,217,23,30.85388888888889
2023,218,0,32.275000000000006
2023,218,1,32.342777777777776
2023,218,2,32.708333333333336
2023,218,3,32.135
2023,218,4,29.43333333333333
2023,218,5,24.427222222222223
2023,218,6,23.600555555555555
2023,218,7,25.99111111111111
2023,218,8,29.418333333333333
2023,218,9,31.58611111111111
2023,218,10,33.132222222222225
2023,218,11,34.034444444444446
2023,218,12,34.72388888888889
2023,218,13,34.91277777777778
2023,218,14,36.33222222222222
2023,218,15,37.75666666666667
2023,218,16,38.54555555555555
2023,218,17,37.73277777777778
2023,218,18,37.15111111111111
2023,218,19,36.574444444444445
2023,218,20,37.42166666666667
2023,218,21,37.406666666666666
2023,218,22,37.03944444444445
2023,218,23,36.13722222222222
2023,219,0,35.39388888888889
2023,219,1,34.482777777777784
2023,219,2,33.88166666666667
2023,219,3,32.73222222222222
2023,219,4,31.356666666666666
2023,219,5,30.59222222222222
2023,219,6,29.554444444444446
2023,219,7,30.037777777777777
2023,219,8,31.78277777777778
2023,219,9,32.910555555555554
2023,219,10,33.42666666666666
2023,219,11,34.03
2023,219,12,34.72944444444445
2023,219,13,35.148888888888884
2023,219,14,35.64666666666667
2023,219,15,36.60111111111111
2023,219,16,37.03333333333333
2023,219,17,36.04777777777778
2023,219,18,35.51777777777777
2023,219,19,35.092777777777776
2023,219,20,36.16
2023,219,21,36.16166666666666
2023,219,22,36.00888888888889
2023,219,23,35.575
2023,220,0,34.60277777777778
2023,220,1,33.64833333333333
2023,220,2,32.666111111111114
2023,220,3,31.161666666666665
2023,220,4,30.89
2023,220,5,29.381666666666668
2023,220,6,28.488888888888887
2023,220,7,24.44388888888889
2023,220,8,28.258888888888887
2023,220,9,30.772777777777776
2023,220,10,31.901666666666667
2023,220,11,33.153888888888886
2023,220,12,33.489999999999995
2023,220,13,33.779444444444444
2023,220,14,34.61833333333333
2023,220,15,35.98111111111111
2023,220,16,36.13944444444444
2023,220,17,36.19277777777778
2023,220,18,34.845
2023,220,19,33.75833333333333
2023,220,20,35.82833333333333
2023,220,21,32.76
2023,220,22,31.271666666666665
2023,220,23,30.23277777777778
2023,221,0,29.981111111111108
2023,221,1,29.98
2023,221,2,29.91611111111111
2023,221,3,29.389444444444443
2023,221,4,28.810000000000002
2023,221,5,27.97
2023,221,6,27.028333333333332
2023,221,7,27.464444444444446
2023,221,8,29.557777777777776
2023,221,9,30.506666666666668
2023,221,10,31.730555555555554
2023,221,11,32.70055555555555
2023,221,12,33.35055555555555
2023,221,13,34.13777777777778
2023,221,14,34.257222222222225
2023,221,15,34.93388888888889
2023,221,16,35.74888888888889
2023,221,17,35.66833333333333
2023,221,18,34.76111111111111
2023,221,19,33.593333333333334
2023,221,20,35.00833333333333
2023,221,21,34.62722222222222
2023,221,22,34.945
2023,221,23,34.60166666666667
2023,222,0,33.83888888888889
2023,222,1,33.958888888888886
2023,222,2,33.56111111111111
2023,222,3,31.951666666666668
2023,222,4,30.825000000000003
2023,222,5,29.573333333333338
2023,222,6,27.76
2023,222,7,28.436666666666667
2023,222,8,29.540000000000003
2023,222,9,30.473333333333333
2023,222,10,30.5
2023,222,11,31.25388888888889
2023,222,12,31.933888888888887
2023,222,13,32.42611111111111
2023,222,14,32.84
2023,222,15,33.842777777777776
2023,222,16,34.45611111111111
2023,222,17,33.654444444444444
2023,222,18,32.84222222222222
2023,222,19,32.96111111111111
2023,222,20,33.843333333333334
2023,222,21,34.98722222222222
2023,222,22,33.885000000000005
2023,222,23,32.62222222222223
2023,223,0,31.814999999999998
2023,223,1,30.72888888888889
2023,223,2,29.74777777777778
2023,223,3,28.06277777777778
2023,223,4,27.48
2023,223,5,25.977777777777778
2023,223,6,24.797222222222224
2023,223,7,25.215555555555554
2023,223,8,26.821111111111108
2023,223,9,28.27111111111111
2023,223,10,30.775555555555556
2023,223,11,31.014444444444443
2023,223,12,32.083333333333336
2023,223,13,32.757222222222225
2023,223,14,33.263333333333335
2023,223,15,33.69833333333334
2023,223,16,33.07611111111111
2023,223,17,31.063333333333333
2023,223,18,33.395
2023,223,19,32.83444444444444
2023,223,20,33.82666666666667
2023,223,21,33.431666666666665
2023,223,22,32.946666666666665
2023,223,23,32.14277777777777
2023,224,0,31.233333333333334
2023,224,1,30.587222222222223
2023,224,2,29.52777777777778
2023,224,3,29.476111111111113
2023,224,4,28.5
2023,224,5,26.60666666666667
2023,224,6,25.025555555555556
2023,224,7,24.622777777777777
2023,224,8,27.655555555555555
2023,224,9,29.05111111111111
2023,224,10,30.46222222222222
2023,224,11,30.888333333333335
2023,224,12,31.592777777777776
2023,224,13,32.028333333333336
2023,224,14,32.507222222222225
2023,224,15,33.72666666666667
2023,224,16,34.675
2023,224,17,33.583888888888886
2023,224,18,32.79
2023,224,19,31.302222222222227
2023,224,20,30.861666666666665
2023,224,21,30.34111111111111
2023,224,22,31.764444444444443
2023,224,23,32.267222222222216
2023,225,0,30.720000000000002
2023,225,1,29.252777777777776
2023,225,2,27.975
2023,225,3,26.205
2023,225,4,25.21777777777778
2023,225,5,23.75111111111111
2023,225,6,23.65222222222222
2023,225,7,26.392777777777777
2023,225,8,28.435
2023,225,9,29.55944444444445
2023,225,10,30.97666666666667
2023,225,11,31.80611111111111
2023,225,12,32.11
2023,225,13,33.165
2023,225,14,34.007777777777775
2023,225,15,35.775000000000006
2023,225,16,36.128888888888895
2023,225,17,33.73
2023,225,18,34.9
2023,225,19,33.74944444444444
2023,225,20,32.541111111111114
2023,225,21,32.04
2023,225,22,30.293333333333333
2023,225,23,28.226666666666667
2023,226,0,27.346666666666668
2023,226,1,26.490555555555556
2023,226,2,26.51388888888889
2023,226,3,26.665000000000003
2023,226,4,27.384444444444444
2023,226,5,27.126666666666665
2023,226,6,25.927222222222223
2023,226,7,25.29888888888889
2023,226,8,25.644444444444446
2023,226,9,26.85611111111111
2023,226,10,28.87722222222222
2023,226,11,31.30944444444445
2023,226,12,31.223333333333333
2023,226,13,31.378888888888884
2023,226,14,31.624444444444446
2023,226,15,32.67333333333333
2023,226,16,32.38666666666667
2023,226,17,31.480555555555554
2023,226,18,31.52722222222222
2023,226,19,32.15611111111111
2023,226,20,32.745
2023,226,21,32.17277777777778
2023,226,22,30.08277777777778
2023,226,23,30.46388888888889
2023,227,0,32.60444444444445
2023,227,1,31.98833333333333
2023,227,2,32.11944444444444
2023,227,3,30.653333333333332
2023,227,4,29.255555555555556
2023,227,5,28.40888888888889
2023,227,6,27.119999999999997
2023,227,7,26.601666666666667
2023,227,8,30.37277777777778
2023,227,9,31.34722222222222
2023,227,10,33.346111111111114
2023,227,11,34.54277777777778
2023,227,12,34.89055555555555
2023,227,13,35.513333333333335
2023,227,14,34.44
2023,227,15,35.81
2023,227,16,35.75
2023,227,17,33.662777777777784
2023,227,18,35.11611111111111
2023,227,19,35.958333333333336
2023,227,20,34.474999999999994
2023,227,21,30.407222222222224
2023,227,22,32.69055555555556
2023,227,23,30.554444444444446
2023,228,0,31.51722222222222
2023,228,1,31.38222222222222
2023,228,2,30.672222222222224
2023,228,3,29.496666666666663
2023,228,4,27.503888888888888
2023,228,5,27.550555555555555
2023,228,6,26.195
2023,228,7,27.851666666666667
2023,228,8,30.015555555555554
2023,228,9,32.87444444444444
2023,228,10,34.13388888888889
2023,228,11,34.61666666666667
2023,228,12,35.58833333333334
2023,228,13,36.46722222222222
2023,228,14,36.659444444444446
2023,228,15,37.49166666666667
2023,228,16,38.236111111111114
2023,228,17,35.895
2023,228,18,36.33611111111111
2023,228,19,35.58111111111111
2023,228,20,33.72277777777778
2023,228,21,32.92611111111111
2023,228,22,32.74333333333333
2023,228,23,32.410555555555554
2023,229,0,31.04111111111111
2023,229,1,29.583333333333332
2023,229,2,31.231666666666666
2023,229,3,31.0
2023,229,4,30.078888888888887
2023,229,5,29.37111111111111
2023,229,6,28.16166666666667
2023,229,7,28.08277777777778
2023,229,8,29.28111111111111
2023,229,9,29.85777777777778
2023,229,10,32.67777777777778
2023,229,11,34.221111111111114
2023,229,12,35.51166666666667
2023,229,13,37.04555555555555
2023,229,14,37.32333333333334
2023,229,15,38.782222222222224
2023,229,16,39.87388888888889
2023,229,17,38.25277777777777
2023,229,18,36.45611111111111
2023,229,19,37.91555555555556
2023,229,20,36.575
2023,229,21,35.379444444444445
2023,229,22,35.44833333333334
2023,229,23,34.96388888888889
2023,230,0,34.00222222222222
2023,230,1,32.95
2023,230,2,31.514444444444443
2023,230,3,30.36555555555556
2023,230,4,30.00222222222222
2023,230,5,29.418333333333333
2023,230,6,28.64
2023,230,7,27.813888888888886
2023,230,8,27.985
2023,230,9,28.416666666666668
2023,230,10,28.37222222222222
2023,230,11,28.837222222222223
2023,230,12,31.028333333333332
2023,230,13,33.57111111111111
2023,230,14,34.980555555555554
2023,230,15,34.17611111111111
2023,230,16,35.07055555555556
2023,230,17,33.335
2023,230,18,32.66777777777778
2023,230,19,33.84111111111111
2023,230,20,33.99333333333333
2023,230,21,33.07111111111111
2023,230,22,32.07944444444444
2023,230,23,31.91944444444444
2023,231,0,31.337222222222223
2023,231,1,28.803333333333335
2023,231,2,27.292777777777776
2023,231,3,26.66611111111111
2023,231,4,27.566111111111113
2023,231,5,27.715555555555554
2023,231,6,27.177222222222223
2023,231,7,26.473888888888887
2023,231,8,27.332222222222224
2023,231,9,28.84722222222222
2023,231,10,30.544999999999998
2023,231,11,30.859444444444446
2023,231,12,32.38944444444444
2023,231,13,30.89111111111111
2023,231,14,29.806666666666665
2023,231,15,28.67611111111111
2023,231,16,28.68777777777778
2023,231,17,28.501666666666665
2023,231,18,28.09
2023,231,19,27.68277777777778
2023,231,20,27.67111111111111
2023,231,21,27.458333333333332
2023,231,22,27.066666666666666
2023,231,23,26.67888888888889
2023,232,0,26.813333333333333
2023,232,1,26.537222222222223
2023,232,2,26.505
2023,232,3,26.208333333333332
2023,232,4,25.60111111111111
2023,232,5,25.339444444444446
2023,232,6,25.056666666666665
2023,232,7,24.953333333333333
2023,232,8,26.51888888888889
2023,232,9,27.385555555555555
2023,232,10,28.73222222222222
2023,232,11,31.59111111111111
2023,232,12,31.77111111111111
2023,232,13,33.30944444444444
2023,232,14,34.535555555555554
2023,232,15,34.17777777777778
2023,232,16,34.425
2023,232,17,33.656111111111116
2023,232,18,32.38055555555556
2023,232,19,30.92666666666667
2023,232,20,30.264444444444443
2023,232,21,30.053333333333335
2023,232,22,29.660555555555554
2023,232,23,29.087222222222223
2023,233,0,28.487777777777776
2023,233,1,26.176111111111112
2023,233,2,26.327777777777776
2023,233,3,26.09722222222222
2023,233,4,25.745
2023,233,5,25.102777777777778
2023,233,6,24.464444444444446
2023,233,7,24.819444444444443
2023,233,8,24.89777777777778
2023,233,9,25.041666666666668
2023,233,10,26.056666666666665
2023,233,11,26.16611111111111
2023,233,12,27.929444444444446
2023,233,13,28.183333333333334
2023,233,14,27.73166666666667
2023,233,15,27.939444444444447
2023,233,16,28.306666666666665
2023,233,17,28.089444444444446
2023,233,18,27.85388888888889
2023,233,19,28.702222222222222
2023,233,20,28.20777777777778
2023,233,21,25.063333333333333
2023,233,22,24.456666666666663
2023,233,23,23.998333333333335
2023,234,0,22.924999999999997
2023,234,1,22.086666666666666
2023,234,2,23.53
2023,234,3,22.718333333333334
2023,234,4,23.83555555555556
2023,234,5,23.568333333333335
2023,234,6,23.641666666666666
2023,234,7,24.928888888888892
2023,234,8,27.043333333333333
2023,234,9,28.35222222222222
2023,234,10,29.744999999999997
2023,234,11,31.474444444444444
2023,234,12,32.559444444444445
2023,234,13,33.49777777777778
2023,234,14,34.81388888888889
2023,234,15,36.07111111111111
2023,234,16,36.794444444444444
2023,234,17,35.34222222222222
2023,234,18,34.21388888888889
2023,234,19,33.12888888888889
2023,234,20,32.660555555555554
2023,234,21,31.83388888888889
2023,234,22,29.846666666666668
2023,234,23,29.977777777777778
2023,235,0,30.008888888888887
2023,235,1,28.640555555555554
2023,235,2,27.851666666666667
2023,235,3,27.445
2023,235,4,24.774444444444445
2023,235,5,25.23111111111111
2023,235,6,23.962222222222223
2023,235,7,26.185555555555553
2023,235,8,28.502777777777776
2023,235,9,30.254444444444445
2023,235,10,32.440555555555555
2023,235,11,34.608333333333334
2023,235,12,36.84833333333333
2023,235,13,38.281666666666666
2023,235,14,38.29666666666667
2023,235,15,36.98833333333333
2023,235,16,36.945
2023,235,17,34.85277777777778
2023,235,18,34.87388888888889
2023,235,19,34.086666666666666
2023,235,20,33.621111111111105
2023,235,21,33.22666666666667
2023,235,22,32.66277777777778
2023,235,23,32.14555555555555
2023,236,0,30.884999999999998
2023,236,1,29.651111111111113
2023,236,2,29.25333333333333
2023,236,3,29.14611111111111
2023,236,4,28.799444444444443
2023,236,5,28.121666666666666
2023,236,6,27.673333333333332
2023,236,7,27.105
2023,236,8,29.07
2023,236,9,30.507777777777775
2023,236,10,32.07833333333333
2023,236,11,33.00222222222222
2023,236,12,34.10166666666667
2023,236,13,34.906666666666666
2023,236,14,36.43333333333333
2023,236,15,37.49722222222223
2023,236,16,38.51444444444444
2023,236,17,36.33611111111111
2023,236,18,35.17333333333333
2023,236,19,33.98388888888889
2023,236,20,33.028888888888886
2023,236,21,32.906666666666666
2023,236,22,32.31555555555556
2023,236,23,31.442777777777778
2023,237,0,29.689999999999998
2023,237,1,28.26388888888889
2023,237,2,27.884444444444444
2023,237,3,27.267222222222223
2023,237,4,25.999444444444446
2023,237,5,25.79222222222222
2023,237,6,25.53
2023,237,7,27.669444444444444
2023,237,8,31.224444444444444
2023,237,9,33.760555555555555
2023,237,10,35.52
2023,237,11,37.54388888888889
2023,237,12,38.53944444444445
2023,237,13,39.69444444444444
2023,237,14,40.76111111111111
2023,237,15,41.63444444444444
2023,237,16,42.46388888888889
2023,237,17,42.153888888888886
2023,237,18,40.144444444444446
2023,237,19,35.50611111111111
2023,237,20,35.78888888888889
2023,237,21,36.66
2023,237,22,35.150000000000006
2023,237,23,33.10277777777778
2023,238,0,32.906666666666666
2023,238,1,30.644444444444446
2023,238,2,32.79055555555556
2023,238,3,31.66388888888889
2023,238,4,30.577222222222222
2023,238,5,30.101111111111113
2023,238,6,29.519444444444446
2023,238,7,32.46666666666667
2023,238,8,34.63777777777778
2023,238,9,38.40555555555555
2023,238,10,40.40222222222222
2023,238,11,40.66388888888889
2023,238,12,44.18277777777777
2023,238,13,43.05777777777777
2023,238,14,44.558888888888895
2023,238,15,45.24944444444444
2023,238,16,45.17444444444445
2023,238,17,45.07888888888888
2023,238,18,41.128888888888895
2023,238,19,37.59388888888889
2023,238,20,36.34833333333333
2023,238,21,35.46888888888889
2023,238,22,34.56888888888889
2023,238,23,33.79944444444445
2023,239,0,32.82888888888888
2023,239,1,31.373333333333335
2023,239,2,30.073333333333338
2023,239,3,30.19055555555555
2023,239,4,29.60777777777778
2023,239,5,29.283333333333335
2023,239,6,27.92111111111111
2023,239,7,33.75055555555556
2023,239,8,37.64277777777778
2023,239,9,39.992222222222225
2023,239,10,41.461666666666666
2023,239,11,44.062777777777775
2023,239,12,44.53055555555555
2023,239,13,45.187222222222225
2023,239,14,45.58722222222222
2023,239,15,46.11333333333333
2023,239,16,46.16388888888889
2023,239,17,46.34444444444445
2023,239,18,42.736111111111114
2023,239,19,37.645
2023,239,20,36.022777777777776
2023,239,21,36.42111111111112
2023,239,22,35.035555555555554
2023,239,23,32.675555555555555
2023,240,0,32.33888888888889
2023,240,1,30.91611111111111
2023,240,2,32.34444444444445
2023,240,3,32.22277777777778
2023,240,4,31.466666666666665
2023,240,5,30.86555555555556
2023,240,6,29.651111111111113
2023,240,7,34.333888888888886
2023,240,8,38.5
2023,240,9,41.339444444444446
2023,240,10,42.797222222222224
2023,240,11,44.99777777777778
2023,240,12,46.01111111111111
2023,240,13,47.08166666666667
2023,240,14,47.830000000000005
2023,240,15,47.705000000000005
2023,240,16,48.12444444444444
2023,240,17,47.205555555555556
2023,240,18,44.78111111111111
2023,240,19,39.266666666666666
2023,240,20,37.611111111111114
2023,240,21,35.614444444444445
2023,240,22,35.12166666666667
2023,240,23,34.89611111111111
2023,241,0,34.89055555555555
2023,241,1,34.230555555555554
2023,241,2,32.88055555555556
2023,241,3,31.730555555555554
2023,241,4,30.96277777777778
2023,241,5,29.174444444444443
2023,241,6,30.25222222222222
2023,241,7,34.016666666666666
2023,241,8,37.62166666666667
2023,241,9,40.089444444444446
2023,241,10,41.78611111111111
2023,241,11,43.69888888888889
2023,241,12,45.15888888888889
2023,241,13,46.04666666666667
2023,241,14,47.166111111111114
2023,241,15,47.72222222222222
2023,241,16,47.27444444444445
2023,241,17,46.672222222222224
2023,241,18,43.82944444444445
2023,241,19,39.29555555555556
2023,241,20,37.050555555555555
2023,241,21,33.50277777777777
2023,241,22,34.705000000000005
2023,241,23,34.39555555555555
2023,242,0,33.492222222222225
2023,242,1,29.49055555555556
2023,242,2,29.96222222222222
2023,242,3,31.31222222222222
2023,242,4,32.615
2023,242,5,32.57722222222222
2023,242,6,31.314444444444444
2023,242,7,31.14944444444445
2023,242,8,32.99055555555556
2023,242,9,38.54611111111112
2023,242,10,40.62388888888889
2023,242,11,42.67444444444445
2023,242,12,43.82111111111111
2023,242,13,44.09111111111111
2023,242,14,45.99666666666667
2023,242,15,45.67055555555556
2023,242,16,45.653888888888886
2023,242,17,44.351111111111116
2023,242,18,42.10888888888889
2023,242,19,37.74777777777778
2023,242,20,33.58222222222222
2023,242,21,33.07944444444445
2023,242,22,35.44888888888889
2023,242,23,34.50666666666667
2023,243,0,33.03666666666666
2023,243,1,32.18055555555556
2023,243,2,31.78277777777778
2023,243,3,30.59
2023,243,4,29.49388888888889
2023,243,5,29.00944444444444
2023,243,6,28.564999999999998
2023,243,7,32.13166666666667
2023,243,8,36.267222222222216
2023,243,9,37.67944444444444
2023,243,10,33.26444444444444
2023,243,11,36.32333333333334
2023,243,12,35.675555555555555
2023,243,13,41.221111111111114
2023,243,14,43.48222222222223
2023,243,15,41.935
2023,243,16,42.00222222222222
2023,243,17,41.09777777777778
2023,243,18,38.82611111111111
2023,243,19,36.54277777777778
2023,243,20,36.52333333333333
2023,243,21,26.842222222222222
2023,243,22,25.774444444444445
2023,243,23,21.86
2023,244,0,22.04611111111111
2023,244,1,24.03277777777778
2023,244,2,24.19388888888889
2023,244,3,24.17833333333333
2023,244,4,24.357222222222223
2023,244,5,24.774444444444445
2023,244,6,24.155
2023,244,7,24.721111111111114
2023,244,8,26.445555555555554
2023,244,9,27.322777777777777
2023,244,10,28.288333333333334
2023,244,11,28.47888888888889
2023,244,12,27.526111111111113
2023,244,13,27.313888888888886
2023,244,14,28.20611111111111
2023,244,15,28.44388888888889
2023,244,16,30.74388888888889
2023,244,17,29.214444444444446
2023,244,18,28.584444444444443
2023,244,19,27.711666666666666
2023,244,20,27.287222222222223
2023,244,21,25.81722222222222
2023,244,22,24.793888888888887
2023,244,23,24.88611111111111
2023,245,0,25.234444444444446
2023,245,1,23.826666666666668
2023,245,2,23.89777777777778
2023,245,3,23.9
2023,245,4,24.349444444444444
2023,245,5,23.95611111111111
2023,245,6,23.401111111111113
2023,245,7,25.706666666666667
2023,245,8,28.382777777777775
2023,245,9,30.925555555555555
2023,245,10,33.138333333333335
2023,245,11,34.74777777777778
2023,245,12,36.04611111111112
2023,245,13,35.336666666666666
2023,245,14,35.56111111111111
2023,245,15,34.32666666666667
2023,245,16,34.46111111111111
2023,245,17,34.45944444444444
2023,245,18,32.42333333333333
2023,245,19,30.901111111111113
2023,245,20,28.900000000000002
2023,245,21,27.898333333333333
2023,245,22,27.573333333333334
2023,245,23,27.198888888888888
2023,246,0,25.918333333333333
2023,246,1,25.399444444444445
2023,246,2,24.707222222222224
2023,246,3,24.749444444444446
2023,246,4,24.525
2023,246,5,23.566666666666666
2023,246,6,22.258333333333333
2023,246,7,25.973888888888887
2023,246,8,29.13666666666667
2023,246,9,32.40611111111111
2023,246,10,34.29555555555556
2023,246,11,36.367222222222225
2023,246,12,37.70333333333333
2023,246,13,37.657222222222224
2023,246,14,38.07555555555555
2023,246,15,38.05833333333333
2023,246,16,37.69222222222223
2023,246,17,37.07666666666667
2023,246,18,35.445
2023,246,19,32.91888888888889
2023,246,20,32.42888888888889
2023,246,21,31.731111111111108
2023,246,22,28.896666666666665
2023,246,23,26.665555555555557
2023,247,0,27.425555555555558
2023,247,1,25.906111111111112
2023,247,2,25.74722222222222
2023,247,3,24.621666666666666
2023,247,4,25.73888888888889
2023,247,5,24.403333333333332
2023,247,6,24.875
2023,247,7,26.42111111111111
2023,247,8,30.183888888888887
2023,247,9,33.312222222222225
2023,247,10,34.419999999999995
2023,247,11,35.91277777777778
2023,247,12,36.82888888888888
2023,247,13,37.44444444444444
2023,247,14,38.416666666666664
2023,247,15,38.28944444444445
2023,247,16,38.10055555555555
2023,247,17,36.85166666666667
2023,247,18,34.842777777777776
2023,247,19,32.614444444444445
2023,247,20,31.703333333333333
2023,247,21,30.602222222222224
2023,247,22,29.172777777777778
2023,247,23,28.987777777777776
2023,248,0,28.590555555555554
2023,248,1,24.90888888888889
2023,248,2,21.805
2023,248,3,20.74
2023,248,4,19.70777777777778
2023,248,5,20.751666666666665
2023,248,6,21.08833333333333
2023,248,7,23.443333333333335
2023,248,8,27.576666666666668
2023,248,9,30.884444444444448
2023,248,10,32.333888888888886
2023,248,11,34.93444444444444
2023,248,12,36.77333333333333
2023,248,13,37.425555555555555
2023,248,14,38.38611111111111
2023,248,15,38.86388888888889
2023,248,16,38.498333333333335
2023,248,17,37.76277777777778
2023,248,18,35.52
2023,248,19,32.06166666666667
2023,248,20,30.779444444444444
2023,248,21,30.583333333333332
2023,248,22,30.181666666666665
2023,248,23,29.767222222222227
2023,249,0,27.436666666666667
2023,249,1,23.31277777777778
2023,249,2,22.204444444444444
2023,249,3,20.003888888888888
2023,249,4,20.283333333333335
2023,249,5,20.31222222222222
2023,249,6,19.733888888888888
2023,249,7,23.841666666666665
2023,249,8,28.47222222222222
2023,249,9,31.935000000000002
2023,249,10,34.446666666666665
2023,249,11,37.28944444444445
2023,249,12,38.599444444444444
2023,249,13,38.98111111111111
2023,249,14,39.75277777777777
2023,249,15,39.82944444444445
2023,249,16,39.29611111111112
2023,249,17,38.69277777777778
2023,249,18,35.74388888888889
2023,249,19,32.42055555555556
2023,249,20,31.685555555555556
2023,249,21,31.287777777777777
2023,249,22,29.506666666666668
2023,249,23,24.528333333333332
2023,250,0,22.846666666666668
2023,250,1,21.405
2023,250,2,20.23
2023,250,3,19.587777777777777
2023,250,4,21.422777777777778
2023,250,5,21.599444444444444
2023,250,6,20.01222222222222
2023,250,7,23.055555555555557
2023,250,8,27.617222222222225
2023,250,9,31.953888888888887
2023,250,10,35.585
2023,250,11,38.35777777777778
2023,250,12,40.095555555555556
2023,250,13,40.51833333333334
2023,250,14,41.44222222222223
2023,250,15,41.236111111111114
2023,250,16,40.865
2023,250,17,39.78388888888889
2023,250,18,37.55277777777778
2023,250,19,34.45166666666667
2023,250,20,33.56666666666667
2023,250,21,28.971666666666668
2023,250,22,32.397777777777776
2023,250,23,29.78277777777778
2023,251,0,26.80333333333333
2023,251,1,25.81277777777778
2023,251,2,24.232222222222223
2023,251,3,25.075555555555557
2023,251,4,25.813333333333333
2023,251,5,26.978333333333335
2023,251,6,25.49277777777778
2023,251,7,25.017777777777777
2023,251,8,31.603333333333335
2023,251,9,35.25333333333333
2023,251,10,37.63666666666667
2023,251,11,40.03722222222222
2023,251,12,40.837777777777774
2023,251,13,41.60388888888889
2023,251,14,42.406666666666666
2023,251,15,42.888333333333335
2023,251,16,42.403888888888886
2023,251,17,40.95388888888888
2023,251,18,38.42888888888889
2023,251,19,36.67111111111112
2023,251,20,36.422222222222224
2023,251,21,33.87777777777777
2023,251,22,32.61333333333333
2023,251,23,31.249444444444446
2023,252,0,29.90277777777778
2023,252,1,31.01611111111111
2023,252,2,29.414444444444445
2023,252,3,26.572777777777777
2023,252,4,24.87777777777778
2023,252,5,23.901111111111113
2023,252,6,24.235
2023,252,7,26.488333333333333
2023,252,8,31.904999999999998
2023,252,9,34.98555555555556
2023,252,10,37.806666666666665
2023,252,11,40.25055555555556
2023,252,12,41.95
2023,252,13,42.77
2023,252,14,43.58555555555555
2023,252,15,43.812222222222225
2023,252,16,43.342777777777776
2023,252,17,42.263888888888886
2023,252,18,39.291111111111114
2023,252,19,35.90111111111111
2023,252,20,35.36388888888889
2023,252,21,34.235
2023,252,22,32.94555555555556
2023,252,23,29.56277777777778
2023,253,0,28.93444444444445
2023,253,1,27.035
2023,253,2,25.955
2023,253,3,27.133888888888887
2023,253,4,25.969444444444445
2023,253,5,25.436666666666667
2023,253,6,25.017777777777777
2023,253,7,27.672222222222224
2023,253,8,29.91222222222222
2023,253,9,34.50888888888889
2023,253,10,38.092777777777776
2023,253,11,40.20611111111111
2023,253,12,41.74333333333333
2023,253,13,42.653888888888886
2023,253,14,43.035555555555554
2023,253,15,41.28
2023,253,16,40.92333333333333
2023,253,17,38.632222222222225
2023,253,18,36.339444444444446
2023,253,19,35.172222222222224
2023,253,20,34.67111111111112
2023,253,21,34.05222222222223
2023,253,22,31.73611111111111
2023,253,23,32.98555555555556
2023,254,0,32.596666666666664
2023,254,1,31.29555555555556
2023,254,2,30.63888888888889
2023,254,3,29.625555555555554
2023,254,4,27.10111111111111
2023,254,5,27.30777777777778
2023,254,6,27.448333333333334
2023,254,7,27.72
2023,254,8,28.098888888888887
2023,254,9,30.561666666666667
2023,254,10,34.11388888888889
2023,254,11,37.44777777777777
2023,254,12,39.724999999999994
2023,254,13,38.89833333333333
2023,254,14,39.720555555555556
2023,254,15,39.74333333333333
2023,254,16,39.0
2023,254,17,37.98722222222222
2023,254,18,35.80111111111111
2023,254,19,34.47388888888889
2023,254,20,34.72555555555555
2023,254,21,33.45555555555555
2023,254,22,31.701666666666668
2023,254,23,30.63555555555556
2023,255,0,31.630000000000003
2023,255,1,31.397222222222222
2023,255,2,31.175555555555555
2023,255,3,30.271666666666665
2023,255,4,28.41111111111111
2023,255,5,26.370555555555555
2023,255,6,26.85388888888889
2023,255,7,26.846111111111114
2023,255,8,28.946666666666665
2023,255,9,29.962222222222223
2023,255,10,29.53055555555555
2023,255,11,31.338333333333335
2023,255,12,34.06166666666667
2023,255,13,34.57277777777777
2023,255,14,35.92166666666667
2023,255,15,36.275555555555556
2023,255,16,33.74055555555556
2023,255,17,31.91388888888889
2023,255,18,31.050555555555555
2023,255,19,29.172777777777778
2023,255,20,28.183888888888887
2023,255,21,22.193333333333335
2023,255,22,23.516111111111112
2023,255,23,24.667777777777776
2023,256,0,22.808333333333334
2023,256,1,23.318333333333335
2023,256,2,23.28277777777778
2023,256,3,23.352777777777778
2023,256,4,22.98888888888889
2023,256,5,23.336666666666666
2023,256,6,23.162222222222223
2023,256,7,21.655
2023,256,8,23.200000000000003
2023,256,9,25.015
2023,256,10,27.656111111111112
2023,256,11,29.650555555555556
2023,256,12,32.01777777777778
2023,256,13,33.650555555555556
2023,256,14,34.961666666666666
2023,256,15,35.36333333333333
2023,256,16,33.61055555555556
2023,256,17,32.025000000000006
2023,256,18,31.39
2023,256,19,30.082222222222224
2023,256,20,29.07944444444444
2023,256,21,27.915555555555557
2023,256,22,27.698888888888888
2023,256,23,26.97722222222222
2023,257,0,26.263333333333335
2023,257,1,25.270555555555557
2023,257,2,25.036666666666665
2023,257,3,23.524444444444445
2023,257,4,23.77611111111111
2023,257,5,23.531666666666666
2023,257,6,23.563888888888886
2023,257,7,23.720555555555556
2023,257,8,26.744999999999997
2023,257,9,28.35388888888889
2023,257,10,30.23833333333333
2023,257,11,31.715555555555554
2023,257,12,34.279444444444444
2023,257,13,34.592777777777776
2023,257,14,35.80888888888889
2023,257,15,35.75944444444444
2023,257,16,35.117222222222225
2023,257,17,33.71166666666667
2023,257,18,31.238888888888894
2023,257,19,30.04222222222222
2023,257,20,28.38222222222222
2023,257,21,24.787777777777777
2023,257,22,23.942777777777778
2023,257,23,23.99111111111111
2023,258,0,21.51
2023,258,1,22.825000000000003
2023,258,2,21.694444444444443
2023,258,3,20.858333333333334
2023,258,4,22.97888888888889
2023,258,5,22.711666666666666
2023,258,6,22.872777777777777
2023,258,7,23.26388888888889
2023,258,8,26.48166666666667
2023,258,9,29.340555555555554
2023,258,10,31.625
2023,258,11,33.26888888888889
2023,258,12,34.82666666666667
2023,258,13,35.92666666666666
2023,258,14,36.95
2023,258,15,37.06444444444444
2023,258,16,36.321666666666665
2023,258,17,34.656666666666666
2023,258,18,31.211666666666662
2023,258,19,27.229444444444443
2023,258,20,25.233888888888888
2023,258,21,24.816111111111113
2023,258,22,23.636666666666667
2023,258,23,23.798333333333332
2023,259,0,22.12222222222222
2023,259,1,23.31888888888889
2023,259,2,20.128333333333334
2023,259,3,19.425555555555555
2023,259,4,19.137222222222224
2023,259,5,19.322777777777777
2023,259,6,20.13611111111111
2023,259,7,22.314444444444447
2023,259,8,26.116666666666667
2023,259,9,29.564999999999998
2023,259,10,31.810555555555556
2023,259,11,33.61055555555556
2023,259,12,35.35277777777778
2023,259,13,36.21055555555555
2023,259,14,37.62777777777777
2023,259,15,37.732777777777784
2023,259,16,37.034444444444446
2023,259,17,34.81333333333333
2023,259,18,30.69888888888889
2023,259,19,27.77777777777778
2023,259,20,26.925555555555555
2023,259,21,26.556666666666665
2023,259,22,30.930555555555557
2023,259,23,30.547777777777778
2023,260,0,29.90888888888889
2023,260,1,28.74888888888889
2023,260,2,26.81222222222222
2023,260,3,25.52
2023,260,4,20.74722222222222
2023,260,5,20.212222222222223
2023,260,6,20.29722222222222
2023,260,7,22.194444444444443
2023,260,8,25.486666666666665
2023,260,9,29.08388888888889
2023,260,10,31.711666666666662
2023,260,11,33.78666666666666
2023,260,12,35.378888888888895
2023,260,13,36.41722222222222
2023,260,14,37.58555555555555
2023,260,15,37.97
2023,260,16,37.56777777777778
2023,260,17,36.285
2023,260,18,32.605555555555554
2023,260,19,30.563333333333333
2023,260,20,30.248333333333335
2023,260,21,28.637222222222224
2023,260,22,28.928888888888892
2023,260,23,28.64833333333333
2023,261,0,24.939444444444447
2023,261,1,24.406111111111112
2023,261,2,26.850555555555555
2023,261,3,22.58555555555556
2023,261,4,19.90222222222222
2023,261,5,20.380555555555556
2023,261,6,20.168333333333333
2023,261,7,21.325000000000003
2023,261,8,25.03222222222222
2023,261,9,28.08388888888889
2023,261,10,30.459999999999997
2023,261,11,32.20611111111111
2023,261,12,34.14277777777778
2023,261,13,34.66222222222222
2023,261,14,35.742222222222225
2023,261,15,35.80777777777777
2023,261,16,35.15555555555555
2023,261,17,33.75
2023,261,18,31.248333333333335
2023,261,19,29.26777777777778
2023,261,20,28.202222222222222
2023,261,21,27.28277777777778
2023,261,22,24.746666666666666
2023,261,23,23.305
2023,262,0,20.927777777777777
2023,262,1,20.26388888888889
2023,262,2,19.183333333333334
2023,262,3,20.221666666666668
2023,262,4,18.561111111111114
2023,262,5,18.18777777777778
2023,262,6,18.22277777777778
2023,262,7,19.973333333333333
2023,262,8,23.62222222222222
2023,262,9,26.749444444444446
2023,262,10,29.099999999999998
2023,262,11,30.94888888888889
2023,262,12,32.492222222222225
2023,262,13,33.190555555555555
2023,262,14,34.32833333333333
2023,262,15,34.43388888888889
2023,262,16,33.98888888888889
2023,262,17,32.501666666666665
2023,262,18,28.879444444444445
2023,262,19,26.296666666666667
2023,262,20,26.655555555555555
2023,262,21,26.858333333333334
2023,262,22,23.70611111111111
2023,262,23,19.563333333333333
2023,263,0,18.88888888888889
2023,263,1,19.34277777777778
2023,263,2,17.43
2023,263,3,19.100555555555555
2023,263,4,20.483333333333334
2023,263,5,20.649444444444445
2023,263,6,20.814444444444447
2023,263,7,18.992222222222225
2023,263,8,19.666666666666668
2023,263,9,21.575555555555557
2023,263,10,22.96611111111111
2023,263,11,28.56888888888889
2023,263,12,31.254444444444445
2023,263,13,32.84444444444445
2023,263,14,34.10111111111111
2023,263,15,35.17111111111112
2023,263,16,34.69388888888889
2023,263,17,32.09
2023,263,18,31.930555555555557
2023,263,19,30.231666666666666
2023,263,20,28.89611111111111
2023,263,21,24.936666666666667
2023,263,22,25.148333333333333
2023,263,23,20.950555555555557
2023,264,0,21.00277777777778
2023,264,1,21.33888888888889
2023,264,2,19.26111111111111
2023,264,3,19.047222222222224
2023,264,4,17.36111111111111
2023,264,5,16.07111111111111
2023,264,6,16.718888888888888
2023,264,7,17.89888888888889
2023,264,8,21.70888888888889
2023,264,9,25.33388888888889
2023,264,10,28.086666666666666
2023,264,11,30.41611111111111
2023,264,12,31.973333333333333
2023,264,13,32.333888888888886
2023,264,14,33.78277777777778
2023,264,15,33.678333333333335
2023,264,16,32.04777777777778
2023,264,17,31.31888888888889
2023,264,18,29.349999999999998
2023,264,19,29.421111111111113
2023,264,20,29.077222222222222
2023,264,21,25.096111111111114
2023,264,22,22.894444444444446
2023,264,23,23.339444444444446
2023,265,0,24.296666666666667
2023,265,1,20.948888888888888
2023,265,2,19.321111111111108
2023,265,3,20.221666666666668
2023,265,4,19.958333333333332
2023,265,5,17.801666666666666
2023,265,6,18.645555555555557
2023,265,7,18.345
2023,265,8,20.03611111111111
2023,265,9,24.841666666666665
2023,265,10,27.50166666666667
2023,265,11,30.609444444444446
2023,265,12,30.645555555555557
2023,265,13,32.55555555555556
2023,265,14,33.79777777777778
2023,265,15,33.46944444444445
2023,265,16,31.020555555555557
2023,265,17,30.64833333333333
2023,265,18,29.723888888888887
2023,265,19,29.21111111111111
2023,265,20,27.220555555555553
2023,265,21,25.785555555555554
2023,265,22,26.613333333333333
2023,265,23,22.208333333333332
2023,266,0,20.871111111111112
2023,266,1,20.215
2023,266,2,19.000555555555554
2023,266,3,19.662777777777777
2023,266,4,20.52777777777778
2023,266,5,19.99888888888889
2023,266,6,20.801666666666666
2023,266,7,19.62611111111111
2023,266,8,21.28666666666667
2023,266,9,23.463333333333335
2023,266,10,24.933888888888887
2023,266,11,27.471111111111114
2023,266,12,27.799444444444443
2023,266,13,28.860555555555557
2023,266,14,32.86833333333333
2023,266,15,30.762777777777778
2023,266,16,30.194444444444443
2023,266,17,30.966666666666665
2023,266,18,28.01388888888889
2023,266,19,23.908333333333335
2023,266,20,22.387777777777778
2023,266,21,21.502222222222223
2023,266,22,21.53222222222222
2023,266,23,21.404444444444444
2023,267,0,20.365
2023,267,1,20.174444444444443
2023,267,2,19.39888888888889
2023,267,3,17.563333333333333
2023,267,4,17.123333333333335
2023,267,5,16.94666666666667
2023,267,6,16.801111111111112
2023,267,7,19.077222222222222
2023,267,8,22.865555555555556
2023,267,9,26.92111111111111
2023,267,10,29.064444444444444
2023,267,11,30.962222222222223
2023,267,12,32.446666666666665
2023,267,13,32.845555555555556
2023,267,14,34.23444444444445
2023,267,15,33.87722222222222
2023,267,16,33.029444444444444
2023,267,17,31.574444444444445
2023,267,18,27.956666666666667
2023,267,19,26.100555555555555
2023,267,20,23.447222222222223
2023,267,21,22.844444444444445
2023,267,22,22.28222222222222
2023,267,23,21.148333333333333
2023,268,0,20.089444444444446
2023,268,1,18.871111111111112
2023,268,2,20.375555555555554
2023,268,3,19.325555555555557
2023,268,4,20.06
2023,268,5,18.226666666666667
2023,268,6,17.491666666666667
2023,268,7,19.002222222222223
2023,268,8,23.000555555555554
2023,268,9,27.15
2023,268,10,29.099999999999998
2023,268,11,31.369999999999997
2023,268,12,33.16722222222222
2023,268,13,34.215555555555554
2023,268,14,35.702777777777776
2023,268,15,35.669999999999995
2023,268,16,34.900555555555556
2023,268,17,33.242222222222225
2023,268,18,29.29444444444444
2023,268,19,26.253888888888888
2023,268,20,24.69388888888889
2023,268,21,23.60111111111111
2023,268,22,23.16111111111111
2023,268,23,21.753888888888888
2023,269,0,20.691111111111113
2023,269,1,19.346666666666668
2023,269,2,18.61277777777778
2023,269,3,17.815
2023,269,4,17.765555555555554
2023,269,5,16.845
2023,269,6,16.17111111111111
2023,269,7,18.630555555555556
2023,269,8,22.75277777777778
2023,269,9,27.0275
